{
  "train_seasons": [
    2018,
    2019,
    2020,
    2021,
    2022,
    2023
  ],
  "test_season": 2024,
  "n_train_games": 1640,
  "n_test_games": 285,
  "accuracy": 0.712280701754386,
  "log_loss": 0.5958771431174726
}