{
  "train_seasons": [
    2018,
    2019,
    2020,
    2021,
    2022,
    2023
  ],
  "test_season": 2024,
  "n_train_games": 1640,
  "n_test_games": 285,
  "accuracy": 0.7087719298245614,
  "log_loss": 0.590812697538967,
  "ablation_results": {
    "full_model": {
      "feature_count": 28,
      "accuracy": 0.7087719298245614,
      "log_loss": 0.590812697538967
    },
    "no_market_features": {
      "feature_count": 25,
      "accuracy": 0.6596491228070176,
      "log_loss": 0.6331438659409694
    },
    "market_only": {
      "feature_count": 6,
      "accuracy": 0.6912280701754386,
      "log_loss": 0.5941533829015777
    }
  }
}