game_id,season,week,home_team,away_team,home_win,is_played,home_field,rest_diff,div_game,spread_line,home_moneyline,away_moneyline,mkt_home_prob,has_market,spread_line_clean,has_spread,home_elo,away_elo,elo_diff,elo_prob,match_season_pass_off_vs_def,match_season_rush_off_vs_def,match_season_success_off_vs_def,match_season_sack_pressure,match_season_qb_vs_def,match_last3_pass_off_vs_def,match_last3_rush_off_vs_def,match_last3_success_off_vs_def,match_last3_sack_pressure,match_last3_qb_vs_def,diff_season_points_pg,diff_season_points_allowed_pg,diff_season_point_diff_pg,diff_season_win_pct,diff_season_turnover_diff_pg,diff_season_ypp_off,diff_season_ypp_def,diff_season_epa_per_play,diff_season_epa_per_play_allowed,diff_season_success_rate,diff_season_success_rate_allowed,diff_season_pass_epa_per_play,diff_season_rush_epa_per_play,diff_season_sack_rate_allowed,diff_season_def_sack_rate,diff_season_qb_epa_per_play,diff_season_cpoe,diff_season_pass_oe,diff_last3_points_pg,diff_last3_points_allowed_pg,diff_last3_point_diff_pg,diff_last3_win_pct,diff_last3_turnover_diff_pg,diff_last3_ypp_off,diff_last3_ypp_def,diff_last3_epa_per_play,diff_last3_epa_per_play_allowed,diff_last3_success_rate,diff_last3_success_rate_allowed,diff_last3_pass_epa_per_play,diff_last3_rush_epa_per_play,diff_last3_sack_rate_allowed,diff_last3_def_sack_rate,diff_last3_qb_epa_per_play,diff_last3_cpoe,diff_last3_pass_oe,home_win_probability,away_win_probability,predicted_home_win,predicted_winner,actual_winner,correct,explanation_summary,explanation_factors,model_feature_set,training_games,training_max_week_in_test_season
2025_01_ARI_NO,2025,1,NO,ARI,0.0,True,1,0,0,-6.0,220.0,-270.0,0.299837925445705,1,-6.0,1,1418.718614281794,1463.8291421002566,-45.110527818462515,0.5142282520974673,0.1827812490908532,-0.0408302245900051,0.0318108864962974,-0.0220355107177969,0.1689800692476585,-0.2717267888507803,-0.2278559639605755,-0.0875765933609172,0.028080852108312,-0.3857336597488455,4.471678761490082,-0.9130237058538953,5.384702467343977,0.1192743105950653,0.2393130140299951,0.6173485852394158,0.2127166153733393,0.1093226041226255,0.0186565604927537,0.0430074381953772,-0.00556954181908,0.1474328251520658,0.0509034432494887,-0.0186110217094591,-0.0037310652116416,0.1886319527704635,2.328836761278605,0.6157691700858857,-19.0,4.333333333333336,-23.333333333333332,-0.3333333333333333,-0.3333333333333333,-1.320620490019611,0.2542970466477028,-0.3422197123082444,0.1230007284739809,-0.1527615325019981,0.0140493738798996,-0.3889002460399222,-0.2449591866440929,0.0237950341074003,-0.027203191333626,-0.5633233353446243,-6.210363798950496,-2.3229722194504108,0.333035248753471,0.666964751246529,0,ARI,ARI,1,ARI was projected ahead because the strongest inputs for this specific matchup were: Closing spread -6.0 favored ARI; Market win probability 30.0% favored ARI; Season offensive EPA +0.109 favored NO.,"[{""feature"": ""spread_line_clean"", ""label"": ""Closing spread"", ""value"": ""-6.0"", ""direction"": ""ARI"", ""impact"": 0.5710105615390043}, {""feature"": ""mkt_home_prob"", ""label"": ""Market win probability"", ""value"": ""30.0%"", ""direction"": ""ARI"", ""impact"": 0.4132364660752257}, {""feature"": ""diff_season_epa_per_play"", ""label"": ""Season offensive EPA"", ""value"": ""+0.109"", ""direction"": ""NO"", ""impact"": 0.06823550396798711}]",market_elo_form,5127,0
2025_01_BAL_BUF,2025,1,BUF,BAL,1.0,True,1,0,0,-1.5,110.0,-130.0,0.4572564612326044,1,-1.5,1,1632.6817124258637,1636.979969526189,-4.2982571003253724,0.5724520898555575,0.1219962999469703,0.0008057132063098,0.0257382155332654,-0.0055280925179287,0.083561638480962,0.3162584898012183,0.1801935712261092,0.1154976725793887,-0.017309175203912,0.4747998233975609,-1.3917375319244485,2.696949285734334,-4.08868681765878,-0.0924756532233168,-0.1079116499677247,-0.0252078047356869,0.2622396614387643,-0.0211897162130602,0.0508526559722455,-7.145675833636345e-05,0.0254569275844823,-0.0391167357738008,-0.0071946941699944,0.0027727119250056,-0.0049811612774964,-0.0579114039805945,-0.0552406957940531,1.4131614795819742,-0.3333333333333321,4.333333333333332,-4.666666666666667,0.0,0.6666666666666666,-1.1224873851036303,1.1915913211633082,0.0114505318639587,0.1434125220006709,0.0199068563755182,0.1140440990321534,0.0236485774739411,-0.0683273352617121,0.0187032799389778,-0.0064886456190804,-0.0716728567159828,1.9613709605367968,1.6627823817918692,0.47425530939452126,0.5257446906054788,0,BAL,BUF,0,BAL was projected ahead because the strongest inputs for this specific matchup were: Closing spread -1.5 favored BAL; Market win probability 45.7% favored BAL; Recent defensive EPA allowed +0.143 favored BAL.,"[{""feature"": ""spread_line_clean"", ""label"": ""Closing spread"", ""value"": ""-1.5"", ""direction"": ""BAL"", ""impact"": 0.2583954393780196}, {""feature"": ""mkt_home_prob"", ""label"": ""Market win probability"", ""value"": ""45.7%"", ""direction"": ""BAL"", ""impact"": 0.1692130585481598}, {""feature"": ""diff_last3_epa_per_play_allowed"", ""label"": ""Recent defensive EPA allowed"", ""value"": ""+0.143"", ""direction"": ""BAL"", ""impact"": 0.0384112853937902}]",market_elo_form,5127,0
2025_01_CAR_JAX,2025,1,JAX,CAR,1.0,True,1,0,0,4.5,-205.0,170.0,0.644729178800233,1,4.5,1,1413.3970313215475,1383.8976027600118,29.49942856153575,0.6192621979354095,0.0049810681083963,-0.0978000548900592,-0.0169976164120709,0.0021219687824468,-0.0473135740356108,-0.1955941500798026,-0.4007351019447789,-0.1769971880014885,0.000721681209486,-0.3096743413012165,-1.2825095439019485,0.6386176411492883,-1.9211271850512357,-0.0874824191279887,-0.1034860357645167,-0.0837711741975608,0.1571654372260766,-0.0179734494055013,0.033574412086293,-0.0054040924059183,0.0036945256138301,-0.0098768401370226,-0.0368329848293604,-0.000263341285089,-0.0078573677969522,-0.0306657682659008,-0.1579802128781557,1.7316474204889134,-12.333333333333332,-19.333333333333332,7.0,-0.3333333333333333,-1.3333333333333333,-0.7063842684004582,-1.5714530293364932,-0.217735671011812,-0.2812441662035861,-0.0471762956805961,-0.1070894886783367,-0.2003278174853839,-0.1376767084290907,-0.0254292004292004,0.013673423016797,-0.3755660514581819,-4.173783999547273,-8.398607631547911,0.604776104334129,0.395223895665871,1,JAX,JAX,1,JAX was projected ahead because the strongest inputs for this specific matchup were: Closing spread +4.5 favored JAX; Market win probability 64.5% favored JAX; Recent defensive EPA allowed -0.281 favored JAX.,"[{""feature"": ""spread_line_clean"", ""label"": ""Closing spread"", ""value"": ""+4.5"", ""direction"": ""JAX"", ""impact"": 0.1584247235032934}, {""feature"": ""mkt_home_prob"", ""label"": ""Market win probability"", ""value"": ""64.5%"", ""direction"": ""JAX"", ""impact"": 0.12139904205695302}, {""feature"": ""diff_last3_epa_per_play_allowed"", ""label"": ""Recent defensive EPA allowed"", ""value"": ""-0.281"", ""direction"": ""JAX"", ""impact"": 0.07410838152687191}]",market_elo_form,5127,0
2025_01_CIN_CLE,2025,1,CLE,CIN,0.0,True,1,0,1,-5.5,195.0,-238.0,0.3249687530045188,1,-5.5,1,1394.381107949332,1543.4930245448372,-149.11191659550514,0.3677801769372851,-0.0447341333149303,-0.1075823385095286,-0.035422131341011,0.0119504511633224,-0.1017682065259365,-0.3049621467107687,-0.1359960373442698,-0.0608151183970855,-0.0283093140235997,-0.438895010126223,-3.290976688102891,1.5128315916398734,-4.803808279742765,-0.1435389871382636,-0.3501909163987138,-0.172839141903105,-0.0545656918477561,-0.0648501533988247,0.0186695941343507,-0.0318149058388855,-0.002559925890293,-0.1090369431911296,-0.0031736325420399,0.0046590213057459,0.0032708246969583,-0.1101921244054975,-2.001393126993016,-2.6221486887125964,-18.0,10.666666666666666,-28.666666666666664,-1.0,-2.3333333333333335,-1.2986909642082058,1.2323227089055244,-0.389019100676918,0.0845150673285809,-0.1881040319833423,0.0396942859916291,-0.5136002952472162,-0.1548399665838173,-0.0394303099721818,-0.0165598695010459,-0.6527169284387168,-12.615509707327544,-16.85711950157576,0.26716491857949376,0.7328350814205062,0,CIN,CIN,1,CIN was projected ahead because the strongest inputs for this specific matchup were: Closing spread -5.5 favored CIN; Market win probability 32.5% favored CIN; Recent win rate -100.0% favored CIN.,"[{""feature"": ""spread_line_clean"", ""label"": ""Closing spread"", ""value"": ""-5.5"", ""direction"": ""CIN"", ""impact"": 0.5362755479655615}, {""feature"": ""mkt_home_prob"", ""label"": ""Market win probability"", ""value"": ""32.5%"", ""direction"": ""CIN"", ""impact"": 0.37427974383014945}, {""feature"": ""diff_last3_win_pct"", ""label"": ""Recent win rate"", ""value"": ""-100.0%"", ""direction"": ""CIN"", ""impact"": 0.18352738506594593}]",market_elo_form,5127,0
2025_01_DAL_PHI,2025,1,PHI,DAL,1.0,True,1,0,1,8.5,-425.0,330.0,0.7768331562167907,1,8.5,1,1671.0008129057946,1469.3162981360672,201.68451476972743,0.8142090211024877,0.1092391474311922,-0.0470151487916257,0.0101092972227089,-0.0035173606643218,0.1021300768895012,0.234886871629024,-0.0619791243159175,-0.0529232915161822,0.0448387096774193,0.2620814090475498,0.1071519326876924,-0.3630648182134735,0.4702167509011681,0.0101551985393079,0.0103340203856904,-0.0652644706683158,-0.1560551864434103,-0.0027199202470493,-0.021430938860241,-0.006304357752379,-0.0136450387023973,-0.0260180980470193,0.0078217586112354,0.0064769264962363,0.0011088807316623,-0.0149963496516229,-0.3634510449164513,1.6830843090935723,23.666666666666668,-7.0,30.666666666666668,0.6666666666666667,1.6666666666666663,0.7058976551045317,-0.3873074638872857,0.2821300476495425,-0.2987515930018627,0.0560963004518226,-0.0814285229380804,0.3938157243000031,0.3123384509624367,0.0834754108947657,0.0183524904214559,0.5751509968512425,4.458802573626334,-0.8084269764794225,0.7525301909378235,0.24746980906217653,1,PHI,PHI,1,PHI was projected ahead because the strongest inputs for this specific matchup were: Closing spread +8.5 favored PHI; Market win probability 77.7% favored PHI; Recent win rate +66.7% favored PHI.,"[{""feature"": ""spread_line_clean"", ""label"": ""Closing spread"", ""value"": ""+8.5"", ""direction"": ""PHI"", ""impact"": 0.43630483209083537}, {""feature"": ""mkt_home_prob"", ""label"": ""Market win probability"", ""value"": ""77.7%"", ""direction"": ""PHI"", ""impact"": 0.3261809157792835}, {""feature"": ""diff_last3_win_pct"", ""label"": ""Recent win rate"", ""value"": ""+66.7%"", ""direction"": ""PHI"", ""impact"": 0.12694376128080725}]",market_elo_form,5127,0
2025_01_DET_GB,2025,1,GB,DET,1.0,True,1,0,1,1.5,-120.0,100.0,0.5217391304347826,1,1.5,1,1571.919271650069,1626.5471424220782,-54.627870772009146,0.5005355368033603,0.153252293486261,-0.1090024644417177,0.0051982320792857,-0.0006503262764527,0.1329182566236084,-0.2150387547950102,-0.1873998852174802,-0.027062110774797,0.0512540149268297,-0.2783991381974496,2.953901720368787,-3.458074327535403,6.411976047904192,0.2070620663435034,0.7395019484839844,0.2668835875950615,-0.2793186868591846,0.0984285452577117,-0.0487043902453128,0.0227898967157402,-0.0155467416806875,0.1304725029736352,0.0663696419138848,-0.0038603483568167,0.0089285388105114,0.1738805200704186,1.8390331540542064,2.502055658180961,-15.0,-5.0,-10.0,-0.6666666666666666,0.3333333333333335,-1.7509009076971989,-1.0882754341215,-0.2299664559783713,-0.1573889236971749,-0.0811742070182418,-0.0741587852055723,-0.2543015806269058,-0.2600498040644707,0.0290031926760074,0.0154515112363949,-0.4314423170368857,-2.982977250687953,-7.858028858679987,0.48039379575564506,0.519606204244355,0,DET,GB,0,DET was projected ahead because the strongest inputs for this specific matchup were: Recent win rate -66.7% favored DET; Market win probability 52.2% favored GB; Division matchup Yes favored DET.,"[{""feature"": ""diff_last3_win_pct"", ""label"": ""Recent win rate"", ""value"": ""-66.7%"", ""direction"": ""DET"", ""impact"": 0.1214331557965953}, {""feature"": ""mkt_home_prob"", ""label"": ""Market win probability"", ""value"": ""52.2%"", ""direction"": ""GB"", ""impact"": 0.06925481292924944}, {""feature"": ""div_game"", ""label"": ""Division matchup"", ""value"": ""Yes"", ""direction"": ""DET"", ""impact"": 0.0622286633016482}]",market_elo_form,5127,0
2025_01_HOU_LA,2025,1,LA,HOU,1.0,True,1,0,0,3.5,-166.0,140.0,0.5996387718242023,1,3.5,1,1545.3520701322643,1527.8473615414248,17.504708590839527,0.6028538993255896,0.0908611055597714,-0.0791051856769919,0.0161942731468698,-0.0038544104196966,0.0516434399805599,0.2904671137573713,-0.0015799249089503,0.0707975664008004,-0.0127395083820096,0.1902290955193368,2.161490683229814,-0.9534161490683246,3.1149068322981366,0.1055900621118012,0.1863354037267081,0.1782800619511606,-0.1106170545511515,0.034212220235691,-0.0257691224711415,0.0215162945258535,-0.0054176396408566,0.030534745004944,0.0324507278265457,-0.0069741516577779,0.0098002229507677,0.0576888225931457,-0.7561022646022619,1.1213783519861686,1.666666666666668,6.0,-4.333333333333334,-0.3333333333333333,-0.6666666666666666,0.0672115326290123,0.3708888352638348,-0.0207575473951895,0.1938292938922403,-0.0226372737188224,0.0933301158301159,0.073504587974102,-0.2582544421642104,-0.0237318176433984,0.0680230515145126,-0.1411320104363367,-1.377072021759198,2.4942781995953913,0.613712270124018,0.38628772987598203,1,LA,LA,1,LA was projected ahead because the strongest inputs for this specific matchup were: Closing spread +3.5 favored LA; Recent win rate -33.3% favored HOU; Recent defensive EPA allowed +0.194 favored HOU.,"[{""feature"": ""spread_line_clean"", ""label"": ""Closing spread"", ""value"": ""+3.5"", ""direction"": ""LA"", ""impact"": 0.0889546963564079}, {""feature"": ""diff_last3_win_pct"", ""label"": ""Recent win rate"", ""value"": ""-33.3%"", ""direction"": ""HOU"", ""impact"": 0.05933892652724467}, {""feature"": ""diff_last3_epa_per_play_allowed"", ""label"": ""Recent defensive EPA allowed"", ""value"": ""+0.194"", ""direction"": ""HOU"", ""impact"": 0.05177002561390366}]",market_elo_form,5127,0
2025_01_KC_LAC,2025,1,LAC,KC,1.0,True,1,0,1,-3.0,145.0,-175.0,0.3907637655417407,1,-3.0,1,1524.9694997665156,1628.3761014044503,-103.40660163793471,0.4307845818139414,0.1364579363241756,-0.1230429039202013,0.0092173272524993,-0.0057316217019838,0.0917737586710478,0.0842950723342825,-0.1582663197856411,0.0354791942224938,-0.0589977654162506,0.056199494074471,0.0731792717086818,0.777485994397761,-0.7043067226890756,-0.0849089635854342,0.0213585434173669,0.0787648879099345,0.0133913414892203,-4.700767868270894e-05,-0.0063773424516782,0.0028720242462969,0.0043940660425046,0.0253265491624847,-0.0389250531752827,-0.0053346347984873,0.0042229528072193,0.011889743634014,0.0955906898715053,-1.5448679654481807,3.0,-8.0,11.0,0.0,0.3333333333333333,0.3140882034632035,0.0135088250510158,0.0497594171386675,-0.2925733479384163,0.0197213203463205,-0.0339347112291476,0.050004954549074,0.0390789920195545,-0.049941161146594,-0.0387616662327829,0.0939062936314204,-1.9432645912778064,-9.536661319866036,0.3586686912160455,0.6413313087839545,0,KC,LAC,0,KC was projected ahead because the strongest inputs for this specific matchup were: Closing spread -3.0 favored KC; Market win probability 39.1% favored KC; Recent defensive EPA allowed -0.293 favored LAC.,"[{""feature"": ""spread_line_clean"", ""label"": ""Closing spread"", ""value"": ""-3.0"", ""direction"": ""KC"", ""impact"": 0.36260048009834783}, {""feature"": ""mkt_home_prob"", ""label"": ""Market win probability"", ""value"": ""39.1%"", ""direction"": ""KC"", ""impact"": 0.27228716031791556}, {""feature"": ""diff_last3_epa_per_play_allowed"", ""label"": ""Recent defensive EPA allowed"", ""value"": ""-0.293"", ""direction"": ""LAC"", ""impact"": 0.0771102317053709}]",market_elo_form,5127,0
2025_01_LV_NE,2025,1,NE,LV,0.0,True,1,0,0,2.5,-155.0,130.0,0.5829926410466066,1,2.5,1,1404.075061267726,1407.6859028131162,-3.610841545390258,0.5734203095788515,0.1195107924353494,-0.0791046810560475,0.0169465217333429,-0.0002349420579135,0.1204374020684386,0.1582196686347989,-0.3867431196779782,0.018665656013364,0.0183204222677906,-0.1432179960777446,4.843414888079124,-5.407044941870552,10.25045982994968,0.2460871074093354,0.8969286829776159,0.2043225837781177,-0.1296547298642894,0.1095123135466469,-0.0683597765467775,0.0293456600122278,-0.0184654483531924,0.1132337263754803,0.1312375369902646,-0.0059624041835576,0.0094729787205388,0.1896553366987078,0.9990785992704548,2.628685457844231,-4.333333333333332,7.333333333333336,-11.666666666666666,-0.3333333333333333,-1.6666666666666663,-0.6123649467311854,-0.2157479484542808,-0.1193342997765048,0.1527850407309799,-0.0190138803006623,0.0645978142172977,-0.0064637672421077,-0.3070870471443596,0.042039442039442,-0.039047373335299,-0.2072406793175276,3.7900212054763607,-2.728860754498629,0.5948947690947229,0.40510523090527706,1,NE,LV,0,NE was projected ahead because the strongest inputs for this specific matchup were: Season offensive EPA +0.110 favored NE; Recent win rate -33.3% favored LV; Recent defensive EPA allowed +0.153 favored LV.,"[{""feature"": ""diff_season_epa_per_play"", ""label"": ""Season offensive EPA"", ""value"": ""+0.110"", ""direction"": ""NE"", ""impact"": 0.0683547979731397}, {""feature"": ""diff_last3_win_pct"", ""label"": ""Recent win rate"", ""value"": ""-33.3%"", ""direction"": ""LV"", ""impact"": 0.05933892652724467}, {""feature"": ""diff_last3_epa_per_play_allowed"", ""label"": ""Recent defensive EPA allowed"", ""value"": ""+0.153"", ""direction"": ""LV"", ""impact"": 0.040894686020780405}]",market_elo_form,5127,0
2025_01_MIA_IND,2025,1,IND,MIA,1.0,True,1,0,0,1.5,-112.0,-108.0,0.5043297540699688,1,1.5,1,1450.6147514446986,1495.9444464754934,-45.32969503079471,0.5139130949174002,0.093012622653146,-0.1002939796644726,0.0189513139545987,-0.0162236845819838,0.063201837009646,0.1934685329458523,0.1675813307661564,0.0701867576867576,0.0087955065489301,0.4687903821016936,3.0,-0.0968301576099754,3.0968301576099737,0.1075629263702658,0.0882145377558222,0.2181620079038939,0.0367869108045209,0.0596736809311547,-0.0084869617974534,0.0216732173956488,0.017921324944942,0.0666715676516962,0.0414333086111214,-0.0189687434870945,-0.0050101684106581,0.1072908329917754,-0.4625758633600769,0.5314180462481122,9.333333333333336,15.333333333333332,-6.0,0.0,0.3333333333333333,1.015849048212063,0.6200861979550538,0.1564083074218653,0.1958532111269912,0.0552368103737966,0.0139020132872595,0.0677776390542976,0.2925211864566354,-0.0036679636876494,-0.0270024662881805,0.431367354575103,-4.332661248028358,-11.939044767008845,0.5588853757256385,0.44111462427436154,1,IND,IND,1,IND was projected ahead because the strongest inputs for this specific matchup were: Market win probability 50.4% favored IND; Recent defensive EPA allowed +0.196 favored MIA; Closing spread +1.5 favored IND.,"[{""feature"": ""mkt_home_prob"", ""label"": ""Market win probability"", ""value"": ""50.4%"", ""direction"": ""IND"", ""impact"": 0.09624207540267266}, {""feature"": ""diff_last3_epa_per_play_allowed"", ""label"": ""Recent defensive EPA allowed"", ""value"": ""+0.196"", ""direction"": ""MIA"", ""impact"": 0.052306295262904506}, {""feature"": ""spread_line_clean"", ""label"": ""Closing spread"", ""value"": ""+1.5"", ""direction"": ""IND"", ""impact"": 0.04998535793736309}]",market_elo_form,5127,0
2025_01_MIN_CHI,2025,1,CHI,MIN,0.0,True,1,0,1,-1.5,-108.0,-112.0,0.4956702459300312,1,-1.5,1,1421.2439683899315,1562.4157660176368,-141.17179762770525,0.378470618413065,0.0231731029299283,-0.0764137178661545,-0.0185919912687582,0.0070304615862755,-0.0486361428291423,-0.0592493824220403,-0.3618339997678375,-0.0885838434151042,0.0157053756956108,-0.1841686290976552,-1.6297258297258317,0.1151216599492457,-1.744847489675076,-0.0726377071204657,-0.0322038115141563,-0.3317599220286373,0.0974116232401751,-0.0445922713970861,0.0179736043740999,-0.0149001891164485,-0.0021103408934859,-0.0746770778462061,-0.0123057076028343,0.0044235241188968,-0.0057058717824469,-0.0913917310190908,-0.8074402256347326,0.4154651060660976,-0.3333333333333339,-7.0,6.666666666666666,0.0,-1.3333333333333337,-0.5591097833306153,0.8465405291190544,0.0173095354330992,0.0227351363482564,-0.0530621906234382,0.0233901277516824,0.1489603883089855,-0.3407327642353361,0.0050988272594477,0.0096905010698114,0.0494293238868093,4.400710429778874,-5.844935593935704,0.42490133711220057,0.5750986628877994,0,MIN,MIN,1,MIN was projected ahead because the strongest inputs for this specific matchup were: Closing spread -1.5 favored MIN; Market win probability 49.6% favored MIN; Elo rating edge -141 Elo favored MIN.,"[{""feature"": ""spread_line_clean"", ""label"": ""Closing spread"", ""value"": ""-1.5"", ""direction"": ""MIN"", ""impact"": 0.2583954393780196}, {""feature"": ""mkt_home_prob"", ""label"": ""Market win probability"", ""value"": ""49.6%"", ""direction"": ""MIN"", ""impact"": 0.10966567049109685}, {""feature"": ""elo_diff"", ""label"": ""Elo rating edge"", ""value"": ""-141 Elo"", ""direction"": ""MIN"", ""impact"": 0.0887258922173991}]",market_elo_form,5127,0
2025_01_NYG_WAS,2025,1,WAS,NYG,1.0,True,1,0,1,6.0,-298.0,240.0,0.7179705215419501,1,6.0,1,1559.9295101654654,1383.4200529432044,176.50945722226106,0.7912828598451482,0.0318087234815421,-0.1132225144199527,-0.0073270561571338,0.0075885442160723,-0.022768559479451,0.224734738810604,-0.1994903406360376,-0.0191474440749805,-0.0061893259269401,0.2447716631797258,-0.7811303960836646,0.5667408396380367,-1.347871235721703,-0.0453641892894229,-0.0813529149977748,-0.0076088857054301,0.081096988829123,-0.0047086267044398,0.019237133829658,-0.0043540922569311,0.0051369628699277,0.0093742941239101,-0.0091185202160358,0.0077152635572232,0.0023739184774822,0.0039741275334726,0.4654224244697467,-0.6276623164925771,8.666666666666664,6.333333333333336,2.333333333333333,0.3333333333333333,0.6666666666666666,0.2403032025912139,1.490872797504144,0.2341232208610265,0.117286985976459,0.0673430946895859,0.0690402714516706,0.1815337291890925,0.1005134032681745,0.0017651888341543,0.0197379673656484,0.4362424210119978,0.870584911493721,6.649655177245577,0.7132369519922844,0.28676304800771557,1,WAS,WAS,1,WAS was projected ahead because the strongest inputs for this specific matchup were: Closing spread +6.0 favored WAS; Market win probability 71.8% favored WAS; Elo rating edge +177 Elo favored WAS.,"[{""feature"": ""spread_line_clean"", ""label"": ""Closing spread"", ""value"": ""+6.0"", ""direction"": ""WAS"", ""impact"": 0.26262976422362166}, {""feature"": ""mkt_home_prob"", ""label"": ""Market win probability"", ""value"": ""71.8%"", ""direction"": ""WAS"", ""impact"": 0.23493460467891797}, {""feature"": ""elo_diff"", ""label"": ""Elo rating edge"", ""value"": ""+177 Elo"", ""direction"": ""WAS"", ""impact"": 0.10772474339068773}]",market_elo_form,5127,0
2025_01_PIT_NYJ,2025,1,NYJ,PIT,0.0,True,1,0,0,-3.0,130.0,-155.0,0.4170073589533933,1,-3.0,1,1450.545239686918,1520.5113225058865,-69.96608281896852,0.4784753870332752,0.0104671000732674,-0.0691256976787732,-0.0066879708729609,-0.0022352674512388,-0.0526958478058838,-0.2318745620083944,-0.2894739024491181,-0.0569600873826225,0.0267637917637917,-0.2763125181654554,-3.4945973496432217,2.8565894859472856,-6.3511868355905055,-0.199038881607689,-0.2950633464394931,-0.501132324025817,0.0881729568266314,-0.0918823493381341,0.0319928313964101,-0.0323017723841244,0.0072778994239443,-0.1481266622515658,-0.0008281411820869,0.0081846887815108,-0.0104981213728208,-0.1587003268665295,-2.298821273393585,-3.6721405108538336,4.666666666666666,1.0,3.666666666666666,0.3333333333333333,-0.3333333333333333,0.2862509270828246,-0.673763231452333,-0.0189452181194964,-0.1300602431362202,0.0517040947941183,-0.0252705849727886,-0.0218697364371481,0.008690823198802,-0.0410315035315034,-0.0122222222222222,-0.005046406388443,-0.8534985494617835,4.178023794154089,0.4119643164336635,0.5880356835663365,0,PIT,PIT,1,PIT was projected ahead because the strongest inputs for this specific matchup were: Closing spread -3.0 favored PIT; Market win probability 41.7% favored PIT; Recent win rate +33.3% favored NYJ.,"[{""feature"": ""spread_line_clean"", ""label"": ""Closing spread"", ""value"": ""-3.0"", ""direction"": ""PIT"", ""impact"": 0.36260048009834783}, {""feature"": ""mkt_home_prob"", ""label"": ""Market win probability"", ""value"": ""41.7%"", ""direction"": ""PIT"", ""impact"": 0.23160547656286132}, {""feature"": ""diff_last3_win_pct"", ""label"": ""Recent win rate"", ""value"": ""+33.3%"", ""direction"": ""NYJ"", ""impact"": 0.0648495320114566}]",market_elo_form,5127,0
2025_01_SF_SEA,2025,1,SEA,SF,0.0,True,1,0,1,-2.5,114.0,-135.0,0.448558885283451,1,-2.5,1,1527.5720703487575,1477.4729035937692,50.099166754988346,0.6467992638584928,0.1216347195574425,-0.0814110888725936,0.0036781309426812,0.0111370727319177,0.0638379240932699,-0.2018622144415997,-0.2595602271214691,-0.0589806755827674,0.0544112435416783,-0.1705289875840009,0.9760887185911143,-0.6343674010758242,1.610456119666937,0.0558083413160415,0.1401517942671874,-0.1091997808295159,0.0933687142072976,0.0103528669588248,0.0020745600336854,0.0011987920425748,0.0002971603328994,0.0150017155342653,-0.010866999082757,0.0009500391640327,-0.001477719635206,0.008847242407114,1.9184571840242903,2.0354536426370955,-5.0,-20.333333333333332,15.333333333333332,0.6666666666666666,1.6666666666666667,-0.8154708817752319,-1.525938349015945,-0.0936797481887563,-0.294490972934946,-0.0342899472762173,-0.1186138213109027,-0.1442386980562562,0.0512372982780869,0.0197053592402429,0.0901246211886943,-0.0833316193469825,0.5619298920803462,-5.239442826426614,0.4357118824004578,0.5642881175995422,0,SF,SF,1,SF was projected ahead because the strongest inputs for this specific matchup were: Closing spread -2.5 favored SF; Market win probability 44.9% favored SF; Recent win rate +66.7% favored SEA.,"[{""feature"": ""spread_line_clean"", ""label"": ""Closing spread"", ""value"": ""-2.5"", ""direction"": ""SF"", ""impact"": 0.32786546652490506}, {""feature"": ""mkt_home_prob"", ""label"": ""Market win probability"", ""value"": ""44.9%"", ""direction"": ""SF"", ""impact"": 0.182695664708409}, {""feature"": ""diff_last3_win_pct"", ""label"": ""Recent win rate"", ""value"": ""+66.7%"", ""direction"": ""SEA"", ""impact"": 0.12694376128080723}]",market_elo_form,5127,0
2025_01_TB_ATL,2025,1,ATL,TB,0.0,True,1,0,1,-1.5,-105.0,-115.0,0.4891657638136511,1,-1.5,1,1439.363598896469,1537.5164822926365,-98.15288339616724,0.4382153918811319,0.10988976430894,-0.1182609048847163,0.005286512620922,-0.0008383831614655,0.0612500343529156,0.1514524736651906,0.1622707675818672,0.147363043664624,-0.0448900027847396,0.3079519002410249,0.8967094497348249,-0.1026695057274125,0.9993789554622344,0.0517044222314229,0.1614912955186215,0.1341576285054007,0.1819820804238361,0.0293011635779155,0.0202827004936727,0.0137248142327695,0.0101435841037659,0.0305845136561648,0.0255241529226334,0.0014803642051204,-0.0068851460651289,0.0537373000519643,0.5207448416989737,-2.304755826036208,0.3333333333333321,8.333333333333332,-8.0,-0.3333333333333333,0.6666666666666666,-0.6845802604171478,0.5175963061992466,-0.0680464809493521,0.0193100032229152,0.03313457449918,0.0613231403672581,-0.3749466469333457,0.2813297422491327,-0.0159965130216846,-0.0122354497354497,-0.1503979983606568,-7.935911723065507,-3.617946440426845,0.4340593201485787,0.5659406798514213,0,TB,TB,1,TB was projected ahead because the strongest inputs for this specific matchup were: Closing spread -1.5 favored TB; Market win probability 48.9% favored TB; Division matchup Yes favored TB.,"[{""feature"": ""spread_line_clean"", ""label"": ""Closing spread"", ""value"": ""-1.5"", ""direction"": ""TB"", ""impact"": 0.2583954393780196}, {""feature"": ""mkt_home_prob"", ""label"": ""Market win probability"", ""value"": ""48.9%"", ""direction"": ""TB"", ""impact"": 0.11974863741937908}, {""feature"": ""div_game"", ""label"": ""Division matchup"", ""value"": ""Yes"", ""direction"": ""TB"", ""impact"": 0.0622286633016482}]",market_elo_form,5127,0
2025_01_TEN_DEN,2025,1,DEN,TEN,1.0,True,1,0,0,8.5,-455.0,350.0,0.7867435158501441,1,8.5,1,1550.3658610990242,1370.938492288491,179.42736881053315,0.7940433606381306,0.0553918645403538,-0.1151169570365261,-0.0059988358304693,-0.0016829207374872,-0.0003791305317075,0.1726165137526334,-0.1915829822807535,0.0008139065404974,-0.0196581196581197,0.1457346683421278,1.1436666238145603,-0.3719134123789835,1.5155800361935463,0.0346508707217942,-0.1095299783432057,0.1017776233813023,-0.0883183571742884,0.0168392301366829,-0.0269198724015566,0.0077573295002836,-0.0142614367433477,0.0213871365749833,0.0110653060064101,-0.0106993914097176,0.0062703570826639,0.021106485852677,0.1843748934308278,3.6829836304234593,4.0,-6.666666666666668,10.666666666666666,0.3333333333333333,1.0,0.6952062474199394,-1.1429461442842357,0.1567786638749032,-0.115972041738443,0.0363300722533578,-0.0636176523776877,0.1784079856977277,0.1217669622638966,-0.0159266339232383,0.0723340128137728,0.3491570329022656,4.5515596881613885,7.6056139051147165,0.7752898522237509,0.2247101477762491,1,DEN,DEN,1,DEN was projected ahead because the strongest inputs for this specific matchup were: Closing spread +8.5 favored DEN; Market win probability 78.7% favored DEN; Elo rating edge +179 Elo favored DEN.,"[{""feature"": ""spread_line_clean"", ""label"": ""Closing spread"", ""value"": ""+8.5"", ""direction"": ""DEN"", ""impact"": 0.43630483209083537}, {""feature"": ""mkt_home_prob"", ""label"": ""Market win probability"", ""value"": ""78.7%"", ""direction"": ""DEN"", ""impact"": 0.3415435267669969}, {""feature"": ""elo_diff"", ""label"": ""Elo rating edge"", ""value"": ""+179 Elo"", ""direction"": ""DEN"", ""impact"": 0.10952914820656198}]",market_elo_form,5127,0
2025_02_ATL_MIN,2025,2,MIN,ATL,0.0,True,1,-1,0,3.5,-180.0,150.0,0.6164383561643836,1,3.5,1,1572.5136747254603,1427.4474235106684,145.06625121479215,0.7598165322866259,0.0327863294711133,-0.1283352592177186,-0.0213149117249747,0.0175508369215481,-0.0223732495341588,-0.5678424292589167,-0.1709130332639774,-0.0759717640626165,0.0683686514568867,-0.5751951811933443,-0.1188773510971792,-1.1757739028213194,1.056896551724138,0.0390869905956112,-0.0547413793103447,-0.160910231206401,-0.3566658020170035,-0.0372860544015488,-0.0645699868718191,-0.0166473405579948,-0.017755874902667,-0.0572122227438976,0.0118337644382699,0.0115410558178408,0.0147368180478873,-0.0630369814490276,-0.199877289686668,-0.9706548615328692,-12.333333333333332,-5.0000000000000036,-7.333333333333334,0.3333333333333333,0.0,-1.4722911740603457,-0.1907200037605285,-0.3664259213767538,-0.2361928505702605,-0.1442423387353906,-0.0361151640185493,-0.5362124834631454,0.0342126138271067,0.0791304911241015,0.0138087695325064,-0.620931909169802,-1.6393578014404788,4.473308679558577,0.6241019922343507,0.3758980077656493,1,MIN,ATL,0,MIN was projected ahead because the strongest inputs for this specific matchup were: Closing spread +3.5 favored MIN; Elo rating edge +145 Elo favored MIN; Market win probability 61.6% favored MIN.,"[{""feature"": ""spread_line_clean"", ""label"": ""Closing spread"", ""value"": ""+3.5"", ""direction"": ""MIN"", ""impact"": 0.0896867986152479}, {""feature"": ""elo_diff"", ""label"": ""Elo rating edge"", ""value"": ""+145 Elo"", ""direction"": ""MIN"", ""impact"": 0.08957544657376065}, {""feature"": ""mkt_home_prob"", ""label"": ""Market win probability"", ""value"": ""61.6%"", ""direction"": ""MIN"", ""impact"": 0.07736949228861263}]",market_elo_form,5143,1
2025_02_BUF_NYJ,2025,2,NYJ,BUF,0.0,True,1,0,1,-6.0,235.0,-290.0,0.2864487697392581,1,-6.0,1,1440.103096332992,1638.4752653450173,-198.37216901202532,0.3046362712329469,-0.0165798940982152,-0.0969218309623382,-0.0284335433646301,0.0080394632204076,-0.079346933304449,-0.1654781278670861,-0.2380347486248961,-0.058584147947955,0.0024558774558775,-0.136327697495281,-3.2907657834735424,0.9806392011950642,-4.271404984668606,-0.110405692271405,-0.378036795345546,-0.4026000205784266,-0.0796573869951053,-0.0713330481720034,0.004168233554709,-0.0287245473939407,-0.0146899608100476,-0.0876010637213227,-0.0457944443744068,0.0088095113588217,5.3344660482554374e-05,-0.1120849964995816,-1.422222502061222,-2.265243901056889,-6.333333333333336,-1.0000000000000036,-5.333333333333333,-0.3333333333333333,-1.0,0.1009206606417372,-2.1854695563356232,-0.1603074181422735,-0.1768262428235682,-0.0252891759906117,-0.0714752605412712,-0.1240909398280007,-0.0571277309019042,0.0337990942300629,-0.0025592055003819,-0.2112808220062074,-1.959552187355059,3.7114392846385456,0.25666211291998237,0.7433378870800176,0,BUF,BUF,1,BUF was projected ahead because the strongest inputs for this specific matchup were: Closing spread -6.0 favored BUF; Market win probability 28.6% favored BUF; Elo rating edge -198 Elo favored BUF.,"[{""feature"": ""spread_line_clean"", ""label"": ""Closing spread"", ""value"": ""-6.0"", ""direction"": ""BUF"", ""impact"": 0.573342774715527}, {""feature"": ""mkt_home_prob"", ""label"": ""Market win probability"", ""value"": ""28.6%"", ""direction"": ""BUF"", ""impact"": 0.43181971973788824}, {""feature"": ""elo_diff"", ""label"": ""Elo rating edge"", ""value"": ""-198 Elo"", ""direction"": ""BUF"", ""impact"": 0.1258897055660132}]",market_elo_form,5143,1
2025_02_CAR_ARI,2025,2,ARI,CAR,1.0,True,1,0,0,7.0,-310.0,250.0,0.725752508361204,1,7.0,1,1485.3118633293118,1363.121365327853,122.19049800145876,0.7349707486456075,0.0181144638437428,-0.1091465555717706,-0.0123998263326555,-0.0025333181699193,-0.0368727257312951,-0.0975059676754871,-0.2717011092929694,-0.0636342893098333,0.042355450688784,-0.0787164529610499,1.1192804802072729,0.4691316515530594,0.6501488286542132,0.0223094647112921,-0.0777271243930658,0.0234503585369374,-0.0150203279718388,-0.0155372600974318,-0.0177300799775212,-0.0005691246541126,-0.0012029120458156,0.0042445072708313,-0.0478158214454167,-0.0049899679533305,0.0005235124421839,-0.0190765556288216,0.2508625406951745,3.4036606863155416,2.6666666666666643,-20.666666666666668,23.333333333333332,0.3333333333333333,0.3333333333333333,0.0362795351820812,-1.8984165929855603,0.0605203564374347,-0.3107929268163235,0.0805697705192264,-0.1105053748429429,0.0534472996039871,0.0895675001963859,0.0137840221173554,-0.0057960001762037,0.1071723668005165,1.0737150058749374,3.6173872123869177,0.7174236141852282,0.28257638581477185,1,ARI,ARI,1,ARI was projected ahead because the strongest inputs for this specific matchup were: Closing spread +7.0 favored ARI; Market win probability 72.6% favored ARI; Recent defensive EPA allowed -0.311 favored ARI.,"[{""feature"": ""spread_line_clean"", ""label"": ""Closing spread"", ""value"": ""+7.0"", ""direction"": ""ARI"", ""impact"": 0.3339608519476386}, {""feature"": ""mkt_home_prob"", ""label"": ""Market win probability"", ""value"": ""72.6%"", ""direction"": ""ARI"", ""impact"": 0.24604629092169178}, {""feature"": ""diff_last3_epa_per_play_allowed"", ""label"": ""Recent defensive EPA allowed"", ""value"": ""-0.311"", ""direction"": ""ARI"", ""impact"": 0.07790571271687634}]",market_elo_form,5143,1
2025_02_CHI_DET,2025,2,DET,CHI,1.0,True,1,1,1,6.0,-270.0,220.0,0.7001620745542949,1,6.0,1,1599.500220599352,1411.1460596821078,188.35416091724437,0.8023201885809353,0.0839432204375224,-0.1146082499179763,0.0057931966768677,0.0018603166900877,0.0199232704157465,0.1061916063511609,0.1728352743646238,0.0530376672564485,-0.043099335841918,0.1291288426080201,1.6487341772151929,3.1772151898734187,-1.528481012658228,-0.0443037974683543,-0.1708860759493671,0.3746170394774015,0.3256744236782563,0.0476518105561641,0.0618089540343096,0.022345452916295,0.0234400896048397,0.0784248015570195,-0.0201855520655427,-0.0106177593341841,-0.0016339244843698,0.0864037148603056,-0.1723379764288058,2.6703978107716955,8.0,8.666666666666668,-0.6666666666666667,0.0,-1.6666666666666663,1.9993277713932736,0.318813472906398,0.1650454387946689,0.2119085151644238,0.1241536470209266,-0.0031186509310928,0.1293896254606583,0.2164124571687046,-0.0217648044529929,-0.093843767981699,0.2572128296987526,2.895858014995338,-0.0145379999008161,0.7147142198490759,0.2852857801509241,1,DET,DET,1,DET was projected ahead because the strongest inputs for this specific matchup were: Closing spread +6.0 favored DET; Market win probability 70.0% favored DET; Elo rating edge +188 Elo favored DET.,"[{""feature"": ""spread_line_clean"", ""label"": ""Closing spread"", ""value"": ""+6.0"", ""direction"": ""DET"", ""impact"": 0.26416826528124127}, {""feature"": ""mkt_home_prob"", ""label"": ""Market win probability"", ""value"": ""70.0%"", ""direction"": ""DET"", ""impact"": 0.20655906659222664}, {""feature"": ""elo_diff"", ""label"": ""Elo rating edge"", ""value"": ""+188 Elo"", ""direction"": ""DET"", ""impact"": 0.11673325857304656}]",market_elo_form,5143,1
2025_02_CLE_BAL,2025,2,BAL,CLE,1.0,True,1,0,1,12.5,-900.0,600.0,0.863013698630137,1,12.5,1,1631.1864166070354,1389.4917497632318,241.6946668438036,0.8465652379368094,0.0761914791607063,-0.0772025549072066,-0.0019787930113395,6.514866316435775e-05,0.0575615737489067,0.3969918414253747,0.2829892790564859,0.1069529319417389,-0.0110915881504116,0.7429222648099647,5.312452019038847,-4.53130277905727,9.843754798096114,0.2680408413941347,0.4830723169046522,0.3591229899960604,-0.426984706813923,0.0930301627902287,-0.0852588249103138,0.0308445781935297,-0.0277009816557249,0.1392252332973538,0.0486324484086481,-0.0083767989027428,0.0081243621574953,0.1776072579759908,1.6686985764607376,-1.1434833993858418,21.333333333333336,3.333333333333332,18.0,0.3333333333333333,0.6666666666666667,3.308810771362737,1.097945122419615,0.5084851781980144,0.1775421466731971,0.162479349968157,0.0569431821418491,0.6423649061673101,0.4307210019654222,0.0251287558430415,-0.0172273418223972,1.1147100611728065,7.8366247877987565,-11.597660571736348,0.8486564038849873,0.1513435961150127,1,BAL,BAL,1,BAL was projected ahead because the strongest inputs for this specific matchup were: Closing spread +12.5 favored BAL; Market win probability 86.3% favored BAL; Elo rating edge +242 Elo favored BAL.,"[{""feature"": ""spread_line_clean"", ""label"": ""Closing spread"", ""value"": ""+12.5"", ""direction"": ""BAL"", ""impact"": 0.7178200786128239}, {""feature"": ""mkt_home_prob"", ""label"": ""Market win probability"", ""value"": ""86.3%"", ""direction"": ""BAL"", ""impact"": 0.4578466633880395}, {""feature"": ""elo_diff"", ""label"": ""Elo rating edge"", ""value"": ""+242 Elo"", ""direction"": ""BAL"", ""impact"": 0.1501978319806701}]",market_elo_form,5143,1
2025_02_DEN_IND,2025,2,IND,DEN,1.0,True,1,0,0,-2.5,110.0,-130.0,0.4572564612326044,1,-2.5,1,1482.150494400962,1558.54497205113,-76.39447765016826,0.4692497289895719,0.1261999444028707,-0.067365271464298,0.0311881861071225,-0.018019378292988,0.0970109003521092,0.387163597206499,0.2174729714998759,0.1901104792942435,-0.1018723310736023,0.4433888847679528,1.4732469512195117,0.4197408536585385,1.0535060975609756,0.0546493902439023,0.1529725609756097,0.0651787716799052,0.2338231395499619,0.0368458176326282,0.0231410707142034,0.0224224326765983,0.029866072530889,0.0433407519597067,0.0194568624343675,-0.0096121582963941,-0.0066852385405443,0.0699738328478191,-0.2421499226817567,1.719879502930971,9.0,10.999999999999998,-2.0,0.0,1.0,0.3898634023634049,1.6490777480853316,0.0940485253406989,0.1897392122311748,0.0336459186459184,0.1046896688734335,0.0415083014056822,0.1341487416243879,0.0180555248621046,-0.1059437721841813,0.1488031045312873,-1.1457092816426413,-4.838637185956076,0.45697472058222954,0.5430252794177705,0,DEN,IND,0,DEN was projected ahead because the strongest inputs for this specific matchup were: Closing spread -2.5 favored DEN; Market win probability 45.7% favored DEN; Elo rating edge -76 Elo favored DEN.,"[{""feature"": ""spread_line_clean"", ""label"": ""Closing spread"", ""value"": ""-2.5"", ""direction"": ""DEN"", ""impact"": 0.32906872138313614}, {""feature"": ""mkt_home_prob"", ""label"": ""Market win probability"", ""value"": ""45.7%"", ""direction"": ""DEN"", ""impact"": 0.16825554251105052}, {""feature"": ""elo_diff"", ""label"": ""Elo rating edge"", ""value"": ""-76 Elo"", ""direction"": ""DEN"", ""impact"": 0.049363783365510734}]",market_elo_form,5143,1
2025_02_JAX_CIN,2025,2,CIN,JAX,1.0,True,1,0,0,3.5,-192.0,160.0,0.6309403437815976,1,3.5,1,1548.3823827309377,1434.1732687537062,114.20911397723124,0.7259252082022446,0.0375308454054087,-0.1310395298394503,-0.0031561096193221,0.0057184820777861,-0.0185410580242973,0.1453347783839486,-0.0782854813239925,0.0400998737178314,0.0447059006779177,0.0937602463753035,2.2936629993296265,-1.613076225403212,3.9067392247328367,0.1283863717023541,0.2694112543870027,0.066185588658314,-0.0251768959397811,0.0391424654347073,-0.0266431162095584,0.0171959343427189,0.0003752493835882,0.065229171220378,-0.0011155318413561,-0.0041501603985135,-0.0017542087162968,0.0609670138955804,1.5434481831491438,2.246545117715367,-1.0,2.666666666666668,-3.666666666666667,0.3333333333333333,0.0,-1.0635584754228828,-0.4530980439171408,-0.0400142591391528,0.0427567502321555,0.0431885628495797,-0.0422060535061286,-0.0672599668385477,-0.1298931814905702,0.0584512932788795,0.0091140052584361,-0.0809579439950343,4.760333643972585,14.570505891262332,0.6614681178425275,0.33853188215747254,1,CIN,CIN,1,CIN was projected ahead because the strongest inputs for this specific matchup were: Market win probability 63.1% favored CIN; Closing spread +3.5 favored CIN; Elo rating edge +114 Elo favored CIN.,"[{""feature"": ""mkt_home_prob"", ""label"": ""Market win probability"", ""value"": ""63.1%"", ""direction"": ""CIN"", ""impact"": 0.09974673069671842}, {""feature"": ""spread_line_clean"", ""label"": ""Closing spread"", ""value"": ""+3.5"", ""direction"": ""CIN"", ""impact"": 0.0896867986152479}, {""feature"": ""elo_diff"", ""label"": ""Elo rating edge"", ""value"": ""+114 Elo"", ""direction"": ""CIN"", ""impact"": 0.0702164075789447}]",market_elo_form,5143,1
2025_02_LAC_LV,2025,2,LV,LAC,0.0,True,1,-2,1,-3.5,164.0,-198.0,0.3630958183058778,1,-3.5,1,1432.1041620618855,1547.6207361218464,-115.51657405996092,0.4137798328364946,0.056029766757093,-0.166623884217223,-0.0043611729338885,-0.004504398696153,-0.0214623236535838,0.233243069794173,-0.1839921473163709,0.0095337301587301,0.0045215557533585,0.1011622941759513,-1.7323883890680705,2.565523680190122,-4.2979120692581905,-0.0807163469699542,-0.6382617552198269,-0.2110064375670886,0.004181235315066,-0.0709932709396687,0.0448106729800858,-0.0100616366168029,0.0077461333568882,-0.0880860300503063,-0.049423958318725,0.0051540289902241,-0.0105116747480284,-0.1209315584630155,-0.7220084377868263,-2.199062209164531,-2.6666666666666643,-5.333333333333332,2.6666666666666665,0.0,1.0,-0.1236020923520913,-0.5691527506245251,0.0078189403313338,0.0027881571174946,-0.0397543891293891,0.0055141177520209,0.0586145944076345,-0.0859787124734995,-0.0258522322065326,0.0258497714708494,-0.0109988312489045,2.690312507933704,-1.935837465143543,0.3424831912026855,0.6575168087973144,0,LAC,LAC,1,LAC was projected ahead because the strongest inputs for this specific matchup were: Closing spread -3.5 favored LAC; Market win probability 36.3% favored LAC; Elo rating edge -116 Elo favored LAC.,"[{""feature"": ""spread_line_clean"", ""label"": ""Closing spread"", ""value"": ""-3.5"", ""direction"": ""LAC"", ""impact"": 0.3988613080495335}, {""feature"": ""mkt_home_prob"", ""label"": ""Market win probability"", ""value"": ""36.3%"", ""direction"": ""LAC"", ""impact"": 0.31354977465691086}, {""feature"": ""elo_diff"", ""label"": ""Elo rating edge"", ""value"": ""-116 Elo"", ""direction"": ""LAC"", ""impact"": 0.07390806250992273}]",market_elo_form,5143,1
2025_02_LA_TEN,2025,2,TEN,LA,0.0,True,1,0,0,-5.5,205.0,-250.0,0.3146067415730336,1,-5.5,1,1362.759381336385,1559.1298073091573,-196.37042597277215,0.3070826946471292,0.0710745528530284,-0.0886460359466644,-0.0048216368801826,-0.0025339722724072,0.0147108232815323,0.0773541406801164,-0.2041660924708795,-0.038869012624682,-0.0593683766658898,-0.2349689923346284,-2.6841369671558333,0.7928022361984617,-3.4769392033542976,-0.1023759608665269,-0.1702771954344281,-0.2463328819158068,0.0154729226542009,-0.038216906590955,0.0380716852698283,-0.0267800481057124,0.0094235700896545,-0.04594460731661,-0.0354298850712922,0.0110023318434101,-0.0120038967295733,-0.0634004874225426,0.5830762671684692,-4.3218022235503595,-8.0,5.666666666666666,-13.666666666666668,-0.6666666666666666,-0.3333333333333333,-1.3187629998411912,0.6546706946601022,-0.1656324986937484,0.1558448882399471,-0.0705917904198643,0.049924739013722,-0.1337226296695568,-0.0746574664639052,0.0190728561490751,-0.1215089971587919,-0.3578422424596473,-2.675616776231201,-13.931301494202517,0.29687007298775836,0.7031299270122416,0,LA,LA,1,LA was projected ahead because the strongest inputs for this specific matchup were: Closing spread -5.5 favored LA; Market win probability 31.5% favored LA; Elo rating edge -196 Elo favored LA.,"[{""feature"": ""spread_line_clean"", ""label"": ""Closing spread"", ""value"": ""-5.5"", ""direction"": ""LA"", ""impact"": 0.5384464813823282}, {""feature"": ""mkt_home_prob"", ""label"": ""Market win probability"", ""value"": ""31.5%"", ""direction"": ""LA"", ""impact"": 0.38837066534308307}, {""feature"": ""elo_diff"", ""label"": ""Elo rating edge"", ""value"": ""-196 Elo"", ""direction"": ""LA"", ""impact"": 0.12463385926840746}]",market_elo_form,5143,1
2025_02_NE_MIA,2025,2,MIA,NE,0.0,True,1,0,1,1.5,-125.0,105.0,0.5324675324675325,1,1.5,1,1464.40870351923,1379.6568020189566,84.75190150027356,0.6909312567287184,0.0607876170958225,-0.1041292444707466,-0.0027606104918049,0.0044594794696107,-0.0090879318860448,-0.2275688661080008,-0.2102102238539868,-0.0478110117715275,0.058932771781069,-0.3215866620203232,-6.0943901522270245,3.4037023115955662,-9.498092463822587,-0.2139729374177785,-0.5533264423980455,-0.3481833817256134,0.0677114806322976,-0.1105141350555968,0.0366688797461261,-0.0380310794525023,0.0002620116182732,-0.126428075792402,-0.09220930053272,0.0142264694804251,0.0015609605265673,-0.1968762393705021,-0.4748164609962112,-1.3763632745614884,1.666666666666666,-2.6666666666666643,4.333333333333333,0.0,-1.0,0.3086938198213715,-0.1502170237464382,-9.271520462220129e-05,-0.1110893090064101,0.0151505198012691,-0.0176581639816934,-0.1291555703501037,0.3580804986648798,0.0183582078698616,0.0068160118911998,0.046846455050237,1.0989690468168667,-0.4557144161434601,0.5169495251352172,0.4830504748647828,1,MIA,NE,0,MIA was projected ahead because the strongest inputs for this specific matchup were: Season offensive EPA -0.111 favored NE; Division matchup Yes favored NE; Market win probability 53.2% favored MIA.,"[{""feature"": ""diff_season_epa_per_play"", ""label"": ""Season offensive EPA"", ""value"": ""-0.111"", ""direction"": ""NE"", ""impact"": 0.06989247780996495}, {""feature"": ""div_game"", ""label"": ""Division matchup"", ""value"": ""Yes"", ""direction"": ""NE"", ""impact"": 0.06256500421451539}, {""feature"": ""mkt_home_prob"", ""label"": ""Market win probability"", ""value"": ""53.2%"", ""direction"": ""MIA"", ""impact"": 0.05220137694582416}]",market_elo_form,5143,1
2025_02_NYG_DAL,2025,2,DAL,NYG,1.0,True,1,3,1,4.5,-238.0,195.0,0.6750312469954812,1,4.5,1,1463.9607720557583,1372.948278450469,91.0124936052896,0.6985737705015655,0.1260865883330376,-0.0636809667295762,0.0214323964827367,-0.0041107974964479,0.1081670610554883,-0.1514572107783691,-0.1427864230627477,-0.0484353654760387,-0.0300203594075842,-0.1947011846138636,3.661490683229814,-0.9906832298136656,4.6521739130434785,0.1118012422360248,0.0590062111801242,0.4003486864650689,-0.0784699340936443,0.0658906235947799,-0.0086649552387914,0.0248462130920439,0.005198690916406,0.1045169770765301,0.0410877052391148,-0.0038706933189756,0.0059465602949874,0.1359120797280065,1.2303755606650275,-0.0015086339119045,-5.999999999999998,4.666666666666664,-10.666666666666666,-0.3333333333333333,-2.0,-0.2492179117520514,-0.3745731899015823,-0.0656196746659168,0.0801928120034482,0.0500638469819839,0.0171457199109198,-0.3169885797451952,0.1476946749772138,0.0139558913752461,0.0013099445033648,-0.1432152959574444,-2.686530160911289,-1.7633671597103326,0.6591469703825437,0.34085302961745634,1,DAL,DAL,1,DAL was projected ahead because the strongest inputs for this specific matchup were: Market win probability 67.5% favored DAL; Closing spread +4.5 favored DAL; Division matchup Yes favored NYG.,"[{""feature"": ""mkt_home_prob"", ""label"": ""Market win probability"", ""value"": ""67.5%"", ""direction"": ""DAL"", ""impact"": 0.1677810359856466}, {""feature"": ""spread_line_clean"", ""label"": ""Closing spread"", ""value"": ""+4.5"", ""direction"": ""DAL"", ""impact"": 0.15947938528164526}, {""feature"": ""div_game"", ""label"": ""Division matchup"", ""value"": ""Yes"", ""direction"": ""NYG"", ""impact"": 0.06256500421451539}]",market_elo_form,5143,1
2025_02_PHI_KC,2025,2,KC,PHI,0.0,True,1,-1,0,-1.5,102.0,-122.0,0.4739134147382802,1,-1.5,1,1605.7248650491194,1676.3563389861033,-70.63147393698387,0.477519666815361,0.1400466407492143,-0.0550622694661677,0.0204228252760956,-0.0078704146144747,0.1087756062366867,0.2675042521747273,-0.0224229853571656,0.0315586419753086,0.0159906369003948,0.1744806023653435,-1.534973722784315,-0.4932966286511018,-1.0416770941332094,0.0152032462192984,0.2155804225805299,-0.0849026868591762,0.2201329987022315,0.0011700395970353,0.0294021771528932,-0.0033850519704554,0.0144672709435021,0.0093321795413061,-0.029384183982803,-0.0033493818681863,-0.007383752478591,-0.0149984197316292,-0.0364704402558887,1.6477460229472682,-14.666666666666664,10.333333333333332,-25.0,-0.6666666666666667,-1.6666666666666663,0.1118554268554259,0.5169608228036706,-0.1916557339042885,0.2539313855917083,-0.0142621632170814,0.0247138115773963,-0.323150570405435,-0.11018090656565,0.0238478519878657,0.0024705020189947,-0.3861225627940723,-5.760866329253474,13.856652582044456,0.4485759143144058,0.5514240856855942,0,PHI,PHI,1,PHI was projected ahead because the strongest inputs for this specific matchup were: Closing spread -1.5 favored PHI; Market win probability 47.4% favored PHI; Recent win rate -66.7% favored PHI.,"[{""feature"": ""spread_line_clean"", ""label"": ""Closing spread"", ""value"": ""-1.5"", ""direction"": ""PHI"", ""impact"": 0.2592761347167388}, {""feature"": ""mkt_home_prob"", ""label"": ""Market win probability"", ""value"": ""47.4%"", ""direction"": ""PHI"", ""impact"": 0.1425530919513218}, {""feature"": ""diff_last3_win_pct"", ""label"": ""Recent win rate"", ""value"": ""-66.7%"", ""direction"": ""PHI"", ""impact"": 0.11687473599984234}]",market_elo_form,5143,1
2025_02_SEA_PIT,2025,2,PIT,SEA,0.0,True,1,0,0,3.5,-192.0,160.0,0.6309403437815976,1,3.5,1,1530.9534658598125,1505.7079025654373,25.245563294375188,0.6134720667828187,0.1369577485836552,-0.0904633535408314,0.0101854254889928,8.904006809919845e-05,0.0843778786117474,0.182111455694026,-0.1269882699060061,-0.0358194365473712,0.0205991115938619,0.0898989729512425,-0.3658536585365866,-1.0730238025271817,0.7071701439905969,0.0465030855127828,-0.1716132823978842,0.0487460396413368,-0.1635684483945052,0.0138219575850217,-0.021630603164768,0.0068329303162705,-0.0151787087728161,0.0187587378839586,-0.0065148892995866,-0.0125360259395621,0.0102358088722063,0.0239021472960033,-0.4286304164463272,0.7557851986135429,5.333333333333336,11.333333333333332,-6.0,-0.3333333333333333,0.0,-0.5188393312303292,0.796242484649345,0.0853434661928024,0.1825237607725941,-0.0902580009224584,0.0710425159790388,0.1906443212050983,-0.1246205611724488,0.040463362522186,-0.0388691349332081,0.0641729248718559,-1.7923626514252389,10.79756106291871,0.6218382897452335,0.3781617102547665,1,PIT,SEA,0,PIT was projected ahead because the strongest inputs for this specific matchup were: Market win probability 63.1% favored PIT; Closing spread +3.5 favored PIT; Recent win rate -33.3% favored SEA.,"[{""feature"": ""mkt_home_prob"", ""label"": ""Market win probability"", ""value"": ""63.1%"", ""direction"": ""PIT"", ""impact"": 0.09974673069671842}, {""feature"": ""spread_line_clean"", ""label"": ""Closing spread"", ""value"": ""+3.5"", ""direction"": ""PIT"", ""impact"": 0.0896867986152479}, {""feature"": ""diff_last3_win_pct"", ""label"": ""Recent win rate"", ""value"": ""-33.3%"", ""direction"": ""SEA"", ""impact"": 0.05709782115252601}]",market_elo_form,5143,1
2025_02_SF_NO,2025,2,NO,SF,0.0,True,1,0,0,-3.0,140.0,-166.0,0.4003612281757977,1,-3.0,1,1397.235893052739,1499.3370713770894,-102.10117832435049,0.4326281863615331,0.1834244200120606,-0.0399398802971242,0.0384486487064444,-0.0203370984558017,0.1693925903426143,-0.2645333562364039,-0.3111237637574797,-0.1290752847933732,0.0217461382354999,-0.353242337311379,4.241921047233671,1.1223823820090644,3.1195386652246073,0.0691163033546534,0.0263673149719357,0.3343068792743704,0.3857711621095836,0.0669998737498027,0.0199809487672657,0.0359583872057488,0.0011481842288606,0.0753123953175922,0.0305936398544229,-0.0304444582407276,-0.00173954223221,0.1133779142298816,2.1390608727905014,3.6383716292590647,-11.0,-9.333333333333336,-1.666666666666666,-0.3333333333333333,2.0,-1.8217836043912152,-0.6340646476730756,-0.261154313355315,-0.0628323590768205,-0.1192293608053118,-0.098539225870218,-0.4006853049759066,-0.0376374332775047,0.0151094070032176,0.0307307307307307,-0.4089915681897782,-8.662099968684181,1.0877428316073985,0.3881800446056577,0.6118199553943423,0,SF,SF,1,SF was projected ahead because the strongest inputs for this specific matchup were: Closing spread -3.0 favored SF; Market win probability 40.0% favored SF; Elo rating edge -102 Elo favored SF.,"[{""feature"": ""spread_line_clean"", ""label"": ""Closing spread"", ""value"": ""-3.0"", ""direction"": ""SF"", ""impact"": 0.3639650147163348}, {""feature"": ""mkt_home_prob"", ""label"": ""Market win probability"", ""value"": ""40.0%"", ""direction"": ""SF"", ""impact"": 0.2560475216522859}, {""feature"": ""elo_diff"", ""label"": ""Elo rating edge"", ""value"": ""-102 Elo"", ""direction"": ""SF"", ""impact"": 0.0654915601241979}]",market_elo_form,5143,1
2025_02_TB_HOU,2025,2,HOU,TB,0.0,True,1,0,0,2.5,-135.0,114.0,0.551441114716549,1,2.5,1,1514.0696243645318,1549.432657678437,-35.363033313905134,0.5282298132661524,0.0512020781631958,-0.1202448384864851,-0.012964079747011,0.0067787326539497,-0.015121200997842,-0.1233419524866007,-0.1468039595357884,-0.0273776616487612,0.0898530940237036,-0.1214469306112542,-0.5556308049535588,-0.3158571981424138,-0.2397736068111455,0.0206462848297213,0.0926664086687306,-0.0655565746184594,-0.0455790111579066,-0.0151919874864169,-0.0086917636427586,-0.0043784180487076,-0.0074178396734982,-0.0286298823655937,0.0238103532050891,0.0090722638372577,0.003685723450297,-0.0231227773411253,-0.1382201467399877,-2.645049419783949,-5.0,-4.333333333333336,-0.6666666666666665,-0.3333333333333333,0.3333333333333333,-0.3822293318779106,0.0329831074671957,-0.205141991844131,-0.2258267126012401,-0.0411305099438476,-0.0507507898009344,-0.4585305732603209,0.1483954553257863,0.0882583447878813,0.0703047548234576,-0.2808786160653844,-0.2702531030465186,0.1582242601792658,0.5336942890987947,0.4663057109012053,1,HOU,TB,0,HOU was projected ahead because the strongest inputs for this specific matchup were: Recent win rate -33.3% favored TB; Recent defensive EPA allowed -0.226 favored HOU; Division matchup No favored HOU.,"[{""feature"": ""diff_last3_win_pct"", ""label"": ""Recent win rate"", ""value"": ""-33.3%"", ""direction"": ""TB"", ""impact"": 0.05709782115252601}, {""feature"": ""diff_last3_epa_per_play_allowed"", ""label"": ""Recent defensive EPA allowed"", ""value"": ""-0.226"", ""direction"": ""HOU"", ""impact"": 0.05649375710584029}, {""feature"": ""div_game"", ""label"": ""Division matchup"", ""value"": ""No"", ""direction"": ""HOU"", ""impact"": 0.035237979577354715}]",market_elo_form,5143,1
2025_02_WAS_GB,2025,2,GB,WAS,1.0,True,1,0,0,3.5,-185.0,154.0,0.6224665518611737,1,3.5,1,1598.966193472795,1570.401284658201,28.56490881459422,0.6179930202668036,0.1699020540654618,-0.0930823135271853,0.0203294409740886,-0.0044809107818002,0.1495942373828435,-0.0713800371709739,-0.1402348799776904,-0.0527415810813536,0.001177210011315,-0.0964112558041035,5.381069336860001,-2.0467976572832036,7.427866994143208,0.2126676742867938,0.6895144530511996,0.4339124538228303,-0.1173649270461636,0.1154506406206329,-0.0330686687237612,0.0322953854591915,-0.0004582158634844,0.1566125443314317,0.0377365404945328,-0.0097949732637386,0.0053470420386773,0.1902342294143185,1.3073955747755217,4.6683624584874615,-10.0,-11.0,1.0,-0.3333333333333333,-1.3333333333333333,-0.3956770841527754,-1.7648112453571343,-0.113498539131422,-0.2075283290963311,-0.0347829233614,-0.1287855054992703,-0.1721054617976059,-0.038616085956224,0.0087328708018363,0.0173781292545358,-0.2972917749650976,1.5462881470900809,-10.41675231235324,0.6042283873445136,0.39577161265548644,1,GB,GB,1,GB was projected ahead because the strongest inputs for this specific matchup were: Closing spread +3.5 favored GB; Market win probability 62.2% favored GB; Season offensive EPA +0.115 favored GB.,"[{""feature"": ""spread_line_clean"", ""label"": ""Closing spread"", ""value"": ""+3.5"", ""direction"": ""GB"", ""impact"": 0.0896867986152479}, {""feature"": ""mkt_home_prob"", ""label"": ""Market win probability"", ""value"": ""62.2%"", ""direction"": ""GB"", ""impact"": 0.086671277384448}, {""feature"": ""diff_season_epa_per_play"", ""label"": ""Season offensive EPA"", ""value"": ""+0.115"", ""direction"": ""GB"", ""impact"": 0.07192363101210297}]",market_elo_form,5143,1
2025_03_ARI_SF,2025,3,SF,ARI,1.0,True,1,0,1,1.5,-125.0,105.0,0.5324675324675325,1,1.5,1,1514.515421559984,1494.1013236312854,20.41409792869877,0.6068566848668367,0.1072666460772097,-0.071775733787584,-0.0041770962748409,0.0085174334979523,0.0551176170626591,0.2374476009771389,-0.1305685042013552,0.0277167363080677,0.0083151812325991,0.1233414519888319,0.1906250000000007,-2.0071969696969703,2.1978219696969696,0.046496212121212,0.2084280303030302,0.2791553166813116,-0.1720037180112843,0.041494613731433,-0.0012712031149052,0.0071097750454249,-0.0068073097083742,0.0708071096871419,0.0200282485529578,0.011615851198788,-0.0015484754131663,0.0737605160383038,0.1690585687965279,-3.0112995990999916,-9.0,7.333333333333332,-16.333333333333332,-0.3333333333333333,-2.6666666666666665,0.1814768035752898,0.2709556840048748,-0.0818972177186831,0.0369274007765191,0.0192194913518638,0.035063350713141,-0.0135491114119028,-0.1487490435489104,-0.0096900119388875,0.0003547841417673,-0.1542664331890043,0.2675101547031149,-4.326053417297795,0.5368458382205522,0.4631541617794478,1,SF,SF,1,SF was projected ahead because the strongest inputs for this specific matchup were: Season offensive EPA +0.041 favored SF; Season QB EPA +0.074 favored ARI; Closing spread +1.5 favored SF.,"[{""feature"": ""diff_season_epa_per_play"", ""label"": ""Season offensive EPA"", ""value"": ""+0.041"", ""direction"": ""SF"", ""impact"": 0.18643072136480596}, {""feature"": ""diff_season_qb_epa_per_play"", ""label"": ""Season QB EPA"", ""value"": ""+0.074"", ""direction"": ""ARI"", ""impact"": 0.1515862893471837}, {""feature"": ""spread_line_clean"", ""label"": ""Closing spread"", ""value"": ""+1.5"", ""direction"": ""SF"", ""impact"": 0.10091676751964124}]",market_elo_form,5159,2
2025_03_ATL_CAR,2025,3,CAR,ATL,1.0,True,1,0,1,-5.5,185.0,-225.0,0.3363518758085381,1,-5.5,1,1354.3319050258797,1474.8088838306064,-120.47697880472695,0.4068709862617351,-0.0138687131408654,-0.0898885629614416,-0.0249860440603586,0.0156242890700178,-0.0456995397567745,0.1407310837062088,-0.0934633555704084,0.0197730595427964,-0.0503931897999694,0.1128836383754395,-2.059512578616353,-0.0082154088050323,-2.051297169811321,-0.0534984276729559,-0.1256485849056603,-0.3414318540441305,-0.2866864640782918,-0.0505057392767748,-0.0277793458450495,-0.0204848447675612,-0.0133182790694311,-0.103997360195707,0.0478017606502446,0.0098676635322596,0.0131239032827607,-0.0882845501047601,-1.554824998897856,-1.5260360282476595,-1.3333333333333357,6.0,-7.333333333333334,0.0,-0.6666666666666666,-0.5267857142857126,1.009374662050102,-0.0149089326239391,0.121440501140155,-0.0482819264069263,0.0687049532663567,0.0984266413821337,-0.0789750474120755,-0.031809712705854,-0.0558480894687791,-0.1199329294595663,1.4622908562265895,10.769709094681522,0.3015589569655206,0.6984410430344794,0,ATL,CAR,0,ATL was projected ahead because the strongest inputs for this specific matchup were: Closing spread -5.5 favored ATL; Season offensive EPA -0.051 favored ATL; Season QB EPA -0.088 favored CAR.,"[{""feature"": ""spread_line_clean"", ""label"": ""Closing spread"", ""value"": ""-5.5"", ""direction"": ""ATL"", ""impact"": 1.0915140019411698}, {""feature"": ""diff_season_epa_per_play"", ""label"": ""Season offensive EPA"", ""value"": ""-0.051"", ""direction"": ""ATL"", ""impact"": 0.23577786850755947}, {""feature"": ""diff_season_qb_epa_per_play"", ""label"": ""Season QB EPA"", ""value"": ""-0.088"", ""direction"": ""CAR"", ""impact"": 0.18814009464663717}]",market_elo_form,5159,2
2025_03_CIN_MIN,2025,3,MIN,CIN,1.0,True,1,0,0,3.0,-162.0,136.0,0.593369754159424,1,3.0,1,1525.1522144055225,1556.5744328792407,-31.422218473718203,0.5338791633017127,0.0541390977866745,-0.1052060774953024,-0.0118885018375289,0.0138848646653114,-0.0014460739336482,-0.3802099374407465,-0.0556417073210489,-0.0104969079615772,0.1064510520392873,-0.4544452786982978,0.8008358971382137,-0.0898395928871345,0.8906754900253477,0.0420173758247711,-0.1165999109924343,0.1869330158298661,-0.1921769759940037,-0.010066447570711,-0.0411151210342932,-0.0082087045010391,-0.0081892394957534,-0.0096388703973224,-0.000953596095486,0.0063118631989344,0.0108459673457742,-0.009354655945464,-0.0576368646913503,-3.3699079316571456,-8.333333333333332,4.333333333333332,-12.666666666666668,-0.6666666666666667,-2.0,0.0621138734482058,0.5294448670131731,-0.2647763840979856,0.0041206011144931,-0.0400841348367586,-0.004901797251524,-0.4014331390866896,-0.0426948491493324,0.080737448825684,0.0226583658821028,-0.4303323165925303,-4.731094183154627,-7.463883720762092,0.5787136270776638,0.42128637292233617,1,MIN,MIN,1,MIN was projected ahead because the strongest inputs for this specific matchup were: Recent win rate -66.7% favored CIN; Closing spread +3.0 favored MIN; Recent point differential -12.7 pts/game favored CIN.,"[{""feature"": ""diff_last3_win_pct"", ""label"": ""Recent win rate"", ""value"": ""-66.7%"", ""direction"": ""CIN"", ""impact"": 0.17013121603668727}, {""feature"": ""spread_line_clean"", ""label"": ""Closing spread"", ""value"": ""+3.0"", ""direction"": ""MIN"", ""impact"": 0.11135406842782918}, {""feature"": ""diff_last3_point_diff_pg"", ""label"": ""Recent point differential"", ""value"": ""-12.7 pts/game"", ""direction"": ""CIN"", ""impact"": 0.05159398101056839}]",market_elo_form,5159,2
2025_03_DAL_CHI,2025,3,CHI,DAL,1.0,True,1,0,0,-1.5,105.0,-125.0,0.4675324675324675,1,-1.5,1,1398.8086485328342,1471.7979345896315,-72.98928605679748,0.4741344464261462,-0.013486860160565,-0.1145229509075252,-0.0255921686072133,0.0066586951946735,-0.0862357237708551,-0.205166726011154,-0.4149551239994454,-0.117145719361386,-0.02306935635424,-0.3791671564443079,-3.697453877782227,-0.1772714398726442,-3.520182437909582,-0.1092088171811975,-0.0291822523463975,-0.6108770936558052,-0.0033898634792928,-0.1016304774144261,-0.0176718480418965,-0.0418220335523352,-0.0084627404994599,-0.1478982464899022,-0.059294591320184,0.0167283679394461,-0.0060954752269981,-0.2028145785106723,-1.108561072420919,-1.1356167464677074,-3.333333333333332,5.666666666666664,-9.0,0.0,-1.0,-0.651753712237582,0.5906044815211455,-0.2146419390243579,-0.0734038475094269,-0.0813577402287079,-0.0076469086498343,-0.1988544142519488,-0.2937941055326549,0.0236919983018514,-0.0093789352410041,-0.3402258006826386,0.2667258136237633,0.0046046177584289,0.4445888909886145,0.5554111090113856,0,DAL,CHI,0,DAL was projected ahead because the strongest inputs for this specific matchup were: Closing spread -1.5 favored DAL; Season offensive EPA -0.102 favored DAL; Season QB EPA -0.203 favored CHI.,"[{""feature"": ""spread_line_clean"", ""label"": ""Closing spread"", ""value"": ""-1.5"", ""direction"": ""DAL"", ""impact"": 0.525458439414582}, {""feature"": ""diff_season_epa_per_play"", ""label"": ""Season offensive EPA"", ""value"": ""-0.102"", ""direction"": ""DAL"", ""impact"": 0.47039983343378067}, {""feature"": ""diff_season_qb_epa_per_play"", ""label"": ""Season QB EPA"", ""value"": ""-0.203"", ""direction"": ""CHI"", ""impact"": 0.4282515237394482}]",market_elo_form,5159,2
2025_03_DEN_LAC,2025,3,LAC,DEN,1.0,True,1,-1,1,2.5,-155.0,130.0,0.5829926410466066,1,2.5,1,1567.6342975698578,1551.114955828844,16.519341741013932,0.6014950593874726,0.1639004579460873,-0.1026929359705913,0.0276577268191681,-0.0117032456593541,0.1162719164889048,0.071532130044287,-0.3220273574844794,0.022649541269589,-0.0055368651655369,-0.1494993250347703,1.361573885954222,-0.2259921441148584,1.5875660300690777,0.0067045916294189,0.3726127590410402,0.2148956811703835,0.2271688957810393,0.0482528789597818,0.0156679034340291,0.0189071898213283,0.0213284171991189,0.0804600450729841,-0.015493734156842,-0.0032402357266945,-0.0021148065794,0.0885140562951646,0.4524568932535415,2.3176480931736085,1.3333333333333357,-3.333333333333332,4.666666666666667,0.3333333333333333,1.0,0.6140630933394098,-0.1581918040900429,-0.0740686047814061,-0.1169925169221506,0.0008171470342522,-0.033309801531859,0.0142137367031657,-0.1888447851600639,0.0506991524787894,-0.0271387233008667,-0.1297615771073211,-2.37304147231407,7.525373746123155,0.5674179320198227,0.4325820679801773,1,LAC,LAC,1,LAC was projected ahead because the strongest inputs for this specific matchup were: Season offensive EPA +0.048 favored LAC; Season QB EPA +0.089 favored DEN; Recent win rate +33.3% favored LAC.,"[{""feature"": ""diff_season_epa_per_play"", ""label"": ""Season offensive EPA"", ""value"": ""+0.048"", ""direction"": ""LAC"", ""impact"": 0.21744579401121222}, {""feature"": ""diff_season_qb_epa_per_play"", ""label"": ""Season QB EPA"", ""value"": ""+0.089"", ""direction"": ""DEN"", ""impact"": 0.18251698660238755}, {""feature"": ""diff_last3_win_pct"", ""label"": ""Recent win rate"", ""value"": ""+33.3%"", ""direction"": ""LAC"", ""impact"": 0.09105222200326797}]",market_elo_form,5159,2
2025_03_DET_BAL,2025,3,BAL,DET,0.0,True,1,0,0,4.5,-245.0,200.0,0.6805555555555556,1,4.5,1,1639.890343413053,1611.8376317486257,28.052711664427303,0.6172967168535348,0.0571848910837765,-0.0973416421765259,-0.0176689391101791,4.36548992461816e-05,0.0382212903629009,0.1826483474615515,-0.0495230966678023,0.0318551455673571,0.0474747474747475,0.3377006389553296,1.0910118178821977,-6.240218466029475,7.331230283911672,0.1957060125241301,0.4303686614247375,-0.0561976396704464,-0.7188499924629701,0.0326231813201689,-0.1053894026139441,-0.00070710180185,-0.043412426125349,0.0320563260684804,0.077915736905442,-0.0031241060191406,0.0079245023693118,0.0768066960332304,0.6880465697874161,-3.4046142233334615,3.3333333333333357,-2.666666666666668,6.0,0.0,0.6666666666666667,-0.1145124823194381,-0.6796162563119745,0.0493200135391202,-0.0878196418495965,-0.0403544532619571,0.0192145278174504,0.0629029556194556,-0.0076078567751852,0.034296452901104,0.0004041552208645,0.1790935936436963,-0.0050868063392641,3.6865998732287513,0.6297819920006832,0.3702180079993168,1,BAL,DET,0,BAL was projected ahead because the strongest inputs for this specific matchup were: Closing spread +4.5 favored BAL; Season QB EPA +0.077 favored DET; Season offensive EPA +0.033 favored BAL.,"[{""feature"": ""spread_line_clean"", ""label"": ""Closing spread"", ""value"": ""+4.5"", ""direction"": ""BAL"", ""impact"": 0.32362490437529956}, {""feature"": ""diff_season_qb_epa_per_play"", ""label"": ""Season QB EPA"", ""value"": ""+0.077"", ""direction"": ""DET"", ""impact"": 0.1579725850814647}, {""feature"": ""diff_season_epa_per_play"", ""label"": ""Season offensive EPA"", ""value"": ""+0.033"", ""direction"": ""BAL"", ""impact"": 0.1457178887936782}]",market_elo_form,5159,2
2025_03_GB_CLE,2025,3,CLE,GB,1.0,True,1,-3,0,-8.5,360.0,-470.0,0.2086383601756954,1,-8.5,1,1380.7878229572143,1615.9144997094843,-235.12667675227,0.2617500326614014,-0.0347400773702133,-0.0954778555777967,-0.0330710893285169,-0.0008510510760959,-0.0914317885272138,-0.1958708615019209,-0.0334721126776577,-0.0234309663335698,-0.0394477530250443,-0.2752018681430961,-7.177772706526699,1.8404362543739516,-9.018208960900656,-0.2833656625589533,-0.7982846493229879,-0.6776755343340461,-0.0047564469437721,-0.1589427453127009,0.0297540500124088,-0.0541357636940094,-0.000247610226995,-0.2381653372487554,-0.0358426581183877,0.0090015195857234,-0.0091008729161229,-0.2744494168950347,-2.801713442277447,-4.818741181095359,-6.999999999999998,13.333333333333332,-20.333333333333336,-0.6666666666666666,-1.3333333333333337,-1.3257789116737797,0.4362691640656941,-0.2969620768752522,0.1031817124361298,-0.1073675427617855,0.0388811659785625,-0.4577290919347672,-0.0691359857661336,0.0068524406759701,-0.0184092393394718,-0.506348174432625,-4.327570152028888,4.864509295578531,0.20362358531456767,0.7963764146854323,0,GB,CLE,0,GB was projected ahead because the strongest inputs for this specific matchup were: Closing spread -8.5 favored GB; Season offensive EPA -0.159 favored GB; Season QB EPA -0.274 favored CLE.,"[{""feature"": ""spread_line_clean"", ""label"": ""Closing spread"", ""value"": ""-8.5"", ""direction"": ""GB"", ""impact"": 1.5160556738361106}, {""feature"": ""diff_season_epa_per_play"", ""label"": ""Season offensive EPA"", ""value"": ""-0.159"", ""direction"": ""GB"", ""impact"": 0.7334176482628069}, {""feature"": ""diff_season_qb_epa_per_play"", ""label"": ""Season QB EPA"", ""value"": ""-0.274"", ""direction"": ""CLE"", ""impact"": 0.5784334773869327}]",market_elo_form,5159,2
2025_03_HOU_JAX,2025,3,JAX,HOU,1.0,True,1,1,1,1.5,-125.0,105.0,0.5324675324675325,1,1.5,1,1425.981218605403,1506.680852858599,-80.69963425319634,0.4630825598335861,0.0043249200866678,-0.0975502596995139,-0.0131647028437792,0.0050500339564233,-0.0471886167805574,0.029384987161726,0.018299324505016,0.0053103064838372,-0.0663992956682297,0.0532397878123416,-1.8228765042645172,0.7669022860926091,-2.589778790357129,-0.1064960859913541,-0.1414690189663902,-0.2177733791923195,0.0870855886797601,-0.0231742271751784,0.0317132113444096,-0.0072388002070084,0.0069612195208564,-0.054768144058265,0.0144164465213606,0.0019362696212719,-0.0046620111389646,-0.0399766401135299,-1.0316296381952537,0.4834905068787596,11.333333333333332,3.333333333333332,8.0,0.3333333333333333,1.0,0.515515844863673,0.2398246546791922,0.1185076883787962,-0.0884972800240225,0.0413238733890907,-0.0204873811345024,0.1219077055416247,0.1344508121112126,-0.1006162035342394,-0.0400710911423508,0.1733151676241136,-1.2126431015989385,1.5733932057661597,0.5325772348544608,0.46742276514553915,1,JAX,JAX,1,JAX was projected ahead because the strongest inputs for this specific matchup were: Season offensive EPA -0.023 favored HOU; Closing spread +1.5 favored JAX; Recent win rate +33.3% favored JAX.,"[{""feature"": ""diff_season_epa_per_play"", ""label"": ""Season offensive EPA"", ""value"": ""-0.023"", ""direction"": ""HOU"", ""impact"": 0.1103479238804448}, {""feature"": ""spread_line_clean"", ""label"": ""Closing spread"", ""value"": ""+1.5"", ""direction"": ""JAX"", ""impact"": 0.10091676751964124}, {""feature"": ""diff_last3_win_pct"", ""label"": ""Recent win rate"", ""value"": ""+33.3%"", ""direction"": ""JAX"", ""impact"": 0.09105222200326797}]",market_elo_form,5159,2
2025_03_IND_TEN,2025,3,TEN,IND,0.0,True,1,0,1,-6.0,200.0,-245.0,0.3194444444444444,1,-6.0,1,1347.1316980250008,1489.580510623248,-142.4488125982473,0.3767429684636705,0.0363433389770768,-0.1224669794137836,-0.0295761682648906,0.0097720573143125,-0.0200411359073793,-0.1195827625176909,-0.3419602843122402,-0.1214941485068605,0.0754337667143702,-0.4468154566778508,-2.661089460795992,-0.0078036416994571,-2.653285819096531,-0.0951301083362712,-0.0372840658974187,-0.1809561690199554,-0.1334958828074519,-0.0552511449805504,0.0048563956099671,-0.0308824660596194,-0.0150430497401806,-0.0666849748117961,-0.0312928508158176,0.0209917595919048,4.1726805895182795e-05,-0.0938802059281249,0.0304741129685062,-5.405159704305788,-14.333333333333332,5.666666666666664,-20.0,-1.0,-1.6666666666666663,-2.232954471769194,0.989035258912308,-0.3927293301669364,0.0930464043875901,-0.1727207665143,0.0144394767345583,-0.352050614413806,-0.3968630932954869,0.0788505583808558,-0.0168785748813108,-0.7521813962623121,-2.878368719845297,-4.751508979020719,0.23677890761586542,0.7632210923841346,0,IND,IND,1,IND was projected ahead because the strongest inputs for this specific matchup were: Closing spread -6.0 favored IND; Season offensive EPA -0.055 favored IND; Recent win rate -100.0% favored IND.,"[{""feature"": ""spread_line_clean"", ""label"": ""Closing spread"", ""value"": ""-6.0"", ""direction"": ""IND"", ""impact"": 1.1622709472569932}, {""feature"": ""diff_season_epa_per_play"", ""label"": ""Season offensive EPA"", ""value"": ""-0.055"", ""direction"": ""IND"", ""impact"": 0.2575555137562101}, {""feature"": ""diff_last3_win_pct"", ""label"": ""Recent win rate"", ""value"": ""-100.0%"", ""direction"": ""IND"", ""impact"": 0.2571923620500057}]",market_elo_form,5159,2
2025_03_KC_NYG,2025,3,NYG,KC,0.0,True,1,0,0,-6.0,260.0,-325.0,0.2664576802507837,1,-6.0,1,1365.1111159165955,1592.5786155552166,-227.4674996386209,0.2703588407418223,0.0236045171919954,-0.104271013664923,-0.0092427972008348,0.0001405458282248,-0.0259501635826919,-0.0981411432115156,-0.1965702572884677,-0.050737933725755,-0.0362420957542908,-0.1715684990559375,-2.177881180500851,1.9141004268415571,-4.091981607342407,-0.1398409877809734,-0.2840511477091615,-0.2421941390122963,0.0184818225922729,-0.0634100339331673,0.0012208816597715,-0.0151237617580431,-0.0057931311540457,-0.0867382708690967,-0.0189577403140598,0.000706739795223,0.0003364543651498,-0.1045383048221712,-0.8186475403389748,-3.2949892764197184,-1.333333333333332,-2.0,0.6666666666666661,0.0,0.6666666666666667,-0.191221580487455,0.5058430267073311,0.077959519316069,0.0018005584768404,-0.019557432381319,0.0198585741371506,0.0513003920085749,0.0661805053714679,-0.0391356642196507,-0.0132043701461858,0.0763945805127664,3.870080406123108,-8.557562925342777,0.2903104819101675,0.7096895180898325,0,KC,KC,1,KC was projected ahead because the strongest inputs for this specific matchup were: Closing spread -6.0 favored KC; Season offensive EPA -0.063 favored KC; Season QB EPA -0.105 favored NYG.,"[{""feature"": ""spread_line_clean"", ""label"": ""Closing spread"", ""value"": ""-6.0"", ""direction"": ""KC"", ""impact"": 1.1622709472569932}, {""feature"": ""diff_season_epa_per_play"", ""label"": ""Season offensive EPA"", ""value"": ""-0.063"", ""direction"": ""KC"", ""impact"": 0.2949983374734439}, {""feature"": ""diff_season_qb_epa_per_play"", ""label"": ""Season QB EPA"", ""value"": ""-0.105"", ""direction"": ""NYG"", ""impact"": 0.22221598136072912}]",market_elo_form,5159,2
2025_03_LA_PHI,2025,3,PHI,LA,1.0,True,1,0,0,3.5,-198.0,164.0,0.6369041816941223,1,3.5,1,1689.502588480006,1574.7574906205416,114.74509785946452,0.7265386387914312,0.1360782760333798,-0.0185542316160447,0.0224799480073839,-0.008932620904367,0.1298586375229529,0.2831968542057969,0.0309180813561188,0.0468153332702512,-0.0888500499978261,0.2121918758534622,1.244496029772101,0.0330330330330319,1.2114629967390702,-0.0001105399878406,-0.1635623353414764,0.0569122432204087,-0.05529113487637,0.0247431299535453,0.0060816129147583,5.398243518361934e-06,-0.0013142593067379,0.0171429354298016,0.0309165589308215,0.005088365117527,-0.0045073522836009,0.0482377279488919,1.111461404792334,1.3581069983973486,5.0,1.0,4.000000000000001,0.3333333333333333,1.6666666666666663,-1.5500034695116662,0.6063183799351828,0.0176827349919244,-0.0371579970087628,-0.0179347731806748,0.0434581470442125,0.079979012726294,0.0116301546933038,-0.0153973559120617,-0.0858516448941579,-0.0082014213834392,1.8333572552134112,-10.613577700145813,0.638661284127356,0.361338715872644,1,PHI,PHI,1,PHI was projected ahead because the strongest inputs for this specific matchup were: Closing spread +3.5 favored PHI; Season offensive EPA +0.025 favored PHI; Season QB EPA +0.048 favored LA.,"[{""feature"": ""spread_line_clean"", ""label"": ""Closing spread"", ""value"": ""+3.5"", ""direction"": ""PHI"", ""impact"": 0.18211101374365266}, {""feature"": ""diff_season_epa_per_play"", ""label"": ""Season offensive EPA"", ""value"": ""+0.025"", ""direction"": ""PHI"", ""impact"": 0.10955470825319555}, {""feature"": ""diff_season_qb_epa_per_play"", ""label"": ""Season QB EPA"", ""value"": ""+0.048"", ""direction"": ""LA"", ""impact"": 0.0980779369274849}]",market_elo_form,5159,2
2025_03_LV_WAS,2025,3,WAS,LV,1.0,True,1,4,0,2.5,-155.0,130.0,0.5829926410466066,1,2.5,1,1553.4529784215115,1412.090600613874,141.3623778076376,0.7559039845858354,-0.0056469351195438,-0.1491567017035532,-0.024834211774078,0.0143854401078003,-0.0595488286573628,-0.0839539723432109,-0.0714751955311232,-0.0224792694663023,0.0151469361161002,-0.0146960221006956,-1.210848834257952,-0.8760288625403376,-0.3348199717176112,-0.0183472932303563,0.2726349758874505,-0.1044308912086284,0.0665291030003238,0.0045908213331662,-0.0182513468622044,-0.0118030675900054,-0.0125468174412357,-0.0127983034329791,0.0615535289703282,0.0084472132059465,0.0090310448655169,0.0111815370185988,0.3164703122702783,-0.3350610823771025,4.333333333333336,7.0,-2.666666666666666,0.0,0.3333333333333332,-0.2134831173478533,-0.232217281464826,0.0949364109538731,0.0548303731957635,0.0282708381259104,0.0160489494114478,0.0037291666982603,0.2395484303093026,0.0139883793468185,0.0011655384338584,0.2110872346138037,-2.1716676314385435,-3.118731934170163,0.6046020542380008,0.39539794576199916,1,WAS,WAS,1,WAS was projected ahead because the strongest inputs for this specific matchup were: Rest differential +4 days favored WAS; Closing spread +2.5 favored WAS; Division matchup No favored WAS.,"[{""feature"": ""rest_diff"", ""label"": ""Rest differential"", ""value"": ""+4 days"", ""direction"": ""WAS"", ""impact"": 0.051894510031128126}, {""feature"": ""spread_line_clean"", ""label"": ""Closing spread"", ""value"": ""+2.5"", ""direction"": ""WAS"", ""impact"": 0.04059712311200571}, {""feature"": ""div_game"", ""label"": ""Division matchup"", ""value"": ""No"", ""direction"": ""WAS"", ""impact"": 0.03811807675497408}]",market_elo_form,5159,2
2025_03_MIA_BUF,2025,3,BUF,MIA,1.0,True,1,0,1,12.5,-800.0,550.0,0.8524590163934427,1,12.5,1,1655.889813028317,1435.6948964719777,220.19491655633897,0.8297913549559768,0.0438413984452944,-0.0782584283335207,0.0020151548651122,-0.0031654640730306,0.0064029519571485,0.1235970960877894,-0.1134237857066593,0.0049745943402738,-0.0339649561070047,0.2257473598849191,2.062481512886748,-1.264311490603614,3.326793003490367,0.0678945396462306,0.1900573839995267,0.123309689050389,-0.1713459736745397,0.0332585445815526,-0.0287707135661639,0.0050795171348973,0.0013180691174373,0.0199865770875197,0.0630176745109412,-0.0061666473988514,-0.0020981894782389,0.0523700697001748,-0.1435851149564232,-1.3371889334932374,15.000000000000004,-5.333333333333332,20.333333333333336,0.6666666666666666,2.3333333333333335,0.7056129314579573,0.0957133925617652,0.3178566320547411,-0.0731324371951697,0.044670452882796,-0.0083737588131225,0.4541820362562291,-0.035827181745488,-0.0653804625225112,0.0239270586044779,0.5149901987891309,-0.4909614992260169,-6.236422597554492,0.8477166549379346,0.15228334506206542,1,BUF,BUF,1,BUF was projected ahead because the strongest inputs for this specific matchup were: Closing spread +12.5 favored BUF; Recent win rate +66.7% favored BUF; Season offensive EPA +0.033 favored BUF.,"[{""feature"": ""spread_line_clean"", ""label"": ""Closing spread"", ""value"": ""+12.5"", ""direction"": ""BUF"", ""impact"": 1.4557360294284751}, {""feature"": ""diff_last3_win_pct"", ""label"": ""Recent win rate"", ""value"": ""+66.7%"", ""direction"": ""BUF"", ""impact"": 0.17811336801658637}, {""feature"": ""diff_season_epa_per_play"", ""label"": ""Season offensive EPA"", ""value"": ""+0.033"", ""direction"": ""BUF"", ""impact"": 0.14863370180823898}]",market_elo_form,5159,2
2025_03_NO_SEA,2025,3,SEA,NO,1.0,True,1,0,0,7.5,-375.0,295.0,0.7571884984025559,1,7.5,1,1540.1919812409667,1382.0575428698442,158.13443837112254,0.7732756204093814,0.1007979017425481,-0.1007256481480601,0.0023422807067109,0.0127616215858272,0.0434159775985274,-0.0348712199674168,-0.0625209780316009,0.0298265460030167,-0.022029172029172,-0.0070254866662334,-3.240488194616635,-1.7645259938837905,-1.4759622007328428,-0.0134170868115821,0.122103755131278,-0.4384791046078726,-0.2921084136148248,-0.057033087788955,-0.017744614728369,-0.0346952636980447,-0.0012766020281049,-0.0617863845979649,-0.0405228228401741,0.0312913827488838,0.0002338687487,-0.1053720587314803,-0.2328906539644208,-1.6149510572356254,7.0,-4.666666666666664,11.666666666666668,0.6666666666666666,0.3333333333333333,1.2871114317883148,0.2045582853165095,0.0699360807725014,-0.1064660476209908,0.0526447523754893,-0.0271761209361729,0.0609845600943817,0.1202710381876675,0.008251716762355,-0.0212607375650854,0.1122153169842744,3.049620963714454,-4.768579821791721,0.7546532714520641,0.24534672854793593,1,SEA,SEA,1,SEA was projected ahead because the strongest inputs for this specific matchup were: Closing spread +7.5 favored SEA; Season offensive EPA -0.057 favored NO; Season QB EPA -0.105 favored SEA.,"[{""feature"": ""spread_line_clean"", ""label"": ""Closing spread"", ""value"": ""+7.5"", ""direction"": ""SEA"", ""impact"": 0.7481665762702404}, {""feature"": ""diff_season_epa_per_play"", ""label"": ""Season offensive EPA"", ""value"": ""-0.057"", ""direction"": ""NO"", ""impact"": 0.26573321672983446}, {""feature"": ""diff_season_qb_epa_per_play"", ""label"": ""Season QB EPA"", ""value"": ""-0.105"", ""direction"": ""SEA"", ""impact"": 0.2239639407864127}]",market_elo_form,5159,2
2025_03_NYJ_TB,2025,3,TB,NYJ,1.0,True,1,-1,0,6.5,-345.0,275.0,0.7440690150970525,1,6.5,1,1556.8214291843694,1422.6885486496926,134.1328805346768,0.7481436987246091,0.0938713571622398,-0.128910957919089,0.0108487147427974,-0.0063325657849519,0.0226703563929574,0.2140247238510457,-0.1885216054251679,0.0341805142011412,-0.0252588823457564,0.1269867232276179,2.7836021109112856,0.51006810342286,2.2735340074884283,0.038542802952131,0.146898984836424,0.4622908526437008,0.2822300317926283,0.0652211114029171,0.0137007333908605,0.0249636279488199,0.0190071410134764,0.1161663167946711,-0.0264443170832757,-0.0145987729095094,-0.0040155949112204,0.1081193398162008,1.4488104997427955,4.50702016395652,-3.666666666666668,-7.333333333333332,3.666666666666667,0.3333333333333333,-0.3333333333333333,-0.0709735549410952,-0.0101066015111923,0.1399376599267294,-0.0516900068424269,0.0572027296215816,-0.012060491958717,0.24927019023325,-0.0622518498739439,-0.0283439956301107,-0.0300625557933079,0.1830468749897421,2.7073910043529987,5.022860001500487,0.7326225680687812,0.26737743193121877,1,TB,TB,1,TB was projected ahead because the strongest inputs for this specific matchup were: Closing spread +6.5 favored TB; Season offensive EPA +0.065 favored TB; Season QB EPA +0.108 favored NYJ.,"[{""feature"": ""spread_line_clean"", ""label"": ""Closing spread"", ""value"": ""+6.5"", ""direction"": ""TB"", ""impact"": 0.6066526856385935}, {""feature"": ""diff_season_epa_per_play"", ""label"": ""Season offensive EPA"", ""value"": ""+0.065"", ""direction"": ""TB"", ""impact"": 0.29531651143991094}, {""feature"": ""diff_season_qb_epa_per_play"", ""label"": ""Season QB EPA"", ""value"": ""+0.108"", ""direction"": ""NYJ"", ""impact"": 0.22361933076074042}]",market_elo_form,5159,2
2025_03_PIT_NE,2025,3,NE,PIT,0.0,True,1,0,0,-1.5,100.0,-120.0,0.4782608695652174,1,-1.5,1,1408.370609066209,1496.469387184283,-88.09877811807405,0.4525106073741671,0.2064648466277145,0.0058161183092643,0.0549893544544317,-0.0192236901462276,0.2065886855743843,0.123355218737285,-0.4443049842073003,-0.0548071596861918,0.0233901109372807,-0.0676529626299527,3.8727415343750273,-0.3450783944950011,4.217819928870032,0.0607189653174553,0.4513454973303978,0.133795151199453,0.2595480120167002,0.0584213434626903,0.0182171649448593,0.0299821310972173,0.0197750187391965,0.0491026179854491,0.0750922260355938,-0.0091678848332583,-0.0093823067479519,0.1019266413335746,-0.2596215641191904,1.230864737703406,1.333333333333332,-9.333333333333332,10.666666666666666,0.3333333333333333,0.0,-0.122654345197243,-0.8243755927816636,0.0264419758414613,-0.1639850736010693,0.0429598898584828,-0.0590144250296054,0.1995487832723281,-0.1411474022405705,-0.0333021728138265,0.0349312991418254,0.0802153881261646,1.9669384766847784,-1.190212682300205,0.4519150495460867,0.5480849504539134,0,PIT,PIT,1,PIT was projected ahead because the strongest inputs for this specific matchup were: Closing spread -1.5 favored PIT; Season offensive EPA +0.058 favored NE; Season QB EPA +0.102 favored PIT.,"[{""feature"": ""spread_line_clean"", ""label"": ""Closing spread"", ""value"": ""-1.5"", ""direction"": ""PIT"", ""impact"": 0.525458439414582}, {""feature"": ""diff_season_epa_per_play"", ""label"": ""Season offensive EPA"", ""value"": ""+0.058"", ""direction"": ""NE"", ""impact"": 0.26411097429108776}, {""feature"": ""diff_season_qb_epa_per_play"", ""label"": ""Season QB EPA"", ""value"": ""+0.102"", ""direction"": ""PIT"", ""impact"": 0.21063638032145196}]",market_elo_form,5159,2
2025_04_BAL_KC,2025,4,KC,BAL,1.0,True,1,1,0,-2.5,124.0,-148.0,0.4279403644395361,1,-2.5,1,1605.811112580936,1611.699306672964,-5.888194092028016,0.5702105596688917,0.1799376499884412,-0.0155563382312448,0.0353455252547085,-0.0072225310431337,0.148483526831996,0.0281806760892037,-0.194725347195056,-0.0378338186969501,0.0287436844828599,-0.0264295626275219,-0.6383796881584516,2.337679098187948,-2.976058786346397,-0.0171723556679308,-0.0061630847029077,0.1280164282472125,0.4552107403258292,0.0176837365771273,0.0688699801846327,0.0099725730785881,0.0291568716452141,0.0180634749273294,-0.0213166472903562,0.000100673489559,-0.0066466471139659,0.0059137219635714,0.1551019518014264,5.2259957407064235,-17.0,-13.333333333333332,-3.666666666666667,0.0,0.6666666666666666,-1.0413308461236008,-0.9677466770939828,-0.1189229319668021,-0.075750649631781,-0.0147308380546372,-0.0264777398751463,-0.2181799657497194,0.0481652569542369,-0.072446701021251,0.049356035287219,-0.2907399946582982,-6.343945262743333,6.641391175855842,0.43611583734113507,0.5638841626588649,0,BAL,KC,0,BAL was projected ahead because the strongest inputs for this specific matchup were: Closing spread -2.5 favored BAL; Market win probability 42.8% favored BAL; Division matchup No favored KC.,"[{""feature"": ""spread_line_clean"", ""label"": ""Closing spread"", ""value"": ""-2.5"", ""direction"": ""BAL"", ""impact"": 0.3278179884732172}, {""feature"": ""mkt_home_prob"", ""label"": ""Market win probability"", ""value"": ""42.8%"", ""direction"": ""BAL"", ""impact"": 0.2135949307456663}, {""feature"": ""div_game"", ""label"": ""Division matchup"", ""value"": ""No"", ""direction"": ""KC"", ""impact"": 0.03395818790202062}]",market_elo_form,5175,3
2025_04_CAR_NE,2025,4,NE,CAR,1.0,True,1,0,0,5.5,-265.0,215.0,0.6957699520733487,1,5.5,1,1389.830161134938,1396.3174383917385,-6.487277256800553,0.5693652057963361,0.1701039623872086,-0.0324153210477858,0.0325458221420725,-0.0112060121756464,0.1692786633557109,0.3299946497843465,-0.3136551572771732,0.0337747253073847,0.082457306071974,0.1312036716545178,5.695484793488422,-3.4812737172083814,9.176758510696803,0.2246603970741901,0.5429797063190893,0.3792191707025543,0.0018960899142959,0.1064758739621875,-0.0179972464401182,0.0438370182413582,-0.0024794834621117,0.1550664245863629,0.0285133980482305,-0.0138146633273229,-0.001704466093516,0.1861037537211777,1.6400704372171613,4.352344151466104,-0.6666666666666679,5.0,-5.666666666666666,0.0,-0.6666666666666667,1.030083088954055,-0.1439154741828838,0.079351295581727,0.1158311384494249,0.0132207152166831,0.0424425062088841,0.2960361321452118,-0.2567660731277061,0.0563233940574853,0.0686385114697274,0.1667027394396948,6.309133428608671,4.245215857128983,0.6938839614473368,0.3061160385526632,1,NE,NE,1,NE was projected ahead because the strongest inputs for this specific matchup were: Closing spread +5.5 favored NE; Market win probability 69.6% favored NE; Season offensive EPA +0.106 favored NE.,"[{""feature"": ""spread_line_clean"", ""label"": ""Closing spread"", ""value"": ""+5.5"", ""direction"": ""NE"", ""impact"": 0.2290482168400049}, {""feature"": ""mkt_home_prob"", ""label"": ""Market win probability"", ""value"": ""69.6%"", ""direction"": ""NE"", ""impact"": 0.20028602196622589}, {""feature"": ""diff_season_epa_per_play"", ""label"": ""Season offensive EPA"", ""value"": ""+0.106"", ""direction"": ""NE"", ""impact"": 0.06647724678717604}]",market_elo_form,5175,3
2025_04_CHI_LV,2025,4,LV,CHI,0.0,True,1,0,0,1.5,-125.0,105.0,0.5324675324675325,1,1.5,1,1399.1362818635537,1429.4582072772805,-30.32192541372683,0.5354549989670584,0.0728830038140754,-0.149958386892364,0.0064044846455335,0.0003067481246759,-0.0073137813415517,0.0090122531424302,-0.3901221579046594,-0.1216486315927158,0.0511896729001991,-0.2044017585353838,0.4551172098341922,2.7358490566037723,-2.2807318467695823,-0.0355202973127501,-0.3834333905088622,0.3082940044639146,0.1015766631292489,0.0264219891147737,0.0644415952146873,0.0235418363215235,0.0206765665012616,0.0669865778949692,-0.0533979325010145,-0.0122762875891708,-0.0066708466237772,0.0592928297416254,0.0797037306083026,0.7119158444474227,-7.666666666666664,-6.333333333333332,-1.333333333333333,0.0,-1.3333333333333333,-0.4723046214208839,-0.4694779223531249,-0.0852645231819697,-0.0607521940766639,-0.0356626433413549,-0.0543098150597611,-0.0700615459208378,-0.0653828276483377,0.0547028909483009,0.0087916538388236,-0.138124440059052,1.3890369354524963,1.3017380498465947,0.5426134600758841,0.45738653992411593,1,LV,CHI,0,LV was projected ahead because the strongest inputs for this specific matchup were: Market win probability 53.2% favored LV; Closing spread +1.5 favored LV; Division matchup No favored LV.,"[{""feature"": ""mkt_home_prob"", ""label"": ""Market win probability"", ""value"": ""53.2%"", ""direction"": ""LV"", ""impact"": 0.05206757945521631}, {""feature"": ""spread_line_clean"", ""label"": ""Closing spread"", ""value"": ""+1.5"", ""direction"": ""LV"", ""impact"": 0.04938488581660616}, {""feature"": ""div_game"", ""label"": ""Division matchup"", ""value"": ""No"", ""direction"": ""LV"", ""impact"": 0.03395818790202062}]",market_elo_form,5175,3
2025_04_CIN_DEN,2025,4,DEN,CIN,1.0,True,1,0,0,7.5,-470.0,360.0,0.7913616398243045,1,7.5,1,1540.4139302009703,1522.7833295974062,17.63060060356429,0.6030273930868829,0.0613927153793771,-0.1086582116261508,-0.0106325197265652,0.0022686370702543,0.0056755035292245,0.0120054025227984,-0.1093560683956271,-0.0724132621191444,-0.0273621337675066,-0.0379928600643843,0.201959502336404,0.1964021306463088,0.0055573716900947,0.0201430686691152,-0.2001326846528085,0.1992357054005786,-0.2535518177684857,0.0007474061574915,-0.0213026114863992,-0.0065303382019225,-0.0188267339525561,0.0009293463126023,-0.0039182992408672,-0.0053601259463891,0.0108042451790283,0.0002554883557415,-0.4687181290655167,-2.166802107036586,3.3333333333333357,-9.0,12.333333333333334,-0.3333333333333333,0.3333333333333332,1.3562906190144028,-0.7025731466193266,0.2284975489549928,-0.1114783195807187,-0.0155157715260016,-0.0733356919727543,0.3610823864613042,0.0307125285544449,-0.0709731004179616,0.0430945950314931,0.2770034134104479,-1.589159368801347,5.347769635979539,0.7170655840307801,0.28293441596921987,1,DEN,DEN,1,DEN was projected ahead because the strongest inputs for this specific matchup were: Closing spread +7.5 favored DEN; Market win probability 79.1% favored DEN; Recent win rate -33.3% favored CIN.,"[{""feature"": ""spread_line_clean"", ""label"": ""Closing spread"", ""value"": ""+7.5"", ""direction"": ""DEN"", ""impact"": 0.3682647681683104}, {""feature"": ""mkt_home_prob"", ""label"": ""Market win probability"", ""value"": ""79.1%"", ""direction"": ""DEN"", ""impact"": 0.3480052457728063}, {""feature"": ""diff_last3_win_pct"", ""label"": ""Recent win rate"", ""value"": ""-33.3%"", ""direction"": ""CIN"", ""impact"": 0.05945750264256688}]",market_elo_form,5175,3
2025_04_CLE_DET,2025,4,DET,CLE,1.0,True,1,-1,0,10.0,-550.0,410.0,0.8118668596237336,1,10.0,1,1640.0286684887146,1403.0817941789376,236.94687430977703,0.8429814897157327,0.0461420271340539,-0.1543309738496078,-0.0005606615858663,0.0026608114854869,-0.0162771949102213,0.4664063780629695,0.0222174449587982,0.1209564459528065,-0.0887730049395466,0.5428845071105641,4.342987621680088,1.7054240275607917,2.637563594119296,0.0743300084124504,0.0602491687697793,0.4229063350180269,0.2982880805509706,0.062598364705258,0.0198769772897743,0.0322505946753525,0.0160372824639288,0.1106870221998368,-0.0295124384276104,-0.005221220257831,6.743717214915262e-05,0.1050156435621283,1.0038723133523204,2.2654911377443905,19.0,3.333333333333332,15.666666666666668,0.3333333333333333,1.3333333333333333,2.277459448187114,1.8397962044122989,0.3819998421556997,0.0741890983950367,0.1484859695692867,0.0332137284033673,0.6492627827060987,-0.0015595316209672,-0.013971050393759,-0.0266183637151379,0.7528162654333849,6.33778214834016,-7.880762796981592,0.8179198841202912,0.18208011587970885,1,DET,DET,1,DET was projected ahead because the strongest inputs for this specific matchup were: Closing spread +10.0 favored DET; Market win probability 81.2% favored DET; Elo rating edge +237 Elo favored DET.,"[{""feature"": ""spread_line_clean"", ""label"": ""Closing spread"", ""value"": ""+10.0"", ""direction"": ""DET"", ""impact"": 0.5422854573286924}, {""feature"": ""mkt_home_prob"", ""label"": ""Market win probability"", ""value"": ""81.2%"", ""direction"": ""DET"", ""impact"": 0.37969225982204513}, {""feature"": ""elo_diff"", ""label"": ""Elo rating edge"", ""value"": ""+237 Elo"", ""direction"": ""DET"", ""impact"": 0.15072600393071683}]",market_elo_form,5175,3
2025_04_GB_DAL,2025,4,DAL,GB,0.0,True,1,0,0,-7.0,275.0,-345.0,0.2559309849029475,1,-7.0,1,1441.1483758451857,1593.620528487761,-152.47215264257557,0.3632941787142054,0.1413907975902375,-0.0479016456315142,0.0178404856845922,-0.0117509049459541,0.1234598144127678,0.2233290293355221,0.1198195196611108,0.098362097527183,-0.0432340470590164,0.2267804724371429,-0.9306883540315772,0.6481298311169716,-1.5788181851485512,-0.0584496464812982,-0.5584038539033593,-0.0317219367547361,-0.0104982080362416,-0.045138252609265,0.0082062340023918,-0.0032476926360364,0.0016000674744645,-0.0619550737057426,0.011530142381662,-0.0022457789108065,-0.0018409122610934,-0.0588143495050944,-0.5427954659315408,-4.001693698311023,3.3333333333333357,16.0,-12.666666666666668,-0.3333333333333333,-2.0,0.1879509644964887,2.8737035812145915,-0.0056171848413708,0.3119214280168175,0.0390638114535798,0.1006580131677976,-0.1346797241310273,0.0828047792748363,-0.0419385354594582,-0.0423435632737958,-0.0280292562628139,-0.6740863916821294,2.1279040732147827,0.2945933483394952,0.7054066516605049,0,GB,GB,1,GB was projected ahead because the strongest inputs for this specific matchup were: Closing spread -7.0 favored GB; Market win probability 25.6% favored GB; Elo rating edge -152 Elo favored GB.,"[{""feature"": ""spread_line_clean"", ""label"": ""Closing spread"", ""value"": ""-7.0"", ""direction"": ""GB"", ""impact"": 0.6410552289619046}, {""feature"": ""mkt_home_prob"", ""label"": ""Market win probability"", ""value"": ""25.6%"", ""direction"": ""GB"", ""impact"": 0.4794035238400203}, {""feature"": ""elo_diff"", ""label"": ""Elo rating edge"", ""value"": ""-152 Elo"", ""direction"": ""GB"", ""impact"": 0.09940755475480179}]",market_elo_form,5175,3
2025_04_IND_LA,2025,4,LA,IND,1.0,True,1,0,0,3.5,-185.0,154.0,0.6224665518611737,1,3.5,1,1564.1991971304851,1511.9806859351136,52.218511195371775,0.6495813199535404,0.0841823996494466,-0.083141040622618,-0.0020286421847164,-0.0018291433857473,0.0471336506518942,0.1665387689741316,0.1410483304742328,0.0245294474802669,-0.0057988135194017,0.2458885431922797,0.047339246119737,-0.7753510716925369,0.822690317812269,0.0065040650406503,0.1189948263118995,0.0781498476482811,-0.1648089823802729,-0.0162160007469622,-0.0339450059396703,-0.0037237985607631,-0.0248280884485436,-0.020712830076738,0.0065253211780139,0.0096259200633943,0.012568857313994,-0.0295083278304585,-0.5224193821501565,-1.0564435835719617,-10.000000000000004,1.6666666666666643,-11.666666666666666,-0.3333333333333333,-2.0,-0.4562160851553773,-0.5867424242424248,-0.1899149192429854,-0.031937165571934,-0.0496689518322873,-0.0620009620009622,-0.3084817957908347,-0.0026168189613363,0.0319849032116833,0.0484932338515363,-0.3706500198926766,0.0861855888704103,3.673699427910064,0.6070147038975169,0.3929852961024831,1,LA,LA,1,LA was projected ahead because the strongest inputs for this specific matchup were: Closing spread +3.5 favored LA; Market win probability 62.2% favored LA; Recent win rate -33.3% favored IND.,"[{""feature"": ""spread_line_clean"", ""label"": ""Closing spread"", ""value"": ""+3.5"", ""direction"": ""LA"", ""impact"": 0.08983166551169935}, {""feature"": ""mkt_home_prob"", ""label"": ""Market win probability"", ""value"": ""62.2%"", ""direction"": ""LA"", ""impact"": 0.08700921269033425}, {""feature"": ""diff_last3_win_pct"", ""label"": ""Recent win rate"", ""value"": ""-33.3%"", ""direction"": ""IND"", ""impact"": 0.05945750264256688}]",market_elo_form,5175,3
2025_04_JAX_SF,2025,4,SF,JAX,0.0,True,1,0,0,3.5,-180.0,150.0,0.6164383561643836,1,3.5,1,1519.784911605905,1448.5749189392768,71.20999266662852,0.6740418318020733,0.0575237139316054,-0.121700110718132,-0.0081111663381584,0.0166128535226394,0.0051667025178943,0.323222881257341,-0.0797768482075193,0.1175272629392464,-0.0045530688823371,0.1927265307922187,2.5199604780634246,-2.12872180736856,4.6486822854319865,0.1551046001254062,0.2142354975393793,0.3835990453731686,-0.3411696656407716,0.0429166920836268,-0.0505886550252178,0.0117935163004807,-0.0111295812831724,0.0845315097888129,0.0070850549269157,0.0069348319014886,0.0065791973758973,0.0836507207183031,0.603127450565311,-1.3480528490305543,-3.666666666666664,-0.6666666666666679,-2.9999999999999996,0.3333333333333333,-2.333333333333333,0.1436575979919627,-0.2915958528328408,0.0086084411739595,0.0533666128885394,0.0547487099153837,0.0555698670843342,0.1837481244421769,-0.2228683223494464,0.0174069801125955,0.0021825396825397,0.0187939172356319,6.769655515197977,-1.1377080985793666,0.6557006441062311,0.3442993558937689,1,SF,JAX,0,SF was projected ahead because the strongest inputs for this specific matchup were: Closing spread +3.5 favored SF; Market win probability 61.6% favored SF; Recent win rate +33.3% favored SF.,"[{""feature"": ""spread_line_clean"", ""label"": ""Closing spread"", ""value"": ""+3.5"", ""direction"": ""SF"", ""impact"": 0.08983166551169935}, {""feature"": ""mkt_home_prob"", ""label"": ""Market win probability"", ""value"": ""61.6%"", ""direction"": ""SF"", ""impact"": 0.077693754304413}, {""feature"": ""diff_last3_win_pct"", ""label"": ""Recent win rate"", ""value"": ""+33.3%"", ""direction"": ""SF"", ""impact"": 0.0651270003133127}]",market_elo_form,5175,3
2025_04_LAC_NYG,2025,4,NYG,LAC,1.0,True,1,0,0,-6.0,230.0,-285.0,0.2904564315352697,1,-6.0,1,1351.8786188908764,1578.3353231977312,-226.4567043068548,0.2715081801205941,0.0322686215640179,-0.0943742871064063,-0.011274519108959,-0.0038382536571123,-0.0171675146182155,0.1367663365705264,-0.0010564787495641,0.0635496643544128,-0.0012701671436274,0.059615080538759,-2.3100852651212342,1.2656319388933284,-3.575717204014566,-0.0704547473132605,-0.324362732036593,-0.3255941965692166,0.0139398174832985,-0.0648728402283205,0.011209706852872,-0.0187840883399253,-0.0074954151386039,-0.1157766464106386,0.0224062380672104,0.0054521418133349,-0.0036548358599385,-0.1182598782281715,-0.9382637948829656,-1.935180887724517,-6.0,11.0,-17.0,-1.0,-1.0,-0.5100469056722243,0.7235155510310705,-0.1086575739033789,0.2628874890333826,-0.0657392018272685,0.1535857558310844,-0.2474651084165218,0.1209357343882993,-0.0220892214301156,0.0049799854479885,-0.1748145158256164,-0.6458683826363052,-8.445611637466387,0.27120533913118694,0.7287946608688131,0,LAC,NYG,0,LAC was projected ahead because the strongest inputs for this specific matchup were: Closing spread -6.0 favored LAC; Market win probability 29.0% favored LAC; Recent win rate -100.0% favored LAC.,"[{""feature"": ""spread_line_clean"", ""label"": ""Closing spread"", ""value"": ""-6.0"", ""direction"": ""LAC"", ""impact"": 0.5714469532977519}, {""feature"": ""mkt_home_prob"", ""label"": ""Market win probability"", ""value"": ""29.0%"", ""direction"": ""LAC"", ""impact"": 0.4260508495846047}, {""feature"": ""diff_last3_win_pct"", ""label"": ""Recent win rate"", ""value"": ""-100.0%"", ""direction"": ""LAC"", ""impact"": 0.18404200559844647}]",market_elo_form,5175,3
2025_04_MIN_PIT,2025,4,PIT,MIN,1.0,True,1,0,0,-2.5,124.0,-148.0,0.4279403644395361,1,-2.5,1,1515.009835115554,1558.943317687357,-43.93348257180287,0.5159206150672363,0.1573301177670244,-0.06954092141046,0.0070754084237457,-0.004112895495722,0.1043734229411662,0.376453320278083,0.1517927623004251,0.0505716894183115,-0.0353245834082954,0.2834487652301314,-0.0865989083380398,-2.079616036137775,1.9930171277997368,0.0780350084697911,0.0463579898362506,0.0591365482406534,-0.1814722706488334,0.0365711040076154,-0.0004422975153481,0.0103280584908265,-0.0179452292937927,0.0599673790368326,-0.0080370441972592,-0.0070629018850667,0.0062348103427334,0.0624844243189315,0.5500406762141126,2.497907490455317,-3.0,7.0,-10.0,0.0,0.6666666666666666,-0.2418002186562624,1.612947422947422,0.1888515162856591,0.3082077326239272,0.0071278344227324,0.0902059052059052,0.3309219190998108,-0.0636095081490716,-0.0747542518333593,-0.0328521705478976,0.3337071239747942,3.1120423245231663,0.3869131464529072,0.46275029116905125,0.5372497088309487,0,MIN,PIT,0,MIN was projected ahead because the strongest inputs for this specific matchup were: Closing spread -2.5 favored MIN; Market win probability 42.8% favored MIN; Recent defensive EPA allowed +0.308 favored MIN.,"[{""feature"": ""spread_line_clean"", ""label"": ""Closing spread"", ""value"": ""-2.5"", ""direction"": ""MIN"", ""impact"": 0.3278179884732172}, {""feature"": ""mkt_home_prob"", ""label"": ""Market win probability"", ""value"": ""42.8%"", ""direction"": ""MIN"", ""impact"": 0.2135949307456663}, {""feature"": ""diff_last3_epa_per_play_allowed"", ""label"": ""Recent defensive EPA allowed"", ""value"": ""+0.308"", ""direction"": ""MIN"", ""impact"": 0.08053224161191275}]",market_elo_form,5175,3
2025_04_NO_BUF,2025,4,BUF,NO,1.0,True,1,3,0,15.5,-1350.0,800.0,0.8933823529411765,1,15.5,1,1663.145108405202,1367.7302266477218,295.4148817574801,0.8825860128468436,0.06115345434322,-0.0613205674246538,0.0062420667377148,-0.0005134491953691,0.0245688205919464,0.2677867067357627,0.007985137056052,0.0514711856559412,-0.0310957078430196,0.4291550384611066,-3.73799307437519,-1.054576934658236,-2.6834161397169525,-0.0546145739235169,0.0408009635651911,-0.4756371013749749,-0.2972691769420761,-0.0613110914311394,-0.0122609371537628,-0.0305666453615002,0.0050917590830679,-0.1006196743788976,-6.927925250227451e-06,0.0178243174383962,0.0003576301074633,-0.1227232956610394,-1.5380222279270792,-2.295659434755358,18.333333333333336,-6.333333333333332,24.666666666666668,1.0,1.0,1.8929318800282653,0.3958731429970434,0.3499528421670032,-0.0485976696428335,0.0765983969743356,-0.042664230526125,0.3607658979116804,0.2672080050253057,-0.0091481523848258,0.0044592141366334,0.6102637765826675,1.1257594366344956,3.1323518313540424,0.8899443684360161,0.1100556315639839,1,BUF,BUF,1,BUF was projected ahead because the strongest inputs for this specific matchup were: Closing spread +15.5 favored BUF; Market win probability 89.3% favored BUF; Recent win rate +100.0% favored BUF.,"[{""feature"": ""spread_line_clean"", ""label"": ""Closing spread"", ""value"": ""+15.5"", ""direction"": ""BUF"", ""impact"": 0.9251309734815326}, {""feature"": ""mkt_home_prob"", ""label"": ""Market win probability"", ""value"": ""89.3%"", ""direction"": ""BUF"", ""impact"": 0.5056593358761319}, {""feature"": ""diff_last3_win_pct"", ""label"": ""Recent win rate"", ""value"": ""+100.0%"", ""direction"": ""BUF"", ""impact"": 0.18971150326919228}]",market_elo_form,5175,3
2025_04_NYJ_MIA,2025,4,MIA,NYJ,1.0,True,1,3,1,2.5,-148.0,124.0,0.5720596355604638,1,2.5,1,1428.4396010950925,1417.592780678051,10.8468204170415,0.5936426918950082,0.0467929743551761,-0.1176709665478445,0.0100374681530159,0.0052334073353519,-0.0226712577693955,-0.211001917007657,-0.0006080110122625,0.0093028917650362,0.0120026875245092,-0.1800209877954397,1.2576819407008095,0.230188679245284,1.027493261455526,0.0451332734351602,0.1924528301886793,0.2868669142722408,0.2459225683963337,0.0399203597743998,0.0239710953875067,0.0236942903470167,0.0135604863635527,0.0691175217953902,-0.0145039941186814,-0.0031849610606255,0.0024401642740575,0.0630716115977777,1.5550461133499267,3.5478176575083027,-4.333333333333332,1.3333333333333357,-5.666666666666666,0.0,-0.6666666666666667,0.5390256462343279,0.5698869900313355,0.0346241535877269,0.1321705115378437,-0.0094903368459222,0.0961418460021923,-0.1048016772749395,0.3176455135847736,-0.0127447006829895,0.0041982922201138,0.0164118488840554,0.7027890122590384,7.059208726141872,0.5830358487220695,0.4169641512779305,1,MIA,MIA,1,MIA was projected ahead because the strongest inputs for this specific matchup were: Division matchup Yes favored NYJ; Rest differential +3 days favored MIA; Recent defensive EPA allowed +0.132 favored NYJ.,"[{""feature"": ""div_game"", ""label"": ""Division matchup"", ""value"": ""Yes"", ""direction"": ""NYJ"", ""impact"": 0.06026895547221891}, {""feature"": ""rest_diff"", ""label"": ""Rest differential"", ""value"": ""+3 days"", ""direction"": ""MIA"", ""impact"": 0.04245045183406511}, {""feature"": ""diff_last3_epa_per_play_allowed"", ""label"": ""Recent defensive EPA allowed"", ""value"": ""+0.132"", ""direction"": ""NYJ"", ""impact"": 0.03479046045043054}]",market_elo_form,5175,3
2025_04_PHI_TB,2025,4,TB,PHI,0.0,True,1,0,0,-3.5,154.0,-185.0,0.3775334481388264,1,-3.5,1,1561.9171971560108,1700.0608819700624,-138.14368481405154,0.3825795749722893,0.110218099910248,-0.1141973546572883,0.0059571304804748,-0.0114593509206098,0.0380370226380505,0.2489600471906127,-0.1163626101316574,-0.0418099363700069,0.0207477451386456,0.1354619920520304,-2.895060810056904,1.2935991371294655,-4.188659947186373,-0.130639342433146,-0.112693866924536,-0.1840204985518365,0.2216202385949204,-0.0450899226115623,0.0288321133341219,-0.0175390176028933,0.0144987853298687,-0.0193424895113107,-0.0897777878536256,-0.0072744315866988,-0.00897363308861,-0.0854221834594705,-0.281293638053513,0.0756362438709459,-1.666666666666668,1.0,-2.666666666666667,0.0,0.0,0.2775962114858128,-0.3950324640536777,0.023881802551272,-0.0536775259018176,-0.0368193592482823,-0.0222783872615116,0.2418139457452109,-0.2204420017533244,-0.0237598697095265,0.0409879891263158,0.0232357842495808,-5.167208385893551,4.930935733838234,0.3704067174195288,0.6295932825804712,0,PHI,PHI,1,PHI was projected ahead because the strongest inputs for this specific matchup were: Closing spread -3.5 favored PHI; Market win probability 37.8% favored PHI; Elo rating edge -138 Elo favored PHI.,"[{""feature"": ""spread_line_clean"", ""label"": ""Closing spread"", ""value"": ""-3.5"", ""direction"": ""PHI"", ""impact"": 0.39742626413737}, {""feature"": ""mkt_home_prob"", ""label"": ""Market win probability"", ""value"": ""37.8%"", ""direction"": ""PHI"", ""impact"": 0.2914894708004803}, {""feature"": ""elo_diff"", ""label"": ""Elo rating edge"", ""value"": ""-138 Elo"", ""direction"": ""PHI"", ""impact"": 0.09020402231184747}]",market_elo_form,5175,3
2025_04_SEA_ARI,2025,4,ARI,SEA,0.0,True,1,0,1,-1.5,105.0,-125.0,0.4675324675324675,1,-1.5,1,1488.8318335853642,1554.519297463089,-65.6874638777249,0.4846243524926307,0.0359140898124859,-0.0927742075567327,-0.0045882243721463,-0.0001015179427726,-0.0193981911377969,0.2437446971901417,-0.0552013928184457,-0.0071019889759154,0.0158697822490926,0.1553632264386589,-1.2481019269871467,2.6376592609174168,-3.885761187904565,-0.1016938086443934,-0.3525379148245564,-0.1764938924221724,0.0830127301372432,-0.050970973110127,-0.0011686795784485,-0.0083101028227638,0.0070719741830521,-0.0849758537317517,-0.0096138851029767,-0.012458695338937,0.0029853478147658,-0.0816474618297627,-2.0959147202269404,1.071972561439556,-8.666666666666664,1.333333333333334,-10.0,0.0,0.3333333333333333,-0.9148601080723252,0.2139787129175907,0.0530238270969297,0.0228213098716103,-0.0484373658654167,0.0537047763278663,-0.0238647499471295,-0.0079354222930739,0.0319361233154336,-0.0168314165781028,0.0395022573072841,-4.659536701182521,10.10386831091074,0.4359646719696359,0.564035328030364,0,SEA,SEA,1,SEA was projected ahead because the strongest inputs for this specific matchup were: Closing spread -1.5 favored SEA; Market win probability 46.8% favored SEA; Division matchup Yes favored SEA.,"[{""feature"": ""spread_line_clean"", ""label"": ""Closing spread"", ""value"": ""-1.5"", ""direction"": ""SEA"", ""impact"": 0.25820971280906446}, {""feature"": ""mkt_home_prob"", ""label"": ""Market win probability"", ""value"": ""46.8%"", ""direction"": ""SEA"", ""impact"": 0.15241267865492983}, {""feature"": ""div_game"", ""label"": ""Division matchup"", ""value"": ""Yes"", ""direction"": ""SEA"", ""impact"": 0.06026895547221891}]",market_elo_form,5175,3
2025_04_TEN_HOU,2025,4,HOU,TEN,1.0,True,1,0,1,7.5,-440.0,340.0,0.7819063004846527,1,7.5,1,1484.0871525247255,1324.7315227131353,159.35562981159023,0.774505709876881,0.0449433789766021,-0.1257712172800861,-0.0101055095889919,0.0056152368231494,-0.0212500860013751,-0.3182473248592982,-0.3636311704026829,-0.1259454090738243,0.0599869855419036,-0.3653055975045015,0.5100480769230771,0.0969230769230797,0.4131249999999999,-0.0072115384615384,-0.0257211538461539,0.0739662820879925,0.0821966899459623,0.003884307077526,-0.0136944091860249,0.0047872855329208,-0.0040432918510964,0.0154350635739638,0.0024631170733952,-0.0043624641802069,0.002507645856069,0.0056454255518799,0.1476713759800085,3.1925375177706776,-4.333333333333334,-14.333333333333332,10.0,0.0,-1.0,1.3677915148254125,-1.6590880402689026,0.086740403704891,-0.1956450095924292,0.009051267313979,-0.0404354488127371,0.1273652872000955,-0.0185613009016107,-0.0515607204504321,0.0581835236622454,0.2332355035594149,1.2877217733707602,2.35864147311709,0.722265087426339,0.277734912573661,1,HOU,HOU,1,HOU was projected ahead because the strongest inputs for this specific matchup were: Closing spread +7.5 favored HOU; Market win probability 78.2% favored HOU; Elo rating edge +159 Elo favored HOU.,"[{""feature"": ""spread_line_clean"", ""label"": ""Closing spread"", ""value"": ""+7.5"", ""direction"": ""HOU"", ""impact"": 0.3682647681683104}, {""feature"": ""mkt_home_prob"", ""label"": ""Market win probability"", ""value"": ""78.2%"", ""direction"": ""HOU"", ""impact"": 0.33339377252713986}, {""feature"": ""elo_diff"", ""label"": ""Elo rating edge"", ""value"": ""+159 Elo"", ""direction"": ""HOU"", ""impact"": 0.10088721135537533}]",market_elo_form,5175,3
2025_04_WAS_ATL,2025,4,ATL,WAS,1.0,True,1,0,0,2.5,-142.0,120.0,0.5634920634920635,1,2.5,1,1432.8233504647474,1566.4072971718322,-133.5839467070848,0.3887984802508613,0.0877457359133283,-0.1377804806571817,0.0066066333309284,-0.00567259921724,0.0402855400539039,-0.1556475282146166,-0.1029817667316237,0.012480761679143,-0.0332828403228903,-0.0780771098344452,2.3651031564098055,-0.7252983012990057,3.090401457708811,0.0834068065596896,0.1964086286957032,0.2749404056389881,0.0893706486211254,0.0486847393505843,-0.0005685141655064,0.0184710054825676,0.0114316846864984,0.0738318154572372,-0.0073440742162182,-0.0107038592625269,-0.0112959111644225,0.0798496438237732,0.6244182250974563,-0.0041447952279298,-12.666666666666668,0.6666666666666679,-13.333333333333334,-0.3333333333333333,-0.3333333333333333,-0.742065050049117,-0.7809665965501607,-0.1822346522533281,-0.1069235222316073,-0.038617788088575,0.0139116795436824,-0.3105061831124484,-0.1849857501986314,-0.0190607025713408,0.005979649116904,-0.2948799076847515,-4.190960094032592,-5.617349444414054,0.5423555791191127,0.4576444208808873,1,ATL,ATL,1,ATL was projected ahead because the strongest inputs for this specific matchup were: Elo rating edge -134 Elo favored WAS; Recent win rate -33.3% favored WAS; Division matchup No favored ATL.,"[{""feature"": ""elo_diff"", ""label"": ""Elo rating edge"", ""value"": ""-134 Elo"", ""direction"": ""WAS"", ""impact"": 0.08727518874073101}, {""feature"": ""diff_last3_win_pct"", ""label"": ""Recent win rate"", ""value"": ""-33.3%"", ""direction"": ""WAS"", ""impact"": 0.05945750264256688}, {""feature"": ""div_game"", ""label"": ""Division matchup"", ""value"": ""No"", ""direction"": ""ATL"", ""impact"": 0.03395818790202062}]",market_elo_form,5175,3
2025_05_DAL_NYJ,2025,5,NYJ,DAL,0.0,True,1,-1,0,1.5,-115.0,-105.0,0.5108342361863488,1,1.5,1,1402.237668705872,1441.1483758451857,-38.910707139313445,0.5231378163957887,-0.0300446735647748,-0.1119257723993948,-0.0320453277166598,0.0044290434234199,-0.0935950620944996,-0.286113789049346,-0.5301199487763093,-0.0323828113600441,0.0615752799483515,-0.4321769729867816,-5.601938750904271,0.3018374728719557,-5.903776223776224,-0.1556112852664577,-0.2454690137448758,-0.7188004000384254,-0.224285425069362,-0.1135652216924013,-0.0081783978916778,-0.0482139109687488,-0.0189079434241912,-0.1634148589175201,-0.0551826154154482,0.0143003865508882,-0.0041420663165916,-0.2090781553232721,-2.0727531455472583,-2.778310155631735,-12.0,-7.333333333333332,-4.666666666666667,-0.3333333333333333,-0.3333333333333335,-1.2106363764143655,-1.364688611527904,-0.2534959734706142,-0.1464692552513877,-0.0415615995502143,-0.0830983106769223,-0.2712181922204297,-0.2879965088596601,0.0514810491433432,-0.0086149007607632,-0.4028756571844453,-5.3235268643468485,-4.011614272167123,0.49009897772221794,0.509901022277782,0,DAL,DAL,1,DAL was projected ahead because the strongest inputs for this specific matchup were: Market win probability 51.1% favored NYJ; Season offensive EPA -0.114 favored DAL; Recent win rate -33.3% favored DAL.,"[{""feature"": ""mkt_home_prob"", ""label"": ""Market win probability"", ""value"": ""51.1%"", ""direction"": ""NYJ"", ""impact"": 0.0858339202455022}, {""feature"": ""diff_season_epa_per_play"", ""label"": ""Season offensive EPA"", ""value"": ""-0.114"", ""direction"": ""DAL"", ""impact"": 0.07362807779721166}, {""feature"": ""diff_last3_win_pct"", ""label"": ""Recent win rate"", ""value"": ""-33.3%"", ""direction"": ""DAL"", ""impact"": 0.05678589962793058}]",market_elo_form,5191,4
2025_05_DEN_PHI,2025,5,PHI,DEN,0.0,True,1,1,0,3.5,-218.0,180.0,0.6574752261956054,1,3.5,1,1714.407977704469,1565.4547368067151,148.95324089775363,0.7638761531040993,0.1246669415028301,-0.0297925102977525,0.0274178110196532,-0.0032945009502449,0.1179492079083932,-0.0394589981440098,0.0200107179584637,-0.0023909197708066,0.0085585329832441,-0.0215310830079249,2.8328080957441877,-0.3239776350445886,3.1567857307887808,0.0713645395314449,0.1245598632225867,0.1942207534289206,0.0194808982070071,0.0455678079630693,-0.0050931422512887,0.0187922567760273,0.0039383954018232,0.0404617460249434,0.0565713950853609,0.0055349544271151,0.0008241813076683,0.0892744957075519,0.3827096150198287,1.978741463500827,2.666666666666668,4.333333333333336,-1.666666666666667,0.6666666666666667,1.0,-1.9685792562340128,0.5192065117105962,-0.116517940448501,-0.0636013103454402,0.0039381059213964,0.010479418189834,-0.2672378506590006,0.057496915016023,0.062426428975665,-0.0318495721390117,-0.2248878961742398,2.1351529323716747,-8.722376107808016,0.6845420568303685,0.3154579431696315,1,PHI,DEN,0,PHI was projected ahead because the strongest inputs for this specific matchup were: Market win probability 65.7% favored PHI; Recent win rate +66.7% favored PHI; Elo rating edge +149 Elo favored PHI.,"[{""feature"": ""mkt_home_prob"", ""label"": ""Market win probability"", ""value"": ""65.7%"", ""direction"": ""PHI"", ""impact"": 0.1416079213681349}, {""feature"": ""diff_last3_win_pct"", ""label"": ""Recent win rate"", ""value"": ""+66.7%"", ""direction"": ""PHI"", ""impact"": 0.1217397519125485}, {""feature"": ""elo_diff"", ""label"": ""Elo rating edge"", ""value"": ""+149 Elo"", ""direction"": ""PHI"", ""impact"": 0.09435327581640758}]",market_elo_form,5191,4
2025_05_DET_CIN,2025,5,CIN,DET,0.0,True,1,-1,0,-10.5,425.0,-575.0,0.182741116751269,1,-10.5,1,1497.7425229916614,1648.9528618770014,-151.21033888533998,0.3649759919309449,0.022670304492155,-0.1410420168638211,-0.0167951418703572,0.0037746858530887,-0.0324989569042919,-0.2745988138511889,0.0815006309032984,-0.0010790715394293,-0.0211513379938823,-0.2331853776889084,-1.137495646116335,-3.0667595495181708,1.9292639034018344,0.0676400015480475,0.2858663260962111,-0.2588035581166226,-0.2191667804565602,0.0006504334969488,-0.0360852493457174,-0.0005553023963356,-0.0122503218938704,-0.0044245824074375,0.0323151471982762,0.0014369251533384,-0.0041498164007319,0.0036779983524493,0.974071043175025,0.3502653346397488,-26.66666666666667,14.000000000000004,-40.66666666666667,-0.6666666666666667,-2.3333333333333335,-2.8016544985678604,1.2235332605399618,-0.4913288269146944,0.2464152644600762,-0.133048862548179,0.1119060726097214,-0.8242123930361329,-0.0674664068011281,0.098326844642195,-0.0774196664396301,-0.7983278098773983,-4.114794959709826,9.018613351789568,0.20836086101363513,0.7916391389863648,0,DET,DET,1,DET was projected ahead because the strongest inputs for this specific matchup were: Closing spread -10.5 favored DET; Market win probability 18.3% favored DET; Recent win rate -66.7% favored DET.,"[{""feature"": ""spread_line_clean"", ""label"": ""Closing spread"", ""value"": ""-10.5"", ""direction"": ""DET"", ""impact"": 0.8855697855738579}, {""feature"": ""mkt_home_prob"", ""label"": ""Market win probability"", ""value"": ""18.3%"", ""direction"": ""DET"", ""impact"": 0.5947100762259487}, {""feature"": ""diff_last3_win_pct"", ""label"": ""Recent win rate"", ""value"": ""-66.7%"", ""direction"": ""DET"", ""impact"": 0.11629445014142362}]",market_elo_form,5191,4
2025_05_HOU_BAL,2025,5,BAL,HOU,0.0,True,1,0,0,-2.5,124.0,-148.0,0.4279403644395361,1,-2.5,1,1587.3967996548056,1497.6313317469253,89.76546790788029,0.6970600626727809,0.1012307974509435,-0.0525408697920152,0.0033190938391075,-0.0023738173605724,0.0823656858026802,0.2094021139934623,0.0135872865954077,0.019965434723429,0.0476542011695946,0.1643507080189082,2.554076932879429,-3.697893721213884,6.251970654093316,0.1421510622417214,0.2404744133549362,0.0426747745673106,-0.4102194589067522,0.0444222760499432,-0.0588702144877756,0.0092172329285036,-0.0219844334727459,0.0410814092112569,0.0582555427013636,-0.0054462333350074,0.0047792886423498,0.088263537611596,0.2205096582647399,-0.9592397189491128,12.0,18.333333333333336,-6.333333333333333,0.0,-0.3333333333333333,0.3925628821662936,1.3757767996971846,0.1059834441387466,0.1995222927842493,0.0637513678562603,0.0412728691001352,0.1217388930552985,0.0429163860346984,0.046798989540925,-0.0460726602043255,0.1130145160237814,4.356386358762494,4.892894226845134,0.4835617126918661,0.5164382873081339,0,HOU,HOU,1,HOU was projected ahead because the strongest inputs for this specific matchup were: Closing spread -2.5 favored HOU; Market win probability 42.8% favored HOU; Elo rating edge +90 Elo favored BAL.,"[{""feature"": ""spread_line_clean"", ""label"": ""Closing spread"", ""value"": ""-2.5"", ""direction"": ""HOU"", ""impact"": 0.3281558463336619}, {""feature"": ""mkt_home_prob"", ""label"": ""Market win probability"", ""value"": ""42.8%"", ""direction"": ""HOU"", ""impact"": 0.21440325715048092}, {""feature"": ""elo_diff"", ""label"": ""Elo rating edge"", ""value"": ""+90 Elo"", ""direction"": ""BAL"", ""impact"": 0.05627565390313707}]",market_elo_form,5191,4
2025_05_KC_JAX,2025,5,JAX,KC,1.0,True,1,0,0,-3.5,164.0,-198.0,0.3630958183058778,1,-3.5,1,1474.19936333467,1630.1136195990944,-155.91425626442424,0.3587234238690753,-0.0030409884669329,-0.1054995989919985,-0.0199061868765773,0.0065014269435125,-0.0548706126798429,0.1303392091879252,0.003344426645117,0.018700545395495,-0.0461308927710396,0.0764157575988698,-3.757671030794764,2.221583994099209,-5.97925502489397,-0.2306749031901162,-0.3712336345196385,-0.3857103590548245,0.0481905014228276,-0.0857395102463808,0.0229914803794522,-0.026070824525696,-2.3216141713855443e-05,-0.1149775137506298,-0.0215595753075766,0.0072226759199475,-0.0030697976070312,-0.1355469439545084,-1.437011118310994,-3.775164866430483,-2.0,4.333333333333336,-6.333333333333334,0.0,0.6666666666666666,-0.1274346535908765,0.4390950353068348,-0.0853873057001504,-0.0190985893231959,-0.0109511181432975,-0.0108255304656861,-0.1267389123109799,0.0283742740050795,-0.0190577220393323,-0.0243740958086272,-0.1506199197837435,-3.5491047875426185,-5.020470399721914,0.36451556474762353,0.6354844352523765,0,KC,JAX,0,KC was projected ahead because the strongest inputs for this specific matchup were: Closing spread -3.5 favored KC; Market win probability 36.3% favored KC; Elo rating edge -156 Elo favored KC.,"[{""feature"": ""spread_line_clean"", ""label"": ""Closing spread"", ""value"": ""-3.5"", ""direction"": ""KC"", ""impact"": 0.3978325887386864}, {""feature"": ""mkt_home_prob"", ""label"": ""Market win probability"", ""value"": ""36.3%"", ""direction"": ""KC"", ""impact"": 0.31497788495617646}, {""feature"": ""elo_diff"", ""label"": ""Elo rating edge"", ""value"": ""-156 Elo"", ""direction"": ""KC"", ""impact"": 0.101778943798827}]",market_elo_form,5191,4
2025_05_LV_IND,2025,5,IND,LV,1.0,True,1,0,0,7.0,-360.0,285.0,0.7508125677139762,1,7.0,1,1498.0844264797252,1391.629088921375,106.45533755835028,0.7169559034650731,0.0652345505976257,-0.1284437285085882,0.0020135707411984,-0.0051585312252361,0.0374764972652517,0.2368763185237571,0.030836458615269,0.0621036982066713,-0.0161018075491759,0.3655732504017559,1.9545130520384255,-2.145015105740182,4.099528157778607,0.1492243457008044,0.4738450049220951,0.0725013064136561,-0.0256182343441642,0.0638161057822158,-0.0387639537967038,0.0145695445034741,0.0006091370435664,0.058953399323429,0.0827600458818894,-0.0117902032932625,0.0062952751169261,0.1116888129564226,0.1061356176328064,1.8805445844854063,11.0,-3.666666666666668,14.666666666666666,0.6666666666666666,1.6666666666666667,1.1294201594372213,-0.2058820422704261,0.3125857415047909,0.0301448569770172,0.0875214728185841,0.0516989312361366,0.3721495189967975,0.2354244592099177,-0.0406328320802004,0.0084355459355459,0.6673793790746263,4.319120639173985,7.216935568658664,0.7613739642236453,0.23862603577635466,1,IND,IND,1,IND was projected ahead because the strongest inputs for this specific matchup were: Closing spread +7.0 favored IND; Market win probability 75.1% favored IND; Recent win rate +66.7% favored IND.,"[{""feature"": ""spread_line_clean"", ""label"": ""Closing spread"", ""value"": ""+7.0"", ""direction"": ""IND"", ""impact"": 0.33377320651407083}, {""feature"": ""mkt_home_prob"", ""label"": ""Market win probability"", ""value"": ""75.1%"", ""direction"": ""IND"", ""impact"": 0.2863751985456771}, {""feature"": ""diff_last3_win_pct"", ""label"": ""Recent win rate"", ""value"": ""+66.7%"", ""direction"": ""IND"", ""impact"": 0.12173975191254846}]",market_elo_form,5191,4
2025_05_MIA_CAR,2025,5,CAR,MIA,1.0,True,1,1,0,-1.5,100.0,-120.0,0.4782608695652174,1,-1.5,1,1367.6559803238947,1443.7947130672717,-76.13873274337675,0.4696163999603923,-0.0049358843390361,-0.0812784536790415,-0.0094513577518567,0.0025679784859522,-0.0370676618507272,-0.142523716903702,-0.3395247959485723,-0.0442443901693597,-0.0351475243350057,-0.2238592661184034,0.313528481012657,0.1117484177215182,0.2017800632911393,-0.0119066455696202,0.0043512658227847,-0.0345971445496706,-0.0716038461243098,0.0028591317405711,-0.0190255101832161,-0.0054583368508634,0.0015487540097368,-0.02879934849251,0.060739495457367,-3.559337216439695e-05,2.7287981564955155e-05,0.0087590671759573,-1.1497291648437162,-2.9439961720740553,-3.333333333333332,-5.333333333333332,2.0,0.0,1.0,-1.0314626869639882,-0.0270618513719504,-0.0848520114045572,-0.1798250624119257,0.0609935712504527,-0.1210099462987351,-0.1397536775846332,-0.0702384468739224,-0.0069782836657651,-0.0465685176892073,-0.1707378222641274,-1.8658877046478215,1.619831322098685,0.4620377625393167,0.5379622374606833,0,MIA,CAR,0,MIA was projected ahead because the strongest inputs for this specific matchup were: Closing spread -1.5 favored MIA; Market win probability 47.8% favored MIA; Elo rating edge -76 Elo favored MIA.,"[{""feature"": ""spread_line_clean"", ""label"": ""Closing spread"", ""value"": ""-1.5"", ""direction"": ""MIA"", ""impact"": 0.2584791039286374}, {""feature"": ""mkt_home_prob"", ""label"": ""Market win probability"", ""value"": ""47.8%"", ""direction"": ""MIA"", ""impact"": 0.1363555819677713}, {""feature"": ""elo_diff"", ""label"": ""Elo rating edge"", ""value"": ""-76 Elo"", ""direction"": ""MIA"", ""impact"": 0.05045648192672052}]",market_elo_form,5191,4
2025_05_MIN_CLE,2025,5,CLE,MIN,0.0,True,1,0,0,-3.5,164.0,-198.0,0.3630958183058778,1,-3.5,1,1394.1576007906508,1545.5889627999795,-151.43136200932872,0.3646811608993517,-0.0054984453009421,-0.0642302933778034,-0.0281360226896016,0.0008347734543141,-0.0624138168922834,-0.1986661013308224,0.1658197652363068,-0.1180593262946203,-0.0539383831049665,-0.2455393890162622,-4.23641456582633,1.6613396235687254,-5.897754189395056,-0.1897292250233426,-0.2518551280161186,-0.3640034719503635,0.1243171158746729,-0.056565738972287,0.0599016120523208,-0.0244568308548472,0.0048810309029213,-0.1022066128107319,-0.0020466159001538,-0.0022024190177604,-0.0072728625324253,-0.1037184195986771,-1.9553448999804472,0.737989745274042,-11.666666666666666,9.666666666666664,-21.333333333333332,0.0,-0.3333333333333332,-0.9506558800676436,-0.4894128620251194,-0.1114390995581556,0.1128294905504473,-0.1015635997988939,-0.0648993043861183,-0.2262383933053896,0.0592999901006327,-0.0807807594078544,-0.02727761485826,-0.1916829643875475,-2.5001352760431534,-2.9568798991291434,0.3722504449870243,0.6277495550129757,0,MIN,MIN,1,MIN was projected ahead because the strongest inputs for this specific matchup were: Closing spread -3.5 favored MIN; Market win probability 36.3% favored MIN; Elo rating edge -151 Elo favored MIN.,"[{""feature"": ""spread_line_clean"", ""label"": ""Closing spread"", ""value"": ""-3.5"", ""direction"": ""MIN"", ""impact"": 0.3978325887386864}, {""feature"": ""mkt_home_prob"", ""label"": ""Market win probability"", ""value"": ""36.3%"", ""direction"": ""MIN"", ""impact"": 0.31497788495617646}, {""feature"": ""elo_diff"", ""label"": ""Elo rating edge"", ""value"": ""-151 Elo"", ""direction"": ""MIN"", ""impact"": 0.09889493678352833}]",market_elo_form,5191,4
2025_05_NE_BUF,2025,5,BUF,NE,0.0,True,1,0,1,7.5,-395.0,310.0,0.7659021045164341,1,7.5,1,1668.3407654156056,1418.4916192027815,249.84914621282385,0.8525638306667896,0.0823553737508777,-0.0403022941603056,0.002326045109351,-0.0012672866059349,0.0463848747233762,0.2820300878443311,0.1047277641176426,0.0082477982029131,0.0134833323500556,0.4942794498009656,-3.986355685131194,2.153908948194662,-6.140264633325858,-0.1445615608880914,-0.3505987889661359,-0.2199868285628623,-0.1025667664997902,-0.076020779991725,0.0081343567390887,-0.0323584992774386,0.0011264640040893,-0.1075984485866636,-0.0258062485922376,0.0081507600532712,-0.0004648216130452,-0.1425535798242915,-0.6130927971175665,-2.668674279812719,1.0,-3.666666666666664,4.666666666666666,0.3333333333333333,1.3333333333333333,0.2237620184868731,-0.6630703877230522,0.0939149663041688,-0.1356412155526129,0.039968038859,-0.0904723890544427,-0.2182450720824456,0.4111819944237362,-0.0166455341729878,0.0177652063899941,0.1749909947561164,-3.7132096528995735,-0.2810242218886303,0.73906389813237,0.26093610186763005,1,BUF,NE,0,BUF was projected ahead because the strongest inputs for this specific matchup were: Closing spread +7.5 favored BUF; Market win probability 76.6% favored BUF; Elo rating edge +250 Elo favored BUF.,"[{""feature"": ""spread_line_clean"", ""label"": ""Closing spread"", ""value"": ""+7.5"", ""direction"": ""BUF"", ""impact"": 0.36861157771658304}, {""feature"": ""mkt_home_prob"", ""label"": ""Market win probability"", ""value"": ""76.6%"", ""direction"": ""BUF"", ""impact"": 0.3097792415709673}, {""feature"": ""elo_diff"", ""label"": ""Elo rating edge"", ""value"": ""+250 Elo"", ""direction"": ""BUF"", ""impact"": 0.15926323848457064}]",market_elo_form,5191,4
2025_05_NYG_NO,2025,5,NO,NYG,1.0,True,1,0,0,1.5,-120.0,100.0,0.5217391304347826,1,1.5,1,1362.534569637318,1373.7838848929664,-11.249315255648298,0.562631596192949,0.1519750695476854,-0.069725115422448,0.0325456056748312,-0.0166473036750473,0.1376409683579411,-0.1361294392564415,-0.1769957573829892,-0.0294127465555058,0.0194307059839794,-0.1833103789852235,5.163694178162267,-0.5889735796118778,5.752667757774141,0.1252373158756138,0.1531540799625905,0.5670927565511956,0.0825273550380716,0.0873976213057159,-0.0081233819243559,0.0362306000120266,-0.0040990550833391,0.1307113870219139,0.0354214795812011,-0.0169399747158508,0.0016998575021672,0.1662260238780966,2.1268494873479433,1.7791704030735094,-4.666666666666664,6.9999999999999964,-11.666666666666668,-0.3333333333333333,-0.6666666666666666,-0.6923840794328866,0.6170654337025621,-0.0779298034429361,0.0672642579107404,0.0033786572416955,0.0052065968625712,-0.1245567713498783,-0.0312854232938393,-0.0380465051517683,0.0105682721215455,-0.0645613684853381,0.1260221735662785,-3.979852915743527,0.5508107615565168,0.44918923844348324,1,NO,NO,1,NO was projected ahead because the strongest inputs for this specific matchup were: Market win probability 52.2% favored NO; Recent win rate -33.3% favored NYG; Season offensive EPA +0.087 favored NO.,"[{""feature"": ""mkt_home_prob"", ""label"": ""Market win probability"", ""value"": ""52.2%"", ""direction"": ""NO"", ""impact"": 0.0689203053666803}, {""feature"": ""diff_last3_win_pct"", ""label"": ""Recent win rate"", ""value"": ""-33.3%"", ""direction"": ""NYG"", ""impact"": 0.05678589962793058}, {""feature"": ""diff_season_epa_per_play"", ""label"": ""Season offensive EPA"", ""value"": ""+0.087"", ""direction"": ""NO"", ""impact"": 0.0557010499344357}]",market_elo_form,5191,4
2025_05_SF_LA,2025,5,LA,SF,0.0,True,1,0,1,8.5,-440.0,340.0,0.7819063004846527,1,8.5,1,1578.0954565858738,1494.160467210512,83.93498937536174,0.68992615440993,0.111431530405715,-0.0589464231580595,0.021356972164345,-0.0057796206109165,0.0733270367598866,0.1837812116801055,0.0057005621030724,0.0858260821230012,0.0090017825311942,0.1890579322999679,1.5531945965680904,0.4310514786418409,1.1221431179262504,0.0637093829864914,0.1243519532676158,0.0333544372620533,0.1331546667555301,0.0168035182042981,-0.0083388612144249,0.0183085567061106,-0.0018772292747268,0.0037176428177091,0.0125089126175566,-0.0158565194918624,0.0084642166843478,0.0177493305260263,-0.2052554626843835,2.018619230994797,7.666666666666668,3.333333333333332,4.333333333333334,0.0,1.6666666666666667,0.8479700276034414,0.1637387844428133,0.1287654447565618,-0.0845556782671189,0.0215667826546652,-0.0063007908473408,0.1197296934341438,0.1782483446515893,0.0022654294533778,0.0614524115165963,0.1814012561157753,3.5356982202903184,0.5099381654776657,0.7355505613774911,0.2644494386225089,1,LA,SF,0,LA was projected ahead because the strongest inputs for this specific matchup were: Closing spread +8.5 favored LA; Market win probability 78.2% favored LA; Division matchup Yes favored SF.,"[{""feature"": ""spread_line_clean"", ""label"": ""Closing spread"", ""value"": ""+8.5"", ""direction"": ""LA"", ""impact"": 0.43828832012160757}, {""feature"": ""mkt_home_prob"", ""label"": ""Market win probability"", ""value"": ""78.2%"", ""direction"": ""LA"", ""impact"": 0.3346019313545497}, {""feature"": ""div_game"", ""label"": ""Division matchup"", ""value"": ""Yes"", ""direction"": ""SF"", ""impact"": 0.0613171889450672}]",market_elo_form,5191,4
2025_05_TB_SEA,2025,5,SEA,TB,0.0,True,1,3,0,3.5,-180.0,150.0,0.6164383561643836,1,3.5,1,1567.890978804925,1547.5701014216042,20.32087738332075,0.6067286497017043,0.0971405117583965,-0.1083794292675508,-0.0076058509422454,0.016407084700716,0.0379266871438548,0.5276567474173374,-0.0510827736826105,0.0177951888140867,-0.0303679957256394,0.3034892506175907,1.1547617947414643,-2.3890947738089743,3.543856568550437,0.121343745667945,0.3274340372441199,-0.0033938552397687,-0.2062107658000709,0.0143813540568085,-0.024989908313012,0.000964748542686,-0.0114838558055257,0.0158570479489227,0.0348588973950143,0.0189408483014257,0.0041394721887895,0.0291645177316638,1.3290954280478773,-1.5321375274786706,7.9999999999999964,-9.0,17.0,0.3333333333333333,1.0,1.0091934305873007,-0.4087572202059375,0.092298972432385,-0.0295496431235267,0.0247591522060222,-0.0442392218042649,0.2915462670015554,0.0050232832189803,-0.0022094409354267,-0.0030774213762416,0.213597153855252,5.296810281745984,-2.788249557156706,0.6375283487509045,0.36247165124909553,1,SEA,TB,0,SEA was projected ahead because the strongest inputs for this specific matchup were: Closing spread +3.5 favored SEA; Market win probability 61.6% favored SEA; Recent win rate +33.3% favored SEA.,"[{""feature"": ""spread_line_clean"", ""label"": ""Closing spread"", ""value"": ""+3.5"", ""direction"": ""SEA"", ""impact"": 0.08990460809648508}, {""feature"": ""mkt_home_prob"", ""label"": ""Market win probability"", ""value"": ""61.6%"", ""direction"": ""SEA"", ""impact"": 0.07795926969597015}, {""feature"": ""diff_last3_win_pct"", ""label"": ""Recent win rate"", ""value"": ""+33.3%"", ""direction"": ""SEA"", ""impact"": 0.06223120139905545}]",market_elo_form,5191,4
2025_05_TEN_ARI,2025,5,ARI,TEN,0.0,True,1,3,0,7.5,-425.0,330.0,0.7768331562167907,1,7.5,1,1475.4601522435282,1311.1873434909355,164.2728087525927,0.7794107399006441,0.0045966017766696,-0.1242481180672758,-0.0128780270326867,0.0030614485062015,-0.0507639994236104,-0.1446851868065569,-0.4419300522070993,-0.0935648118713248,0.0290373307107586,-0.239751890824241,1.0994369303999534,0.7021439213637528,0.397293009036203,-0.0045568003715098,-0.1505292080261605,-0.0442363561510763,0.0083292787983904,-0.0161121339002749,-0.0319934396738306,0.0021161220660203,-0.0010800519925894,-0.0230943826172538,0.0040984697402287,-0.0069112112374412,0.0060839231936124,-0.0219047873560561,-0.458075542288117,5.334989056496295,7.666666666666668,-13.000000000000004,20.666666666666664,0.3333333333333333,0.0,0.6032167778544593,-1.229409065734682,0.2145686055738006,-0.2605464761658357,0.0008172028875959,-0.0178540434015251,0.3906834468628319,-0.1409236057523448,-0.0342252693994147,0.0284066254058714,0.3719324296446988,3.4872853919976823,5.266581597937556,0.7533816380720173,0.2466183619279827,1,ARI,TEN,0,ARI was projected ahead because the strongest inputs for this specific matchup were: Closing spread +7.5 favored ARI; Market win probability 77.7% favored ARI; Elo rating edge +164 Elo favored ARI.,"[{""feature"": ""spread_line_clean"", ""label"": ""Closing spread"", ""value"": ""+7.5"", ""direction"": ""ARI"", ""impact"": 0.36861157771658304}, {""feature"": ""mkt_home_prob"", ""label"": ""Market win probability"", ""value"": ""77.7%"", ""direction"": ""ARI"", ""impact"": 0.32673342695491786}, {""feature"": ""elo_diff"", ""label"": ""Elo rating edge"", ""value"": ""+164 Elo"", ""direction"": ""ARI"", ""impact"": 0.10420890449078025}]",market_elo_form,5191,4
2025_05_WAS_LAC,2025,5,LAC,WAS,0.0,True,1,0,0,2.5,-155.0,130.0,0.5829926410466066,1,2.5,1,1556.4300571956412,1540.0465347672198,16.38352242842143,0.60130763873662,0.115536436795857,-0.1424260259817674,0.0103292368055277,-0.0081649945159165,0.0694925931594569,-0.0917249062111963,-0.1965551655976858,-0.0243822675816384,-0.0117002632957127,-0.2015779446693426,2.936453201970444,-1.7860725481415116,4.7225257501119575,0.1067622033139273,0.3873936408419167,0.3253096712191938,-0.1090684056885127,0.0668975298582671,-0.0300869223773099,0.022183914780593,0.0030647825462577,0.1018589998797682,-0.0118255178080082,-0.013277511993514,0.0021629370907807,0.1089989248017179,0.4441116630830217,2.6209773090683885,-8.333333333333336,-11.666666666666664,3.333333333333333,0.3333333333333333,0.0,-0.1113248115063001,-2.1890099505167546,-0.1199253200469587,-0.306193613421081,-0.024247661997208,-0.1030689581611443,-0.14626400630413,-0.0889537534089452,0.0044166263505886,0.0292016806722689,-0.281483840690956,-2.3317926198192023,10.13959391266224,0.5890693072408159,0.41093069275918415,1,LAC,WAS,0,LAC was projected ahead because the strongest inputs for this specific matchup were: Recent defensive EPA allowed -0.306 favored LAC; Recent win rate +33.3% favored LAC; Season offensive EPA +0.067 favored LAC.,"[{""feature"": ""diff_last3_epa_per_play_allowed"", ""label"": ""Recent defensive EPA allowed"", ""value"": ""-0.306"", ""direction"": ""LAC"", ""impact"": 0.07844525015030722}, {""feature"": ""diff_last3_win_pct"", ""label"": ""Recent win rate"", ""value"": ""+33.3%"", ""direction"": ""LAC"", ""impact"": 0.06223120139905545}, {""feature"": ""diff_season_epa_per_play"", ""label"": ""Season offensive EPA"", ""value"": ""+0.067"", ""direction"": ""LAC"", ""impact"": 0.04250826809594231}]",market_elo_form,5191,4
2025_06_ARI_IND,2025,6,IND,ARI,1.0,True,1,0,0,8.5,-470.0,360.0,0.7913616398243045,1,8.5,1,1516.834767260155,1463.4590852581844,53.37568200197097,0.6510960659946204,0.1299409566334845,-0.06365481069357,0.0174820535067097,-0.0173724037990999,0.1028088212657311,0.2599843018565167,0.1329205660858258,0.0332672700671415,-0.0382888114595431,0.4584483877297824,1.723805438472155,-0.8025942780409565,2.526399716513111,0.1049647506434406,0.1961747920474467,0.2369171497952358,0.1166050694137821,0.0742527742771447,0.024573349503633,0.0295785016403705,0.0160150772331063,0.0929841507899675,0.0292532042800012,-0.0144628842452786,-0.0056592385133605,0.1219250420136478,0.4686034879630328,0.0478430588111309,14.999999999999996,-2.6666666666666643,17.666666666666668,0.6666666666666666,1.0,1.4859668249840643,-0.6618483214181188,0.2337528158057771,-0.1019258083339744,0.1317185782962601,0.0141792206103006,0.1699854209784215,0.3435920619158598,-0.055528427587251,0.0275407970529922,0.528052264186712,1.9039229214283544,-2.409204239283694,0.792694105011456,0.20730589498854401,1,IND,IND,1,IND was projected ahead because the strongest inputs for this specific matchup were: Closing spread +8.5 favored IND; Season offensive EPA +0.074 favored IND; Season QB EPA +0.122 favored ARI.,"[{""feature"": ""spread_line_clean"", ""label"": ""Closing spread"", ""value"": ""+8.5"", ""direction"": ""IND"", ""impact"": 0.9317768352306293}, {""feature"": ""diff_season_epa_per_play"", ""label"": ""Season offensive EPA"", ""value"": ""+0.074"", ""direction"": ""IND"", ""impact"": 0.390242481196183}, {""feature"": ""diff_season_qb_epa_per_play"", ""label"": ""Season QB EPA"", ""value"": ""+0.122"", ""direction"": ""ARI"", ""impact"": 0.29787510563059244}]",market_elo_form,5205,5
2025_06_BUF_ATL,2025,6,ATL,BUF,1.0,True,1,7,0,-3.5,170.0,-205.0,0.355270821199767,1,-3.5,1,1459.1841128693598,1640.9003139825195,-181.71620111315997,0.3253182664468607,0.128600109810258,-0.0986602793848949,0.0100839631860097,-0.0052861657272966,0.0808895679279418,-0.0471368096403196,0.0347336510295369,0.0029630122410534,-0.012037037037037,0.0778675869061973,0.24846625766871,1.4567694242274136,-1.2083031665587014,-0.0276835727622604,-0.0734291049041649,0.1858054810713154,0.3823260088812636,0.0187549873027854,0.0387719278531819,0.0087834563096337,0.014866787891952,0.05407819430834,-0.0491516638427449,-0.0042239841071762,-0.0107958885660953,0.0425368332419199,0.4925226328506693,-0.1806388546857538,-8.666666666666664,0.0,-8.666666666666666,0.0,0.0,-0.2000948370947748,-0.5069939350165757,-0.2141406561222367,-0.1188489541703159,-0.0633058361587845,0.020001129923319,-0.3272809009483858,0.0864925833244215,-0.011523199023199,0.0356261022927689,-0.3027649276315319,-4.7192350805265875,-11.269877511555274,0.404064044944973,0.595935955055027,0,BUF,ATL,0,BUF was projected ahead because the strongest inputs for this specific matchup were: Closing spread -3.5 favored BUF; Season QB EPA +0.043 favored BUF; Season offensive EPA +0.019 favored ATL.,"[{""feature"": ""spread_line_clean"", ""label"": ""Closing spread"", ""value"": ""-3.5"", ""direction"": ""BUF"", ""impact"": 0.8452580536567189}, {""feature"": ""diff_season_qb_epa_per_play"", ""label"": ""Season QB EPA"", ""value"": ""+0.043"", ""direction"": ""BUF"", ""impact"": 0.10165888080639932}, {""feature"": ""diff_season_epa_per_play"", ""label"": ""Season offensive EPA"", ""value"": ""+0.019"", ""direction"": ""ATL"", ""impact"": 0.09522635099242104}]",market_elo_form,5205,5
2025_06_CHI_WAS,2025,6,WAS,CHI,0.0,True,1,-7,0,5.5,-258.0,210.0,0.690792883054068,1,5.5,1,1575.972271481873,1436.9654002194593,139.00687126241337,0.753393426697835,0.0607055186107364,-0.0850590049306712,-0.0039999751564666,0.0078054718896111,0.0074967185137711,0.3199690793297995,-0.0640480960433492,-0.0230117816072872,0.0342375366568914,0.3399971528163889,-0.6885286050156729,1.6585325235109742,-2.347061128526646,-0.048305250783699,-0.1264008620689655,0.214810378236173,0.1472188165932362,0.0326176513591811,0.0450813007687317,0.0135177031238667,0.0072814835043912,0.0543262148442944,0.0116383218675687,-0.0048127565768866,0.0030087656031591,0.0741186931832581,0.3735686331516603,0.5457128546000864,6.0,-7.333333333333332,13.333333333333332,0.0,-1.3333333333333333,0.9485608719611394,-1.263942474789479,0.2062637668716914,-0.0147479830095595,0.0961970183151612,-0.1180241922861176,0.2229099009110997,0.2722434797131615,0.0068565842759391,0.0883699633699633,0.4215269778449484,4.019110710331326,2.4447904185776403,0.6460664881174046,0.35393351188259536,1,WAS,CHI,0,WAS was projected ahead because the strongest inputs for this specific matchup were: Closing spread +5.5 favored WAS; Season QB EPA +0.074 favored CHI; Season offensive EPA +0.033 favored WAS.,"[{""feature"": ""spread_line_clean"", ""label"": ""Closing spread"", ""value"": ""+5.5"", ""direction"": ""WAS"", ""impact"": 0.48751811300879205}, {""feature"": ""diff_season_qb_epa_per_play"", ""label"": ""Season QB EPA"", ""value"": ""+0.074"", ""direction"": ""CHI"", ""impact"": 0.17971673633043847}, {""feature"": ""diff_season_epa_per_play"", ""label"": ""Season offensive EPA"", ""value"": ""+0.033"", ""direction"": ""WAS"", ""impact"": 0.16891774892369604}]",market_elo_form,5205,5
2025_06_CIN_GB,2025,6,GB,CIN,1.0,True,1,7,0,14.0,-1000.0,650.0,0.8720930232558138,1,14.0,1,1593.620528487761,1479.2858196947468,114.33470879301422,0.7260690275883398,0.1914178085049243,-0.0719577352622145,0.0180088441217069,0.0028679622345103,0.1705787656602607,0.134098323342471,-0.1729585599095736,-0.0269697965896282,-0.0014841454306731,0.0539390257360839,3.9446153846153855,-0.405207100591717,4.349822485207101,0.1352662721893491,0.449112426035503,0.5144149399788356,-0.0682773669977541,0.0966644937929334,-0.0120692102440819,0.0227779184691652,-0.0030379666392527,0.133382026563879,0.0336465897844534,-0.0047293486326441,0.012352810125967,0.1677962791243834,0.8330047250110872,2.164011016011571,13.333333333333334,-13.999999999999996,27.333333333333332,0.3333333333333333,2.0,1.31058269383821,-1.7441464271512004,0.4232264655448682,-0.1270417442489882,0.0947150102684509,-0.0769554621287348,0.692390531478248,0.0777436498991622,-0.0116906653146123,-0.0303126812798806,0.6013574536176095,3.777885320102374,-4.7875016316065375,0.8817677038345828,0.1182322961654172,1,GB,GB,1,GB was projected ahead because the strongest inputs for this specific matchup were: Closing spread +14.0 favored GB; Season offensive EPA +0.097 favored GB; Season QB EPA +0.168 favored CIN.,"[{""feature"": ""spread_line_clean"", ""label"": ""Closing spread"", ""value"": ""+14.0"", ""direction"": ""GB"", ""impact"": 1.746251159303997}, {""feature"": ""diff_season_epa_per_play"", ""label"": ""Season offensive EPA"", ""value"": ""+0.097"", ""direction"": ""GB"", ""impact"": 0.509379101289068}, {""feature"": ""diff_season_qb_epa_per_play"", ""label"": ""Season QB EPA"", ""value"": ""+0.168"", ""direction"": ""CIN"", ""impact"": 0.41125064480876494}]",market_elo_form,5205,5
2025_06_CLE_PIT,2025,6,PIT,CLE,1.0,True,1,7,1,5.5,-278.0,225.0,0.705033164260632,1,5.5,1,1528.3641900029315,1382.9118938104573,145.45229619247425,0.7602218490774044,0.0969108985223973,-0.1295160420938439,0.0020058822413754,0.0031240651781079,0.0445834985525216,0.1485947219530461,0.0308627729049633,0.0695918729253089,-0.0258459924549617,0.1238707088720086,4.164681249760985,-3.735334047191099,7.900015296952082,0.271664308386554,0.3077555547057248,0.4274649330245905,-0.309949414559207,0.0934176738002519,-0.0610184631211949,0.0352688498852653,-0.0233652237641027,0.1625499975718673,-0.0055149202607938,-0.0049071926106846,0.0135345003376289,0.1670741582880811,2.512220686379251,1.7874789157792483,7.333333333333334,0.3333333333333321,7.000000000000001,0.3333333333333333,1.3333333333333333,0.9013866030292584,0.828527636139893,0.1928487856204749,0.0627149451043126,0.1487081451562585,0.0434585229453368,0.333692531576978,0.0264521227414511,-0.0110737342316289,0.0133919642298034,0.3824977133836426,5.546942147251045,6.483893405099159,0.7202642301075247,0.2797357698924753,1,PIT,PIT,1,PIT was projected ahead because the strongest inputs for this specific matchup were: Season offensive EPA +0.093 favored PIT; Closing spread +5.5 favored PIT; Season QB EPA +0.167 favored CLE.,"[{""feature"": ""diff_season_epa_per_play"", ""label"": ""Season offensive EPA"", ""value"": ""+0.093"", ""direction"": ""PIT"", ""impact"": 0.4921195974073791}, {""feature"": ""spread_line_clean"", ""label"": ""Closing spread"", ""value"": ""+5.5"", ""direction"": ""PIT"", ""impact"": 0.48751811300879205}, {""feature"": ""diff_season_qb_epa_per_play"", ""label"": ""Season QB EPA"", ""value"": ""+0.167"", ""direction"": ""CLE"", ""impact"": 0.4094658479660304}]",market_elo_form,5205,5
2025_06_DAL_CAR,2025,6,CAR,DAL,1.0,True,1,0,0,-3.0,145.0,-175.0,0.3907637655417407,1,-3.0,1,1382.5040036563807,1470.3710103730896,-87.86700671670883,0.4528411652206701,0.010610140226659,-0.0643722537922241,-0.0144302589116461,0.0010353611579663,-0.02065212675655,-0.1683540345653471,-0.1333661136047736,-0.0310911400258998,0.0138712320253128,-0.139348980482362,-4.0337423312883445,0.6284425587217868,-4.6621848900101295,-0.1189820920054278,-0.0490510865202682,-0.4716795357431795,-0.0489281702479171,-0.0712148198904382,-0.0031714357994417,-0.0305266948541984,-0.0037161539804876,-0.1236194591142388,-0.0086256449965142,0.0110623322531604,-0.0015469754536007,-0.1376904603641795,-1.6646835880244302,-2.19514271089228,-7.0,-9.0,2.0,0.3333333333333333,1.3333333333333333,-1.435006277463903,-0.3542743531153896,-0.1785449427405034,-0.1684556027146165,-0.0328217200251098,-0.1214650014302471,-0.2830112348176135,-0.0218213400413555,0.0193006588492254,0.0026021080368906,-0.3058578721911087,-2.7868162353253583,-6.463678477803216,0.40096155118773863,0.5990384488122613,0,DAL,CAR,0,DAL was projected ahead because the strongest inputs for this specific matchup were: Closing spread -3.0 favored DAL; Season offensive EPA -0.071 favored DAL; Season QB EPA -0.138 favored CAR.,"[{""feature"": ""spread_line_clean"", ""label"": ""Closing spread"", ""value"": ""-3.0"", ""direction"": ""DAL"", ""impact"": 0.7712149332864127}, {""feature"": ""diff_season_epa_per_play"", ""label"": ""Season offensive EPA"", ""value"": ""-0.071"", ""direction"": ""DAL"", ""impact"": 0.383036761833797}, {""feature"": ""diff_season_qb_epa_per_play"", ""label"": ""Season QB EPA"", ""value"": ""-0.138"", ""direction"": ""CAR"", ""impact"": 0.3437916427512513}]",market_elo_form,5205,5
2025_06_DEN_NYJ,2025,6,NYJ,DEN,0.0,True,1,0,0,-7.5,310.0,-395.0,0.2340978954835658,1,-7.5,1,1373.015034177968,1592.555351742997,-219.54031756502877,0.2794542723298203,-0.0104400669027852,-0.0928465388496184,-0.0136349392331636,0.0039721663555329,-0.0740382568634082,0.1534170428273436,-0.1651323176774927,0.1147466699227494,-0.032037587348611,0.042885294256712,-2.8437885802469154,0.53263888888889,-3.3764274691358027,-0.1061342592592592,-0.1548996913580247,-0.4424566268693786,-0.0309355502801329,-0.0640908549265414,0.0122214162155724,-0.0225426994120729,-0.0005615825155369,-0.0947571232500811,-0.0065360398138643,0.0130456011541937,-0.004761552605935,-0.102950377581497,-1.3029468321073334,-2.37641805350207,0.3333333333333321,16.666666666666664,-16.333333333333332,-0.6666666666666666,-1.6666666666666667,-0.6718043681302532,1.5489863695591335,-0.0669752545069144,0.2148078409585874,0.0890160293694011,0.0177622243665492,-0.024700865258565,-0.1739130158872267,0.0423513081121777,-0.0901717237436169,-0.1095327025666765,4.33059455156836,-0.5127014620932715,0.2562105256640702,0.7437894743359298,0,DEN,DEN,1,DEN was projected ahead because the strongest inputs for this specific matchup were: Closing spread -7.5 favored DEN; Season offensive EPA -0.064 favored DEN; Season QB EPA -0.103 favored NYJ.,"[{""feature"": ""spread_line_clean"", ""label"": ""Closing spread"", ""value"": ""-7.5"", ""direction"": ""DEN"", ""impact"": 1.4376030166191682}, {""feature"": ""diff_season_epa_per_play"", ""label"": ""Season offensive EPA"", ""value"": ""-0.064"", ""direction"": ""DEN"", ""impact"": 0.34516706125768176}, {""feature"": ""diff_season_qb_epa_per_play"", ""label"": ""Season QB EPA"", ""value"": ""-0.103"", ""direction"": ""NYJ"", ""impact"": 0.25792791060309056}]",market_elo_form,5205,5
2025_06_DET_KC,2025,6,KC,DET,1.0,True,1,-1,0,2.5,-142.0,120.0,0.5634920634920635,1,2.5,1,1611.4788798898123,1667.409565173916,-55.930685284103674,0.4986606394151583,0.0777641874868566,-0.1169465955010105,-0.0065518504785239,-0.0001667450984496,0.04693524454156,0.3225367503379899,0.2343273364640582,0.1238546291750429,-0.0763661681825994,0.3960037774576567,0.3981946480938418,-3.7852181085043983,4.183412756598241,0.1706928152492668,0.4106396627565982,0.0741349068078705,-0.2475375129268444,0.0501240001689598,-0.0339193278057902,0.0093952785891968,-0.0131027466327151,0.0491449708200517,0.0557999087313292,-0.002804739978553,0.0008037503200318,0.0815813932929332,0.8359158818901463,1.9546616809377593,-7.333333333333336,-1.333333333333332,-6.0,-0.3333333333333333,0.0,0.0498730100565323,0.6114974464819678,0.0563296041585492,0.0597979669568428,0.0325809208184747,0.0418247730941232,-0.0749279908382419,0.1417580649190086,-0.0230255516840882,-0.0298443758970075,0.014401778439315,-1.8341606255331355,16.708161526051146,0.5867927758141288,0.4132072241858712,1,KC,KC,1,KC was projected ahead because the strongest inputs for this specific matchup were: Season offensive EPA +0.050 favored KC; Season QB EPA +0.082 favored DET; Recent win rate -33.3% favored DET.,"[{""feature"": ""diff_season_epa_per_play"", ""label"": ""Season offensive EPA"", ""value"": ""+0.050"", ""direction"": ""KC"", ""impact"": 0.2619783115411619}, {""feature"": ""diff_season_qb_epa_per_play"", ""label"": ""Season QB EPA"", ""value"": ""+0.082"", ""direction"": ""DET"", ""impact"": 0.19816157675662796}, {""feature"": ""diff_last3_win_pct"", ""label"": ""Recent win rate"", ""value"": ""-33.3%"", ""direction"": ""DET"", ""impact"": 0.08072987686237616}]",market_elo_form,5205,5
2025_06_LAC_MIA,2025,6,MIA,LAC,0.0,True,1,0,0,-3.5,170.0,-205.0,0.355270821199767,1,-3.5,1,1428.9466897347854,1520.5043204809883,-91.5576307462029,0.4475826443291195,0.0430305861244957,-0.1245099759774531,-0.0120892623197298,0.0023630593942358,-0.0268523956465929,0.2278912917888766,-0.191858037149612,-0.0251092819506035,-0.0732526881720429,0.1516191771943409,-2.7827594693156144,0.8526970490189498,-3.635456518334564,-0.0595341969259681,-0.2880953979014251,-0.3600997828826511,-0.0179458239303933,-0.0693074787046905,0.0188119595134551,-0.0180853480908398,-0.0078539226177678,-0.0980948484801769,-0.0115830092079974,0.0119372676300416,-0.0001821128967918,-0.1235928866334302,-0.1824179728831457,-1.1220806418358205,7.0,3.666666666666664,3.3333333333333335,0.0,1.6666666666666667,-0.0796617890840707,0.9162669160374984,0.1623282641027627,0.1655943820026662,-0.0157770706705048,0.1016883623192142,0.4136933729239405,-0.3288892115977372,-0.0643330987670609,-0.0280687054880603,0.2326007013372709,3.427203860754691,-2.2250180469242253,0.3791289848520618,0.6208710151479382,0,LAC,LAC,1,LAC was projected ahead because the strongest inputs for this specific matchup were: Closing spread -3.5 favored LAC; Season offensive EPA -0.069 favored LAC; Season QB EPA -0.124 favored MIA.,"[{""feature"": ""spread_line_clean"", ""label"": ""Closing spread"", ""value"": ""-3.5"", ""direction"": ""LAC"", ""impact"": 0.8452580536567189}, {""feature"": ""diff_season_epa_per_play"", ""label"": ""Season offensive EPA"", ""value"": ""-0.069"", ""direction"": ""LAC"", ""impact"": 0.37289768338986706}, {""feature"": ""diff_season_qb_epa_per_play"", ""label"": ""Season QB EPA"", ""value"": ""-0.124"", ""direction"": ""MIA"", ""impact"": 0.308948021268593}]",market_elo_form,5205,5
2025_06_LA_BAL,2025,6,BAL,LA,0.0,True,1,-3,0,-7.0,280.0,-355.0,0.2522172949002217,1,-7.0,1,1534.3396869164974,1557.6771814559006,-23.337494539403224,0.5454402832454585,0.1257355347435591,-0.0276456500849025,0.0086325160633851,-0.0122852472849384,0.1057193478020218,-0.0691864738426275,-0.0946704171155371,-0.0154516981875374,0.0397640162677757,-0.2067414554247197,0.2575390318671147,-2.7765381050830555,3.034077136950168,0.0312611392314821,0.0509018321807941,-0.1686976835189026,-0.2881563489163596,0.0064898570874886,-0.0319922517907069,-0.0149392898140145,-0.0159056873242343,0.005257439505342,0.0270789901741486,0.0018675522405991,-0.0051251273662739,0.0244365239088592,0.9118573056391828,-2.2071775870911994,-5.333333333333332,13.333333333333332,-18.666666666666668,-0.3333333333333333,-1.3333333333333337,-0.8094922392136006,1.171129557662172,-0.1325264613070938,0.3142790395421914,-0.0986410862336291,0.0946001035013111,-0.2734875708962264,0.2455133908388886,0.0610786828246152,-0.0335571070533476,-0.2696549573224086,3.615831908132515,-3.337829417446835,0.2797677082630143,0.7202322917369857,0,LA,LA,1,LA was projected ahead because the strongest inputs for this specific matchup were: Closing spread -7.0 favored LA; Market win probability 25.2% favored LA; Recent win rate -33.3% favored LA.,"[{""feature"": ""spread_line_clean"", ""label"": ""Closing spread"", ""value"": ""-7.0"", ""direction"": ""LA"", ""impact"": 1.3635598962488622}, {""feature"": ""mkt_home_prob"", ""label"": ""Market win probability"", ""value"": ""25.2%"", ""direction"": ""LA"", ""impact"": 0.10535828192556182}, {""feature"": ""diff_last3_win_pct"", ""label"": ""Recent win rate"", ""value"": ""-33.3%"", ""direction"": ""LA"", ""impact"": 0.08072987686237616}]",market_elo_form,5205,5
2025_06_NE_NO,2025,6,NO,NE,0.0,True,1,0,0,-3.5,160.0,-192.0,0.3690596562184025,1,-3.5,1,1384.5336374542733,1445.9320706358676,-61.39843318159433,0.4907929553102737,0.1819951164803728,-0.0409964264948128,0.0325852835323305,-0.0191285871645616,0.1669904651902611,0.0748992771857741,-0.1703752804091486,-0.0584935202578115,0.0260673050146734,-0.0718211135814432,-0.2869802677942203,3.213900634249473,-3.5008809020436926,-0.0928470754052148,-0.3840380549682875,0.2473060890430796,0.1955413090787647,-0.015573215227427,0.020329247205268,-0.0018993017647053,-0.0039548790155868,-0.0079085989381922,-0.0261019686719484,-0.0099863780987544,-0.0007696833781196,-0.0220276943623184,0.8921202712307739,-0.4461481564947227,-7.0,11.666666666666668,-18.666666666666668,-0.3333333333333333,1.6666666666666663,-1.2957149665151189,0.7814314123340589,-0.1382961157256093,0.0133408680401623,-0.0100298080195433,-0.0408190604103695,-0.303240272858481,0.1279369157000002,-0.0442633017101102,0.0258027547501231,-0.334340564054557,-4.139138732111354,-8.122923545138777,0.3872827974435511,0.6127172025564489,0,NE,NE,1,NE was projected ahead because the strongest inputs for this specific matchup were: Closing spread -3.5 favored NE; Season offensive EPA -0.016 favored NE; Recent win rate -33.3% favored NE.,"[{""feature"": ""spread_line_clean"", ""label"": ""Closing spread"", ""value"": ""-3.5"", ""direction"": ""NE"", ""impact"": 0.8452580536567189}, {""feature"": ""diff_season_epa_per_play"", ""label"": ""Season offensive EPA"", ""value"": ""-0.016"", ""direction"": ""NE"", ""impact"": 0.08725612298430226}, {""feature"": ""diff_last3_win_pct"", ""label"": ""Recent win rate"", ""value"": ""-33.3%"", ""direction"": ""NE"", ""impact"": 0.08072987686237616}]",market_elo_form,5205,5
2025_06_PHI_NYG,2025,6,NYG,PHI,1.0,True,1,0,1,-7.0,310.0,-395.0,0.2340978954835658,1,-7.0,1,1351.7848170760112,1687.3073627681877,-335.52254569217644,0.165920829879952,0.0513551408224348,-0.0748431538565876,0.0049682025847225,-0.0066104143188559,0.001436635247714,-0.1553054718713523,-0.1009213380635759,-0.025472990633472,0.051158621034062,-0.244395780916339,-3.7957201285422144,1.400325007303536,-5.19604513584575,-0.1295281916447559,-0.0925723049956178,-0.3225562793512821,0.2300643619878464,-0.0633455052105307,0.0311775033394962,-0.0181435353756869,0.0086485197962661,-0.0780011632653866,-0.0496452669951071,-0.002765534055397,-0.0069703539215656,-0.1210586342586402,-0.8670532044903452,-1.6727906067439755,-12.333333333333334,-2.0,-10.333333333333332,-0.3333333333333333,-2.0,-0.2690417626661525,-0.1910661222221197,-0.1431352501614719,0.0620293472854276,0.0271693696681887,0.003040768649982,-0.2135819235403709,-0.0133367524968979,-0.0094196063635791,-0.0090476349359936,-0.224616234118414,-0.7890799432286449,-8.738691793368107,0.25449820328031486,0.7455017967196851,0,PHI,NYG,0,PHI was projected ahead because the strongest inputs for this specific matchup were: Closing spread -7.0 favored PHI; Season offensive EPA -0.063 favored PHI; Season QB EPA -0.121 favored NYG.,"[{""feature"": ""spread_line_clean"", ""label"": ""Closing spread"", ""value"": ""-7.0"", ""direction"": ""PHI"", ""impact"": 1.3635598962488622}, {""feature"": ""diff_season_epa_per_play"", ""label"": ""Season offensive EPA"", ""value"": ""-0.063"", ""direction"": ""PHI"", ""impact"": 0.34120491788487406}, {""feature"": ""diff_season_qb_epa_per_play"", ""label"": ""Season QB EPA"", ""value"": ""-0.121"", ""direction"": ""NYG"", ""impact"": 0.3026843526277894}]",market_elo_form,5205,5
2025_06_SEA_JAX,2025,6,JAX,SEA,0.0,True,1,-1,0,-1.5,-105.0,-115.0,0.4891657638136511,1,-1.5,1,1492.8341030439522,1550.472537656917,-57.63843461296483,0.4962030603581604,0.0218917666719457,-0.0816798480974681,-0.0087529259221951,0.0043407103858435,-0.0301213069050905,0.0595110231435732,-0.2233172215207056,-0.0006856950871245,-0.0185022050959123,-0.0452864294368316,-3.5534226190476197,2.719940476190473,-6.273363095238095,-0.2029761904761904,-0.359672619047619,-0.2838704887054772,0.2525133944435742,-0.0533919381133351,0.047511054252124,-0.0127893409648602,0.011498781741243,-0.1004670381769804,0.003040185394473,-0.0078140787982468,-0.0054684612308369,-0.0933955068101363,-2.5279258972510767,-0.5474459286789806,-9.333333333333332,-4.0,-5.333333333333334,0.3333333333333333,0.6666666666666666,-1.5855715381033866,0.9692367058038692,-0.1667852766450326,-0.101794411205462,-0.0510681963010548,0.0328573258164433,-0.4864557916643544,0.0544318199909889,0.0107419712070874,-0.0385744124625042,-0.3431710705164555,-7.537966405122818,7.406971614708878,0.4574868822293298,0.5425131177706701,0,SEA,SEA,1,SEA was projected ahead because the strongest inputs for this specific matchup were: Closing spread -1.5 favored SEA; Season offensive EPA -0.053 favored SEA; Season QB EPA -0.093 favored JAX.,"[{""feature"": ""spread_line_clean"", ""label"": ""Closing spread"", ""value"": ""-1.5"", ""direction"": ""SEA"", ""impact"": 0.5490855721754943}, {""feature"": ""diff_season_epa_per_play"", ""label"": ""Season offensive EPA"", ""value"": ""-0.053"", ""direction"": ""SEA"", ""impact"": 0.28829356759815317}, {""feature"": ""diff_season_qb_epa_per_play"", ""label"": ""Season QB EPA"", ""value"": ""-0.093"", ""direction"": ""JAX"", ""impact"": 0.23431205252484288}]",market_elo_form,5205,5
2025_06_SF_TB,2025,6,TB,SF,1.0,True,1,-3,0,3.5,-192.0,160.0,0.6309403437815976,1,3.5,1,1564.9885425696125,1514.5787423404854,50.40980022912686,0.6472076593749945,0.1095198510244343,-0.1167871923403879,0.0026866351829464,-0.0077292256547791,0.037103761254553,0.2794401053565872,-0.3240128643420329,-0.0517479115944589,0.0187263627021172,0.0770094925226263,-0.0598932265598932,1.7705205205205203,-1.8304137470804136,-0.0659826493159826,-0.155321988655322,-0.0963268925576645,0.2987820633600471,-0.0030824758868482,0.027469850762258,-0.0001145581922258,0.0114070285742102,0.0015507925852881,-0.0449445582173312,-0.0177732556727811,-0.0052824212801242,-0.0186188887877473,0.6372397290722788,3.436994967847701,9.666666666666668,9.666666666666668,0.0,0.0,1.6666666666666667,0.3033831530228843,-0.1118120257110968,0.1002534845700425,-0.0037031794208753,-0.0733568985498992,0.0171029636993825,0.2340380297440122,-0.1049788506774084,0.0110890109269495,0.0350653516755692,0.0945655573593644,2.997294641753162,-4.2779017038618505,0.6035226203874898,0.3964773796125102,1,TB,TB,1,TB was projected ahead because the strongest inputs for this specific matchup were: Closing spread +3.5 favored TB; Season QB EPA -0.019 favored TB; Recent offensive success rate -7.3% favored SF.,"[{""feature"": ""spread_line_clean"", ""label"": ""Closing spread"", ""value"": ""+3.5"", ""direction"": ""TB"", ""impact"": 0.19134563152756742}, {""feature"": ""diff_season_qb_epa_per_play"", ""label"": ""Season QB EPA"", ""value"": ""-0.019"", ""direction"": ""TB"", ""impact"": 0.04949385445133893}, {""feature"": ""diff_last3_success_rate"", ""label"": ""Recent offensive success rate"", ""value"": ""-7.3%"", ""direction"": ""SF"", ""impact"": 0.04614343128569264}]",market_elo_form,5205,5
2025_06_TEN_LV,2025,6,LV,TEN,1.0,True,1,0,0,3.5,-185.0,154.0,0.6224665518611737,1,3.5,1,1372.8787481409447,1323.1884104762794,49.69033766466532,0.6462614419743052,0.0359719926632747,-0.1794397464967915,0.0026047213582233,0.0009496625650939,-0.0451892416251101,-0.2127696710953637,-0.3571354752651665,0.0154954302948797,0.0329103255932523,-0.3890364140543976,0.6377501725327832,2.262939958592135,-1.6251897860593512,-0.0578329882677708,-0.4405106970324361,0.1123506324697016,0.1488699892879958,-0.0082832662072513,0.0349628251340384,0.0172162650738255,0.0152675017333638,0.0079699284854219,-0.0511457007944248,-0.0088881068269784,-0.0066923350978406,-0.0165528203106093,-0.066100059594521,3.4890612018246765,4.0,6.0000000000000036,-1.9999999999999984,-0.3333333333333333,0.0,1.2420676907068475,-0.4378694320795375,0.0485945532611691,-0.035655015882828,0.0384461859753468,0.017475660210988,0.1297870851844334,-0.1256267807366338,0.0116482215725276,-0.0241410241410241,0.0371686223575139,6.988986912460056,-8.962627370681947,0.6089553421767334,0.3910446578232666,1,LV,LV,1,LV was projected ahead because the strongest inputs for this specific matchup were: Closing spread +3.5 favored LV; Recent win rate -33.3% favored TEN; Season offensive EPA -0.008 favored TEN.,"[{""feature"": ""spread_line_clean"", ""label"": ""Closing spread"", ""value"": ""+3.5"", ""direction"": ""LV"", ""impact"": 0.19134563152756742}, {""feature"": ""diff_last3_win_pct"", ""label"": ""Recent win rate"", ""value"": ""-33.3%"", ""direction"": ""TEN"", ""impact"": 0.08072987686237616}, {""feature"": ""diff_season_epa_per_play"", ""label"": ""Season offensive EPA"", ""value"": ""-0.008"", ""direction"": ""TEN"", ""impact"": 0.048504081388327076}]",market_elo_form,5205,5
2025_07_ATL_SF,2025,7,SF,ATL,1.0,True,1,1,0,1.5,-115.0,-105.0,0.5108342361863488,1,1.5,1,1497.8472851142892,1493.5180087776578,4.3292763366314375,0.5845613454421007,0.0612221899936605,-0.1177313196246956,-0.0183091922589594,0.0217163541871156,0.0091289989015126,0.0508843380963155,-0.0982444130596297,-0.0170695717972632,-0.0162975936304676,0.0278993224833124,-0.7246528614597452,-1.5454478040822366,0.820794942622495,0.0166200107524888,-0.0082497543612465,-0.0401794703188356,-0.4647599743222192,-0.0244304639274327,-0.0453223175437245,-0.0136014427824635,-0.0208327002575327,-0.0290070804277123,0.0184360500891232,0.0164110088236093,0.0114399422995025,-0.033879029920908,-1.1004757743490554,-1.0868635918892011,2.666666666666668,2.6666666666666643,0.0,-0.3333333333333333,-1.6666666666666667,-0.7981937022100958,1.366874264349609,-0.0137002128098709,0.1173272071702895,0.009670197273748,0.0350116532947965,-0.0500780914217204,-0.1245254591183379,0.026533612926229,-0.053358055594184,-0.0602306769455143,1.2707855340896366,4.430458575432275,0.538005662668007,0.461994337331993,1,SF,SF,1,SF was projected ahead because the strongest inputs for this specific matchup were: Market win probability 51.1% favored SF; Recent win rate -33.3% favored ATL; Closing spread +1.5 favored SF.,"[{""feature"": ""mkt_home_prob"", ""label"": ""Market win probability"", ""value"": ""51.1%"", ""direction"": ""SF"", ""impact"": 0.08502225201446882}, {""feature"": ""diff_last3_win_pct"", ""label"": ""Recent win rate"", ""value"": ""-33.3%"", ""direction"": ""ATL"", ""impact"": 0.05708651883088915}, {""feature"": ""spread_line_clean"", ""label"": ""Closing spread"", ""value"": ""+1.5"", ""direction"": ""SF"", ""impact"": 0.04956796723173532}]",market_elo_form,5220,6
2025_07_CAR_NYJ,2025,7,NYJ,CAR,0.0,True,1,0,0,1.5,-112.0,-108.0,0.5043297540699688,1,1.5,1,1367.302074496733,1397.9045449356963,-30.602470438963564,0.535053269386851,-0.0293696543303799,-0.1095496411794929,-0.0286033577534691,0.006911269045352,-0.0930692245231114,-0.3451128297195026,-0.3550743737460059,0.0411960245585357,0.1126474100612032,-0.4386247160841062,-1.6510032700605637,-0.32340705481705,-1.327596215243513,-0.0422302200034829,-0.1950136413769083,-0.2665200553112488,-0.169635261991357,-0.0447606543967006,-0.0050301418458611,-0.0184771251367211,-0.015376243958542,-0.0430496824208921,-0.0485341655740381,0.0042219302585506,-0.0026676464217909,-0.0763840169266689,-0.4168349383436991,-0.5899985885122585,-5.333333333333332,-5.333333333333332,0.0,-0.6666666666666666,0.0,-1.6047675097945402,0.0206552782748037,-0.1975602328637963,-0.1071870225386894,-0.0725521931345433,0.008874048051644,-0.2144443252778817,-0.2848337893036006,0.1013782860727809,-0.0199494949494949,-0.436813709593908,-2.8733438645019307,1.260646897514106,0.4861477829555865,0.5138522170444135,0,CAR,CAR,1,CAR was projected ahead because the strongest inputs for this specific matchup were: Recent win rate -66.7% favored CAR; Market win probability 50.4% favored NYJ; Closing spread +1.5 favored NYJ.,"[{""feature"": ""diff_last3_win_pct"", ""label"": ""Recent win rate"", ""value"": ""-66.7%"", ""direction"": ""CAR"", ""impact"": 0.11685818231443972}, {""feature"": ""mkt_home_prob"", ""label"": ""Market win probability"", ""value"": ""50.4%"", ""direction"": ""NYJ"", ""impact"": 0.09505297879452988}, {""feature"": ""spread_line_clean"", ""label"": ""Closing spread"", ""value"": ""+1.5"", ""direction"": ""NYJ"", ""impact"": 0.04956796723173532}]",market_elo_form,5220,6
2025_07_GB_ARI,2025,7,ARI,GB,0.0,True,1,0,0,-7.0,310.0,-395.0,0.2340978954835658,1,-7.0,1,1452.7555737644482,1605.3339315518024,-152.5783577873542,0.3631527745487461,0.024098912895479,-0.1058472316466881,-0.0143252692182211,-0.005423204534015,-0.0318234504872518,-0.0080137544207063,-0.2725495464683578,-0.0597842775849027,0.0468716037384189,-0.1292149380753666,-3.833661094723041,1.741724024909864,-5.575385119632908,-0.159592483338796,-0.6790123456790124,-0.4775096938309726,-0.0729727924548493,-0.1311190641741082,-0.0126439265601445,-0.0355331248608328,-0.002037895175,-0.1793689602421136,-0.0461526147410394,0.0040070338421931,-0.0025604741182806,-0.2148108979893817,-1.9673178944643963,-2.6989738397556584,-3.0,1.6666666666666643,-4.666666666666666,-0.3333333333333333,-0.6666666666666666,-0.620640025204354,1.2153631523163169,-0.1733908830746758,-0.0083840907980542,-0.0970284362648553,0.0196108736767514,-0.2162543125719669,-0.2061999515838662,0.0090006261261814,0.0257518525811208,-0.3088221286200999,-2.1027810954025754,7.152583358574402,0.2509144273294162,0.7490855726705838,0,GB,GB,1,GB was projected ahead because the strongest inputs for this specific matchup were: Closing spread -7.0 favored GB; Market win probability 23.4% favored GB; Season offensive EPA -0.131 favored GB.,"[{""feature"": ""spread_line_clean"", ""label"": ""Closing spread"", ""value"": ""-7.0"", ""direction"": ""GB"", ""impact"": 0.6490856736709055}, {""feature"": ""mkt_home_prob"", ""label"": ""Market win probability"", ""value"": ""23.4%"", ""direction"": ""GB"", ""impact"": 0.5117843791195843}, {""feature"": ""diff_season_epa_per_play"", ""label"": ""Season offensive EPA"", ""value"": ""-0.131"", ""direction"": ""GB"", ""impact"": 0.08864720127181648}]",market_elo_form,5220,6
2025_07_HOU_SEA,2025,7,SEA,HOU,1.0,True,1,-7,0,3.0,-166.0,140.0,0.5996387718242023,1,3.0,1,1572.2518092192236,1550.6884444852335,21.563364733990056,0.6084339514587687,0.1090445937026553,-0.0998044604105197,0.0002864822981584,0.0126028418597776,0.04941833530397,0.7305623102901335,-0.0125518206465703,0.1009223636853388,-0.0095378113822379,0.5612075277240961,1.7199067142170072,-1.8898175119556448,3.609724226172651,0.1019337743536693,0.2207188812965634,0.0682719675184522,-0.1541252679385945,0.0300606409511074,-0.0143121069055401,0.0054528963167024,-0.003873198766472,0.0463281253480401,0.009519809132024,0.0095106968530815,0.0007972278405637,0.0522694128613406,1.4607443195263428,1.0097270574159576,-0.6666666666666679,14.333333333333332,-15.000000000000002,0.0,-0.6666666666666666,1.4914082645519384,0.767893217893219,0.0907006443643899,0.332573323227979,0.0240640069353735,0.0480206582605972,0.2765181872898313,-0.1886107123637395,-0.0102950689157585,0.0400639638990504,0.0930815014385258,1.164688508310877,-6.330916845028652,0.6085237347049057,0.3914762652950943,1,SEA,SEA,1,SEA was projected ahead because the strongest inputs for this specific matchup were: Rest differential -7 days favored HOU; Recent defensive EPA allowed +0.333 favored HOU; Closing spread +3.0 favored SEA.,"[{""feature"": ""rest_diff"", ""label"": ""Rest differential"", ""value"": ""-7 days"", ""direction"": ""HOU"", ""impact"": 0.10705062677922104}, {""feature"": ""diff_last3_epa_per_play_allowed"", ""label"": ""Recent defensive EPA allowed"", ""value"": ""+0.333"", ""direction"": ""HOU"", ""impact"": 0.08514238970829129}, {""feature"": ""spread_line_clean"", ""label"": ""Closing spread"", ""value"": ""+3.0"", ""direction"": ""SEA"", ""impact"": 0.05622927508105942}]",market_elo_form,5220,6
2025_07_IND_LAC,2025,7,LAC,IND,0.0,True,1,0,0,2.5,-135.0,114.0,0.551441114716549,1,2.5,1,1530.177968325234,1527.5382787538915,2.6396895713426147,0.5821974563409403,0.1349141782989937,-0.1186807378718886,-0.0033313469861643,-0.0045921054008129,0.0920516967966042,-0.0878906897326434,0.1788783607155948,-0.079674736778654,-0.0029984286600789,0.0587697547187205,-0.3228228228228218,-0.563295690056254,0.2404728672334304,-0.053483060525314,0.1947510891172862,0.1315855041906655,-0.0024180353729459,0.0081085848731927,-0.0062003451856578,-0.0050160093455263,-0.0092954129656631,0.0296200785918414,-0.0310338795836235,0.0071226724852285,0.0051253445369557,0.01343448622942,0.6697139039874417,0.6366093863284971,-11.333333333333332,5.0,-16.333333333333336,-0.3333333333333333,-0.3333333333333333,-0.1424367950542775,-0.290749134387406,-0.1477268920285449,0.0921192814862754,-0.0802050573026903,-0.014030485440153,-0.237060487346225,0.0443798326434995,0.0372849372849372,0.0265058782635829,-0.2371229851799142,-0.2860128275179838,1.6342123070247696,0.5635646327023174,0.4364353672976826,1,LAC,IND,0,LAC was projected ahead because the strongest inputs for this specific matchup were: Recent win rate -33.3% favored IND; Division matchup No favored LAC; Recent offensive success rate -8.0% favored IND.,"[{""feature"": ""diff_last3_win_pct"", ""label"": ""Recent win rate"", ""value"": ""-33.3%"", ""direction"": ""IND"", ""impact"": 0.05708651883088915}, {""feature"": ""div_game"", ""label"": ""Division matchup"", ""value"": ""No"", ""direction"": ""LAC"", ""impact"": 0.033732428511623044}, {""feature"": ""diff_last3_success_rate"", ""label"": ""Recent offensive success rate"", ""value"": ""-8.0%"", ""direction"": ""IND"", ""impact"": 0.02719476016563502}]",market_elo_form,5220,6
2025_07_LA_JAX,2025,7,JAX,LA,0.0,True,1,0,0,-3.0,140.0,-166.0,0.4003612281757977,1,-3.0,1,1471.0548314816456,1587.6501471901938,-116.59531570854824,0.4122743723440681,0.033847416487063,-0.0696610054702402,-0.0071562511578194,-0.0049738285751246,-0.018246145789291,0.2584325407037379,-0.0285674112166405,-0.013301382663207,0.0151997209140066,0.1409009455131898,-3.993153879157571,1.7680153711269035,-5.761169250284477,-0.2134795828902941,-0.3107429999813457,-0.4260282085856861,0.230858550332047,-0.0594593044292357,0.0597687491381464,-0.0310458090048902,0.0131743516980847,-0.0884271908536164,-0.0160395671963159,0.0092954127815338,-0.0150811561723741,-0.100911186039584,-0.3644982699234756,-0.7239203697529474,0.6666666666666679,6.666666666666668,-6.0,0.0,0.6666666666666666,-1.3591718456675252,1.9773790037203884,-0.0262697467283871,0.1691887735056771,-0.0967837070609352,0.0521767632227848,-0.0905557623890247,0.2669760900306717,0.0224301181821357,-0.0404140401497123,-0.0284864014142599,0.4797578629808244,-2.3375892071976714,0.3981806613058299,0.6018193386941701,0,LA,LA,1,LA was projected ahead because the strongest inputs for this specific matchup were: Closing spread -3.0 favored LA; Market win probability 40.0% favored LA; Elo rating edge -117 Elo favored LA.,"[{""feature"": ""spread_line_clean"", ""label"": ""Closing spread"", ""value"": ""-3.0"", ""direction"": ""LA"", ""impact"": 0.36695969417011953}, {""feature"": ""mkt_home_prob"", ""label"": ""Market win probability"", ""value"": ""40.0%"", ""direction"": ""LA"", ""impact"": 0.2553854784940662}, {""feature"": ""elo_diff"", ""label"": ""Elo rating edge"", ""value"": ""-117 Elo"", ""direction"": ""LA"", ""impact"": 0.0659948763165165}]",market_elo_form,5220,6
2025_07_LV_KC,2025,7,KC,LV,1.0,True,1,0,1,13.5,-950.0,625.0,0.8677165354330709,1,13.5,1,1637.9513450523154,1389.072694936442,248.87865011587337,0.8518602149213449,0.0753440328471445,-0.1199860829143808,-0.0044247377677714,0.0056509375274354,0.0447350678327504,0.340039682871283,0.1632271548819067,0.1099796818093114,-0.0197990130364671,0.4049335879086611,1.965779834200884,-3.4766081871345023,5.44238802133539,0.1730608572713836,0.6629393997815051,0.1558409902630346,-0.0067009067601082,0.0781810982804497,-0.0370760751082609,0.0077444069492231,-0.0110716662121372,0.0694180190574983,0.0932746287441106,-0.0012528526477643,0.0064820768075443,0.1242035775670391,0.653616302722263,4.01678347518248,15.0,-2.333333333333332,17.333333333333336,0.3333333333333333,2.0,1.2298163037011678,1.5855051889071108,0.391648542316972,0.0747940637854125,0.0604626704567906,0.0515476970244729,0.4078985835007308,0.3430692667159754,-0.0245378690629011,0.0098759808999868,0.7106540041990725,3.581460385903493,17.457501579038087,0.848312164579116,0.15168783542088404,1,KC,KC,1,KC was projected ahead because the strongest inputs for this specific matchup were: Closing spread +13.5 favored KC; Market win probability 86.8% favored KC; Elo rating edge +249 Elo favored KC.,"[{""feature"": ""spread_line_clean"", ""label"": ""Closing spread"", ""value"": ""+13.5"", ""direction"": ""KC"", ""impact"": 0.7968099712706226}, {""feature"": ""mkt_home_prob"", ""label"": ""Market win probability"", ""value"": ""86.8%"", ""direction"": ""KC"", ""impact"": 0.46533498970490106}, {""feature"": ""elo_diff"", ""label"": ""Elo rating edge"", ""value"": ""+249 Elo"", ""direction"": ""KC"", ""impact"": 0.1369926526474235}]",market_elo_form,5220,6
2025_07_MIA_CLE,2025,7,CLE,MIA,1.0,True,1,0,0,2.5,-148.0,124.0,0.5720596355604638,1,2.5,1,1371.0097302400104,1419.2730418905396,-48.2633116505292,0.5096936590696319,-0.0620137316967083,-0.1197266058274553,-0.0305928603335385,0.002816366879016,-0.1188371910095987,-0.3450718920382993,-0.1347683679034347,-0.1371630845983353,0.021948509244335,-0.4098098162130464,-2.0293434914588424,0.5996567664623136,-2.6290002579211555,-0.1121461024145388,-0.1880146023054183,-0.2220407479285215,-0.0225569116826047,-0.0422496498762325,0.0043460562926468,-0.0263662818401916,0.0026687753067299,-0.0854576461440907,0.0225780385066538,0.0001851274256502,-0.00551589096679,-0.0731555951363903,-1.813473399998233,-1.6136895549154948,-14.0,0.3333333333333321,-14.333333333333334,-0.3333333333333333,0.0,-1.37103573230474,-0.5580474074256925,-0.2639312766148903,-0.0887637780483744,-0.0590626764099302,-0.0567617406175464,-0.4338295318555538,0.0771074283002504,0.0363276486234743,-0.0335074139952189,-0.4650077351277001,-9.030695494933273,-5.193155369690787,0.5485054824576343,0.4514945175423657,1,CLE,CLE,1,CLE was projected ahead because the strongest inputs for this specific matchup were: Recent win rate -33.3% favored MIA; Division matchup No favored CLE; Season offensive EPA -0.042 favored MIA.,"[{""feature"": ""diff_last3_win_pct"", ""label"": ""Recent win rate"", ""value"": ""-33.3%"", ""direction"": ""MIA"", ""impact"": 0.05708651883088915}, {""feature"": ""div_game"", ""label"": ""Division matchup"", ""value"": ""No"", ""direction"": ""CLE"", ""impact"": 0.033732428511623044}, {""feature"": ""diff_season_epa_per_play"", ""label"": ""Season offensive EPA"", ""value"": ""-0.042"", ""direction"": ""MIA"", ""impact"": 0.028948219396124325}]",market_elo_form,5220,6
2025_07_NE_TEN,2025,7,TEN,NE,0.0,True,1,0,0,-6.5,235.0,-290.0,0.2864487697392581,1,-6.5,1,1306.994463680782,1464.977459289277,-157.982995608495,0.3559885870797056,0.0603111005768936,-0.0954124308546545,-0.0123956912846577,0.0067044062465659,0.0035091807818766,-0.1829250193646241,-0.1232759295085405,-0.0778709125604588,0.0458319889333268,-0.2821901753328188,-5.779970386323868,3.283142639206712,-9.063113025530578,-0.2020729573293848,-0.4896217525911967,-0.3181254623651135,-0.0286247427831982,-0.1070226389984697,0.0328191922878793,-0.046795967959561,0.0022704856222772,-0.1308518489966544,-0.0796674851130528,0.0159198512343578,-0.0032872241805802,-0.1858722303555148,-0.983136405425586,-6.230448819444309,-19.333333333333336,5.0,-24.333333333333332,-0.6666666666666667,-2.0,-1.574514818921133,-0.3902242038029611,-0.365435970603562,0.0046664977995975,-0.0410178912973304,-0.0873773452511585,-0.7231264140073798,0.0437323255015512,0.0224319091665238,0.0343545533019217,-0.7115987394083163,-10.017498240992378,-0.7568292800667606,0.2692066896606746,0.7307933103393254,0,NE,NE,1,NE was projected ahead because the strongest inputs for this specific matchup were: Closing spread -6.5 favored NE; Market win probability 28.6% favored NE; Recent win rate -66.7% favored NE.,"[{""feature"": ""spread_line_clean"", ""label"": ""Closing spread"", ""value"": ""-6.5"", ""direction"": ""NE"", ""impact"": 0.6138199262333073}, {""feature"": ""mkt_home_prob"", ""label"": ""Market win probability"", ""value"": ""28.6%"", ""direction"": ""NE"", ""impact"": 0.43105276867610265}, {""feature"": ""diff_last3_win_pct"", ""label"": ""Recent win rate"", ""value"": ""-66.7%"", ""direction"": ""NE"", ""impact"": 0.11685818231443973}]",market_elo_form,5220,6
2025_07_NO_CHI,2025,7,CHI,NO,1.0,True,1,-1,0,4.5,-225.0,185.0,0.6636481241914618,1,4.5,1,1448.4197521670417,1365.488248800864,82.9315033661776,0.68868903880011,-0.0116076155070167,-0.1138906528363411,-0.0162789220852559,0.0108854350996294,-0.0838531576849434,0.1726672993662936,-0.061376426832851,0.0031853137116295,-0.0165261086513458,0.1536060552080995,-5.085356873111785,-0.5588368580060425,-4.52652001510574,-0.1146431268882175,-0.1088085347432024,-0.7662394341105818,-0.1469570417766927,-0.1213195751390209,-0.01812364002759,-0.0526923829014235,0.0010390195554575,-0.1722541721944978,-0.0522227925639394,0.0290849204391318,-0.001701239554171,-0.2298427191052145,-2.0430161360776795,-2.875286837000015,5.666666666666668,-2.6666666666666643,8.333333333333332,0.6666666666666667,1.6666666666666667,0.7410084082511439,0.5474538911381011,0.1044423892442681,-0.0801615967008353,0.0099859931753094,0.0404228520017992,0.1351926184657314,0.0390195712873376,-0.0134453781512605,-0.0114140638334186,0.15002915549798,-3.960253500566859,3.516652453531207,0.660002960045784,0.33999703995421604,1,CHI,CHI,1,CHI was projected ahead because the strongest inputs for this specific matchup were: Closing spread +4.5 favored CHI; Market win probability 66.4% favored CHI; Recent win rate +66.7% favored CHI.,"[{""feature"": ""spread_line_clean"", ""label"": ""Closing spread"", ""value"": ""+4.5"", ""direction"": ""CHI"", ""impact"": 0.16202651739385418}, {""feature"": ""mkt_home_prob"", ""label"": ""Market win probability"", ""value"": ""66.4%"", ""direction"": ""CHI"", ""impact"": 0.15063591897474185}, {""feature"": ""diff_last3_win_pct"", ""label"": ""Recent win rate"", ""value"": ""+66.7%"", ""direction"": ""CHI"", ""impact"": 0.12222847161976258}]",market_elo_form,5220,6
2025_07_NYG_DEN,2025,7,DEN,NYG,1.0,True,1,-3,0,7.5,-425.0,330.0,0.7768331562167907,1,7.5,1,1598.2683114242316,1407.0473315469028,191.22097987732877,0.8049245115466775,0.0578108265646233,-0.1128160245898507,-0.0043849995798309,-0.0027969214337139,0.002331035083771,0.1680240287187719,-0.0644186810892527,-0.0121892053872723,-0.0162147793726741,0.1380273568761501,0.9157092448835584,-1.105038814396611,2.0207480592801694,0.061227946365561,-0.0375723359209597,0.1240198026211079,-0.2619934380349527,0.0167533550020042,-0.0272429191152516,-0.0007835840071238,-0.0134574416613623,0.036260358554499,-0.0078576809332915,-0.003099670677348,0.0071102621725915,0.0301721050537431,0.4913374562613722,-0.3720946902616038,-2.333333333333332,-9.999999999999998,7.666666666666668,0.3333333333333333,0.0,0.7457617998257575,-2.2642518104592217,0.0639193515777395,-0.1701666696743588,-0.027778136760554,-0.1155247706301536,0.0933858044189812,-0.0270305701263578,-0.069023569023569,0.1409081743020037,0.1079640647256473,0.2671884044285404,0.8942998613256499,0.7452535130173968,0.25474648698260316,1,DEN,DEN,1,DEN was projected ahead because the strongest inputs for this specific matchup were: Closing spread +7.5 favored DEN; Market win probability 77.7% favored DEN; Elo rating edge +191 Elo favored DEN.,"[{""feature"": ""spread_line_clean"", ""label"": ""Closing spread"", ""value"": ""+7.5"", ""direction"": ""DEN"", ""impact"": 0.37362100201944365}, {""feature"": ""mkt_home_prob"", ""label"": ""Market win probability"", ""value"": ""77.7%"", ""direction"": ""DEN"", ""impact"": 0.3251814264455798}, {""feature"": ""elo_diff"", ""label"": ""Elo rating edge"", ""value"": ""+191 Elo"", ""direction"": ""DEN"", ""impact"": 0.1049690638231445}]",market_elo_form,5220,6
2025_07_PHI_MIN,2025,7,MIN,PHI,0.0,True,1,4,0,-2.5,124.0,-148.0,0.4279403644395361,1,-2.5,1,1556.834669780173,1632.044848297296,-75.21017851712304,0.470947975515161,0.0808844014228761,-0.0797602419835377,0.0030932568774839,0.0023212587297607,0.0250578482984141,0.093713348156362,-0.2059743845647949,0.00873218589234,0.0450526282376381,0.0120589847890174,-2.100423123420154,-0.06136205443822,-2.0390610689819395,-0.0448034582554859,-0.0240411034179579,-0.2046380413568336,0.0428546377774976,-0.0539796228263606,-0.0166134044893324,-0.0198842607367877,0.0064193465960061,-0.0471757127155908,-0.0536312768535253,0.0061003046072301,-0.0007560284401299,-0.0964364493202367,0.0394076309509849,-3.1894489187152812,8.333333333333332,-9.666666666666668,18.0,0.3333333333333333,-0.3333333333333333,0.4827163519402591,-0.4886808590008806,0.0902360607763603,-0.2438482765185993,0.0434955271708171,-0.0278711950772381,0.1327061488687917,0.0104675942321608,0.003644429297951,0.0378676270799301,0.1093244978179179,1.501829188337553,-5.141580014150463,0.4335648160945807,0.5664351839054194,0,PHI,PHI,1,PHI was projected ahead because the strongest inputs for this specific matchup were: Closing spread -2.5 favored PHI; Market win probability 42.8% favored PHI; Recent win rate +33.3% favored MIN.,"[{""feature"": ""spread_line_clean"", ""label"": ""Closing spread"", ""value"": ""-2.5"", ""direction"": ""PHI"", ""impact"": 0.3316939467325213}, {""feature"": ""mkt_home_prob"", ""label"": ""Market win probability"", ""value"": ""42.8%"", ""direction"": ""PHI"", ""impact"": 0.21285499324682647}, {""feature"": ""diff_last3_win_pct"", ""label"": ""Recent win rate"", ""value"": ""+33.3%"", ""direction"": ""MIN"", ""impact"": 0.06245680813621198}]",market_elo_form,5220,6
2025_07_PIT_CIN,2025,7,CIN,PIT,1.0,True,1,0,1,-5.5,200.0,-245.0,0.3194444444444444,1,-5.5,1,1467.5724166307054,1540.2663535733784,-72.69393694267296,0.4745583690516388,0.1032597798973724,-0.0605381197055389,0.0224297868848597,-0.0097631928544598,0.0481308976835072,0.0289303318551183,0.0164452113437127,-0.004078144078144,-0.0502758077226162,-0.0354070995404702,-0.8982001626136444,2.394319609727251,-3.2925197723408974,-0.1298506911079903,0.0402099194323305,-0.2651767840783838,0.3975972817485411,-0.0300301111947255,0.0455577008270506,-0.0029638179654691,0.0274162598559179,-0.0554952699156581,0.0077077622215067,0.0009274767650085,-0.017309506517182,-0.0583807601063163,-0.5106594574220664,0.8763604566712364,-7.666666666666668,16.0,-23.666666666666664,-1.0,-1.0,-1.1722878401147767,2.2282649012696742,-0.1747699071193423,0.2685271424029123,-0.0718449193400397,0.0961170412903137,-0.2825707730184862,-0.0282903360506918,0.0300383141762451,-0.0489450742798138,-0.3447597098721495,-3.075096612232231,6.245309787274325,0.2899457289677438,0.7100542710322562,0,PIT,CIN,0,PIT was projected ahead because the strongest inputs for this specific matchup were: Closing spread -5.5 favored PIT; Market win probability 31.9% favored PIT; Recent win rate -100.0% favored PIT.,"[{""feature"": ""spread_line_clean"", ""label"": ""Closing spread"", ""value"": ""-5.5"", ""direction"": ""PIT"", ""impact"": 0.5432884313581107}, {""feature"": ""mkt_home_prob"", ""label"": ""Market win probability"", ""value"": ""31.9%"", ""direction"": ""PIT"", ""impact"": 0.3801693021725934}, {""feature"": ""diff_last3_win_pct"", ""label"": ""Recent win rate"", ""value"": ""-100.0%"", ""direction"": ""PIT"", ""impact"": 0.1766298457979903}]",market_elo_form,5220,6
2025_07_TB_DET,2025,7,DET,TB,1.0,True,1,0,0,6.0,-278.0,225.0,0.705033164260632,1,6.0,1,1640.937100011413,1581.7199997958085,59.21710021560443,0.6586955354142074,0.0628392315138685,-0.1387977657349755,-0.0031111193196092,0.0035918994714771,-0.0003976495298292,0.1467951802982942,-0.1782254210598657,-0.0021292294305725,-0.0056868320423571,-0.0031135546841789,0.8816486939851416,1.9518332135154568,-1.070184519530314,-0.0317852863647256,-0.0857033309369758,0.0257869338644161,0.241231163744036,-0.0042678385155524,0.0346517578039955,0.0053056860230387,0.0129090527709345,-0.0209575777047635,0.0048874592405644,0.006300896984881,0.0011075721888349,-0.0118493417348007,-0.5985664319641157,-0.2613559340807978,-1.666666666666668,-7.0,5.333333333333334,0.0,0.6666666666666667,-1.0141452154288544,-0.4518712579595743,-0.1420574112129111,-0.0851692231644711,-0.007112937811979,-0.04735288502067,-0.1957632592159807,0.0358443868789308,0.0209875179417565,0.0033878259287354,-0.2557199449344193,1.5611097402941092,-4.655671982545883,0.6843695609137427,0.3156304390862573,1,DET,DET,1,DET was projected ahead because the strongest inputs for this specific matchup were: Closing spread +6.0 favored DET; Market win probability 70.5% favored DET; Division matchup No favored DET.,"[{""feature"": ""spread_line_clean"", ""label"": ""Closing spread"", ""value"": ""+6.0"", ""direction"": ""DET"", ""impact"": 0.2678237597066489}, {""feature"": ""mkt_home_prob"", ""label"": ""Market win probability"", ""value"": ""70.5%"", ""direction"": ""DET"", ""impact"": 0.21445683850196132}, {""feature"": ""div_game"", ""label"": ""Division matchup"", ""value"": ""No"", ""direction"": ""DET"", ""impact"": 0.033732428511623044}]",market_elo_form,5220,6
2025_07_WAS_DAL,2025,7,DAL,WAS,1.0,True,1,1,1,1.5,-125.0,105.0,0.5324675324675325,1,1.5,1,1454.9704690937738,1564.5179195342905,-109.54745044051674,0.42213859653254,0.1103550648437803,-0.0823501436237465,0.0169256022687567,-0.0072057667272747,0.092374114780651,0.4297229362302702,-0.1315609187809685,0.0070382395848788,-0.0658204779438638,0.4063455625159024,4.388665009002828,-1.3626568350052857,5.751321844008117,0.1515333390494155,0.1410157478064534,0.3984564276279814,-0.1441526106077555,0.0701419151335976,-0.0248019254853722,0.0283164583992008,0.0014245094951694,0.0939829224747875,0.0495335448112391,-0.0119796763947553,0.0029038039579554,0.1301368928295229,0.7759652643519188,0.6063498302815182,8.666666666666664,7.666666666666668,1.0,0.0,1.3333333333333333,0.5732013204891695,-0.4700755917790271,0.1590820211512718,0.0815438578399762,-0.03176360253135,0.0713842939576684,0.1527792710937032,0.1537346610203765,-0.0433152475638706,-0.0341564832187168,0.2531678141390466,2.0055569110786537,-2.1739729116488076,0.5292422888944809,0.4707577111055191,1,DAL,DAL,1,DAL was projected ahead because the strongest inputs for this specific matchup were: Elo rating edge -110 Elo favored WAS; Division matchup Yes favored WAS; Market win probability 53.2% favored DAL.,"[{""feature"": ""elo_diff"", ""label"": ""Elo rating edge"", ""value"": ""-110 Elo"", ""direction"": ""WAS"", ""impact"": 0.0620804285336181}, {""feature"": ""div_game"", ""label"": ""Division matchup"", ""value"": ""Yes"", ""direction"": ""WAS"", ""impact"": 0.06032915099194121}, {""feature"": ""mkt_home_prob"", ""label"": ""Market win probability"", ""value"": ""53.2%"", ""direction"": ""DAL"", ""impact"": 0.051660997349442093}]",market_elo_form,5220,6
2025_08_BUF_CAR,2025,8,CAR,BUF,0.0,True,1,-6,0,-7.0,310.0,-395.0,0.2340978954835658,1,-7.0,1,1420.4063247698618,1606.5664180742217,-186.16009330435983,0.319728847117996,0.0246915209437263,-0.0495351550944482,-0.0097214943447478,0.0045714158028665,-0.005828132831764,0.004745395177123,0.1562140046675628,0.0062658671096816,-0.0234888568221901,0.1461856065963827,-1.721674666969637,1.3563685251985866,-3.0780431921682245,-0.074057242404446,-0.1754291286770624,-0.1601867791089466,0.0956157563803303,-0.0299894560522756,0.0105656469064355,-0.0109584936331068,0.0001128653289628,-0.0488909452171113,0.0003560284908914,0.0054453210214554,0.0021405829590832,-0.043198856529077,-1.0000615524780192,-1.7259373673644534,1.6666666666666643,-3.0,4.666666666666666,0.6666666666666667,1.3333333333333337,-0.0328419628662262,-0.9466868665767284,0.0364039235370561,-0.0132469527919769,-0.0043338286195735,-0.1082466625907872,-0.0869891346800381,0.2959129462133653,-0.0223097527019096,-0.0142015392015392,0.0503905601258656,1.441408359653936,-7.756229994838442,0.2753845878313354,0.7246154121686645,0,BUF,BUF,1,BUF was projected ahead because the strongest inputs for this specific matchup were: Closing spread -7.0 favored BUF; Market win probability 23.4% favored BUF; Recent win rate +66.7% favored CAR.,"[{""feature"": ""spread_line_clean"", ""label"": ""Closing spread"", ""value"": ""-7.0"", ""direction"": ""BUF"", ""impact"": 0.6491625585698195}, {""feature"": ""mkt_home_prob"", ""label"": ""Market win probability"", ""value"": ""23.4%"", ""direction"": ""BUF"", ""impact"": 0.5148092019215029}, {""feature"": ""diff_last3_win_pct"", ""label"": ""Recent win rate"", ""value"": ""+66.7%"", ""direction"": ""CAR"", ""impact"": 0.12275019045794128}]",market_elo_form,5235,7
2025_08_CHI_BAL,2025,8,BAL,CHI,1.0,True,1,7,0,2.5,-148.0,124.0,0.5720596355604638,1,2.5,1,1504.3667211822042,1463.4475069772363,40.91921420496783,0.6346355113584807,0.1150463770199868,-0.0377278934253503,0.0043525744262196,-0.0007552495629022,0.0948791766700948,-0.1705293183699697,0.0507311135309697,-0.0667617783051293,0.0104535854535854,-0.2873334963267905,2.665508780635733,-2.95423593306316,5.6197447136988945,0.1407107214732721,0.2144570341576378,0.3176501796220092,-0.3991355623346857,0.0784572879990483,-0.0410589486589038,0.0215755757666915,-0.0198871788487151,0.1077368600728402,0.0567193450144482,-0.0130813081864071,0.0062846381869086,0.1595940898088877,0.5927918321152001,-0.7515810742810036,-14.333333333333332,11.999999999999996,-26.333333333333336,-1.0,-4.333333333333333,-0.3210742906649342,-0.070566202002813,-0.2235236622595362,0.3194764867599011,-0.0404599125295795,0.0359167453527235,-0.3276264842893994,-0.078822538893627,0.0253670984063141,-0.0142380064793857,-0.4231385652927348,4.620389121368882,-2.3489434605555832,0.6076445688170037,0.3923554311829963,1,BAL,BAL,1,BAL was projected ahead because the strongest inputs for this specific matchup were: Recent win rate -100.0% favored CHI; Rest differential +7 days favored BAL; Recent defensive EPA allowed +0.319 favored CHI.,"[{""feature"": ""diff_last3_win_pct"", ""label"": ""Recent win rate"", ""value"": ""-100.0%"", ""direction"": ""CHI"", ""impact"": 0.1772345194283024}, {""feature"": ""rest_diff"", ""label"": ""Rest differential"", ""value"": ""+7 days"", ""direction"": ""BAL"", ""impact"": 0.10282782987895701}, {""feature"": ""diff_last3_epa_per_play_allowed"", ""label"": ""Recent defensive EPA allowed"", ""value"": ""+0.319"", ""direction"": ""CHI"", ""impact"": 0.08495855845675784}]",market_elo_form,5235,7
2025_08_CLE_NE,2025,8,NE,CLE,1.0,True,1,0,0,7.0,-380.0,300.0,0.7600000000000001,1,7.0,1,1485.0037528629264,1402.8615037738075,82.14224908911865,0.687714134590489,0.1502073643856835,-0.0571102925971265,0.0318335220632561,-0.0054790000987498,0.1484460949883402,0.4636382510807391,-0.0715632903953511,0.0819594692787129,0.023399481306641,0.3765955645626982,8.03522739666267,-4.0427345766532135,12.077961973315883,0.3308975897044389,0.7275966117715491,0.5765193726887956,-0.0529471671454757,0.1520258860593607,-0.0424216529301578,0.0648175795720124,-0.0026237799800175,0.2141819504518813,0.0657117521281092,-0.0137090980476446,0.0037592153286554,0.2699240940768971,2.3243337900853085,3.0355123292271253,7.333333333333332,0.6666666666666643,6.666666666666666,0.6666666666666667,-0.6666666666666667,1.8650183886659464,0.1547503447684919,0.1984494252238719,-0.0348547254207352,0.1114789379919651,0.0734835418440982,0.3779383520051037,-0.0862766196834014,0.0023108773314315,0.0120769925647974,0.4101434287662783,9.623273374659622,7.674948172175513,0.7708879780183097,0.22911202198169034,1,NE,NE,1,NE was projected ahead because the strongest inputs for this specific matchup were: Closing spread +7.0 favored NE; Market win probability 76.0% favored NE; Recent win rate +66.7% favored NE.,"[{""feature"": ""spread_line_clean"", ""label"": ""Closing spread"", ""value"": ""+7.0"", ""direction"": ""NE"", ""impact"": 0.338672998135163}, {""feature"": ""mkt_home_prob"", ""label"": ""Market win probability"", ""value"": ""76.0%"", ""direction"": ""NE"", ""impact"": 0.3012434369156714}, {""feature"": ""diff_last3_win_pct"", ""label"": ""Recent win rate"", ""value"": ""+66.7%"", ""direction"": ""NE"", ""impact"": 0.12275019045794128}]",market_elo_form,5235,7
2025_08_DAL_DEN,2025,8,DEN,DAL,1.0,True,1,0,0,3.5,-192.0,160.0,0.6309403437815976,1,3.5,1,1600.7004322918567,1492.1294208945626,108.57101139729411,0.7194208051365243,0.0645150114129177,-0.1046834833492389,-0.0101775548490329,-0.0087896535855756,0.009690496434094,0.0280400307332263,0.0064101259465568,-0.0914130010379354,-0.0383838383838383,0.0492247691962689,-2.846027233278466,-0.2112449498728104,-2.634782283405656,-0.0487056711057908,-0.0984026634744874,-0.2866994047235458,-0.1986281953616355,-0.0511595860201483,-0.0197349728188713,-0.0255903994672839,-0.0193579458075262,-0.0718964263248127,-0.047648993170963,0.0015015859990806,0.0012964224662862,-0.1087077312523045,-0.7781745625467261,-0.4145695827981157,-13.666666666666668,-4.666666666666668,-9.0,0.3333333333333333,-0.6666666666666666,-1.5725927396275594,-1.5394687494924848,-0.2338773674737805,-0.0610322093353892,-0.0249541603237319,-0.16033081163048,-0.4378404153779022,0.0950057121771759,0.0173961840628507,0.1069983969560497,-0.3849796913996156,-2.9204680144646815,-4.815934108361985,0.6388602937903013,0.3611397062096987,1,DEN,DEN,1,DEN was projected ahead because the strongest inputs for this specific matchup were: Market win probability 63.1% favored DEN; Closing spread +3.5 favored DEN; Recent win rate +33.3% favored DEN.,"[{""feature"": ""mkt_home_prob"", ""label"": ""Market win probability"", ""value"": ""63.1%"", ""direction"": ""DEN"", ""impact"": 0.1009790300613065}, {""feature"": ""spread_line_clean"", ""label"": ""Closing spread"", ""value"": ""+3.5"", ""direction"": ""DEN"", ""impact"": 0.09171410895891736}, {""feature"": ""diff_last3_win_pct"", ""label"": ""Recent win rate"", ""value"": ""+33.3%"", ""direction"": ""DEN"", ""impact"": 0.06275324848069253}]",market_elo_form,5235,7
2025_08_GB_PIT,2025,8,PIT,GB,0.0,True,1,3,0,-3.0,130.0,-155.0,0.4170073589533933,1,-3.0,1,1528.6276140443892,1616.526916992699,-87.8993029483097,0.4527951010714338,0.1262720882246556,-0.1004201817698392,0.0013651654432738,-0.0060443900834004,0.0744911686548322,0.1656505105195095,-0.0413771493461356,-0.0014627200760268,-0.0323490829111189,0.243204869113514,-3.0405228758169933,-1.927212506624272,-1.113310369192722,-0.010978625684508,-0.4864864864864865,-0.2488899135285249,-0.3143405149330984,-0.0660069862842874,-0.0322049465634804,-0.0199738126053425,-0.0238558147814377,-0.0773713559440214,-0.0405776427405468,0.0036526174514238,0.0047367469742395,-0.1085564319392892,-0.3060611898279218,-3.0406508088674116,-5.333333333333332,-6.0,0.666666666666667,0.0,0.6666666666666666,0.4448830422458671,-0.1303069639911758,-0.0160674931680964,-0.0703346699026117,-0.0509748675685906,-0.0487213760897968,-0.0714202863487833,0.0646064204935412,-0.0010973869126042,0.0261094882568118,-0.0267254514470625,1.0786915283038794,-0.2350148333185219,0.41106515845060715,0.5889348415493929,0,GB,GB,1,GB was projected ahead because the strongest inputs for this specific matchup were: Closing spread -3.0 favored GB; Market win probability 41.7% favored GB; Elo rating edge -88 Elo favored GB.,"[{""feature"": ""spread_line_clean"", ""label"": ""Closing spread"", ""value"": ""-3.0"", ""direction"": ""GB"", ""impact"": 0.3669238280826817}, {""feature"": ""mkt_home_prob"", ""label"": ""Market win probability"", ""value"": ""41.7%"", ""direction"": ""GB"", ""impact"": 0.23098499005588943}, {""feature"": ""elo_diff"", ""label"": ""Elo rating edge"", ""value"": ""-88 Elo"", ""direction"": ""GB"", ""impact"": 0.05055283604502688}]",market_elo_form,5235,7
2025_08_MIA_ATL,2025,8,ATL,MIA,0.0,True,1,0,0,7.0,-355.0,280.0,0.7477827050997783,1,7.0,1,1474.1176276828032,1387.4212683567423,86.69635932606093,0.6933163890239036,0.0974943644840972,-0.1279991395955609,0.0110749255017805,-0.0073865821937591,0.0502350465510142,0.1560572285060239,-0.0659360390524782,0.0816875359193242,-0.0210101492710188,0.1302918486914761,2.310925345408102,0.0722841441232269,2.23864120128488,0.0455512984248616,0.132841828244127,0.3193394267765033,0.2040220596996143,0.0534340234577525,0.0080693941621382,0.0154606940631125,0.0160257062559721,0.0761855925990615,0.0145568643495414,-0.0100852929634842,-0.0127122961268372,0.0982639474380134,0.3471433917416073,-1.3773794578290186,3.666666666666668,-8.666666666666668,12.333333333333334,0.6666666666666666,2.3333333333333335,1.2271898288165408,0.0189542599370593,0.1912465874291419,-0.0522148078302141,0.1274427247029986,0.1000913623260347,0.4038427088964842,0.1332950714083735,-0.0337301587301587,0.0055071243050782,0.4102828521982796,-2.1630646994418536,2.251346139398282,0.7562601985899237,0.24373980141007634,1,ATL,MIA,0,ATL was projected ahead because the strongest inputs for this specific matchup were: Closing spread +7.0 favored ATL; Market win probability 74.8% favored ATL; Recent win rate +66.7% favored ATL.,"[{""feature"": ""spread_line_clean"", ""label"": ""Closing spread"", ""value"": ""+7.0"", ""direction"": ""ATL"", ""impact"": 0.338672998135163}, {""feature"": ""mkt_home_prob"", ""label"": ""Market win probability"", ""value"": ""74.8%"", ""direction"": ""ATL"", ""impact"": 0.2822856201335056}, {""feature"": ""diff_last3_win_pct"", ""label"": ""Recent win rate"", ""value"": ""+66.7%"", ""direction"": ""ATL"", ""impact"": 0.12275019045794126}]",market_elo_form,5235,7
2025_08_MIN_LAC,2025,8,LAC,MIN,1.0,True,1,0,0,3.0,-170.0,142.0,0.6037569709421778,1,3.0,1,1497.7971979355736,1538.6730614872413,-40.875863551667635,0.5203150764153661,0.1779277509549764,-0.075797394122034,0.0166067971827926,-0.011530483594545,0.1351010838222341,-0.0896271248126943,-0.1456107771943888,-0.0138583589103202,-0.016500330270822,0.0176811115585953,0.5711888111888115,0.3205594405594389,0.2506293706293705,-0.0187412587412587,0.2500699300699301,0.2125086456626377,0.1784143891418725,0.0556468064437208,0.0397652770201276,0.0195081993723232,0.0111964259703833,0.0812649008473499,-0.0110504598024854,-0.0143770518669435,-0.0020306560346004,0.0946124648155435,0.0496504567455522,3.4894929238483856,-0.3333333333333321,7.666666666666668,-7.999999999999999,0.0,1.3333333333333337,0.1663182831661087,0.4793842393957321,0.0246428988840862,0.1203850457073081,-0.0486575622445186,0.0672551453974337,-0.1111685960983176,0.2672242865398236,-0.0082445406576623,-0.0456453582260033,0.127499904620304,0.9112303590506494,-1.8762688541564063,0.6075219019583251,0.3924780980416749,1,LAC,LAC,1,LAC was projected ahead because the strongest inputs for this specific matchup were: Market win probability 60.4% favored LAC; Closing spread +3.0 favored LAC; Season offensive EPA +0.056 favored LAC.,"[{""feature"": ""mkt_home_prob"", ""label"": ""Market win probability"", ""value"": ""60.4%"", ""direction"": ""LAC"", ""impact"": 0.05879805579329037}, {""feature"": ""spread_line_clean"", ""label"": ""Closing spread"", ""value"": ""+3.0"", ""direction"": ""LAC"", ""impact"": 0.05643426764802514}, {""feature"": ""diff_season_epa_per_play"", ""label"": ""Season offensive EPA"", ""value"": ""+0.056"", ""direction"": ""LAC"", ""impact"": 0.0369979571106383}]",market_elo_form,5235,7
2025_08_NYG_PHI,2025,8,PHI,NYG,1.0,True,1,0,1,7.0,-380.0,300.0,0.7600000000000001,1,7.0,1,1650.2064565902278,1404.6152106792777,245.5912459109502,0.8494561995529578,0.0994315384464698,-0.0572806158938212,0.0142512068317863,0.0033390118331769,0.0919520979107808,0.1967342456037983,-0.2115296923372546,-0.0412731043151396,0.0705603038936372,0.104197529961619,3.7090128445663137,-1.3745670370904897,5.083579881656805,0.1287523452157598,0.0919144176648867,0.3295492938500794,-0.228807596682973,0.0620305410334773,-0.0306629393104126,0.0179765930154641,-0.008259817070006,0.0771593694790426,0.0476390634548432,0.0028291791394998,0.0068941364077099,0.1187966442804541,0.9197626111396948,1.66787486666168,-6.0,0.3333333333333357,-6.333333333333333,0.0,1.6666666666666667,1.1381189902861737,-0.1435739286371644,-0.0120017598789918,0.0292991042049837,-0.033171934762548,0.0443529467406079,0.0652093787903305,-0.131192542278598,0.0465246254719938,0.0111848204906938,-0.0575130816376042,6.319426057217655,7.243402420435608,0.7385290260929037,0.2614709739070963,1,PHI,PHI,1,PHI was projected ahead because the strongest inputs for this specific matchup were: Closing spread +7.0 favored PHI; Market win probability 76.0% favored PHI; Elo rating edge +246 Elo favored PHI.,"[{""feature"": ""spread_line_clean"", ""label"": ""Closing spread"", ""value"": ""+7.0"", ""direction"": ""PHI"", ""impact"": 0.338672998135163}, {""feature"": ""mkt_home_prob"", ""label"": ""Market win probability"", ""value"": ""76.0%"", ""direction"": ""PHI"", ""impact"": 0.3012434369156714}, {""feature"": ""elo_diff"", ""label"": ""Elo rating edge"", ""value"": ""+246 Elo"", ""direction"": ""PHI"", ""impact"": 0.13657989627654085}]",market_elo_form,5235,7
2025_08_NYJ_CIN,2025,8,CIN,NYJ,0.0,True,1,3,0,5.5,-258.0,210.0,0.690792883054068,1,5.5,1,1479.2111561596946,1344.8002946625677,134.41086149712692,0.7484450937560856,0.0707353531714322,-0.0926753717430964,0.0162648455653988,0.0012548847716497,0.0161154146925111,0.1393110162578652,0.0084727070196777,0.0946740845254893,-0.0028928743214457,0.1440179528717399,2.6645962732919237,-0.4867323874104912,3.151328660702414,0.0825593101221342,0.363885881436739,0.251229913046834,0.3115009217699498,0.0646256550185098,0.0130358745127784,0.0297122128205414,0.0211379336176458,0.0957635985608414,0.0113599245624032,-0.0085452392835086,-0.0063931720496898,0.1047772935727134,1.7951888145621668,4.635361760472321,12.0,10.666666666666668,1.333333333333333,0.3333333333333333,1.0,2.008224603054092,1.3931370036408728,0.3395947278846667,0.1956676569548338,0.1410829734783176,0.1350001247598372,0.500562041481807,0.1431236878227443,-0.1433781872205518,0.0193151755651755,0.5777543257800817,3.5431435110556704,10.921971537256692,0.7377683157178079,0.2622316842821921,1,CIN,NYJ,0,CIN was projected ahead because the strongest inputs for this specific matchup were: Closing spread +5.5 favored CIN; Market win probability 69.1% favored CIN; Elo rating edge +134 Elo favored CIN.,"[{""feature"": ""spread_line_clean"", ""label"": ""Closing spread"", ""value"": ""+5.5"", ""direction"": ""CIN"", ""impact"": 0.23283347420248632}, {""feature"": ""mkt_home_prob"", ""label"": ""Market win probability"", ""value"": ""69.1%"", ""direction"": ""CIN"", ""impact"": 0.19385339240924956}, {""feature"": ""elo_diff"", ""label"": ""Elo rating edge"", ""value"": ""+134 Elo"", ""direction"": ""CIN"", ""impact"": 0.07419285356397105}]",market_elo_form,5235,7
2025_08_SF_HOU,2025,8,HOU,SF,1.0,True,1,-1,0,2.5,-155.0,130.0,0.5829926410466066,1,2.5,1,1534.0599699219292,1517.2476662091435,16.81230371278548,0.601899224004245,0.0783212880709076,-0.0948353391009756,-0.0022043636587089,0.0015383392690332,0.0121393654171439,0.130476287589238,-0.3072336887287605,-0.0523238257836747,0.0211329096435479,0.065544783391953,-0.640544230069164,1.2814797961412443,-1.9220240262104111,-0.050018201674554,-0.0469694211867492,-0.1666383066388848,0.235252930059806,-0.0196978179581022,0.0156379460845799,-0.0049694429272859,0.0028986451700429,-0.0285369343648867,-0.022977381719459,-0.0086718601594981,-0.001536459555943,-0.0427843943711002,0.4601081154081902,0.9181836629699652,8.0,-8.666666666666666,16.666666666666664,0.0,2.666666666666667,-0.0920474421475905,-1.7876363935613169,0.0150755313921624,-0.3704753852979846,-0.0237330333968431,-0.151135115445477,0.1183116753315296,-0.1908189402942745,-0.0038292170511014,0.0216105928798518,0.08299109691856,-0.4381072445251387,4.531003734861443,0.5482641923457392,0.4517358076542608,1,HOU,HOU,1,HOU was projected ahead because the strongest inputs for this specific matchup were: Recent defensive EPA allowed -0.370 favored HOU; Division matchup No favored HOU; Market win probability 58.3% favored HOU.,"[{""feature"": ""diff_last3_epa_per_play_allowed"", ""label"": ""Recent defensive EPA allowed"", ""value"": ""-0.370"", ""direction"": ""HOU"", ""impact"": 0.09761475544081173}, {""feature"": ""div_game"", ""label"": ""Division matchup"", ""value"": ""No"", ""direction"": ""HOU"", ""impact"": 0.032479014761292495}, {""feature"": ""mkt_home_prob"", ""label"": ""Market win probability"", ""value"": ""58.3%"", ""direction"": ""HOU"", ""impact"": 0.026577636708740037}]",market_elo_form,5235,7
2025_08_TB_NO,2025,8,NO,TB,0.0,True,1,1,1,-4.5,180.0,-218.0,0.3425247738043946,1,-4.5,1,1350.460493990669,1563.7281424164858,-213.2676484258168,0.2867826052003352,0.1528762848864989,-0.0688962715856964,0.0263773390671056,-0.014689539857688,0.1378245929471077,0.0005748349595794,-0.2291344629054136,-0.0156446077861664,-0.0235106195056132,-0.0931726425244274,4.176897775149676,-0.5431295735087609,4.720027348658437,0.1244363958903096,0.1830512232981004,0.4104264572853591,0.0868337883004208,0.0676171747855135,-0.0066451934603205,0.0348559684073879,-0.0098868104371553,0.0703717262934782,0.0736077592938107,-0.0118510613977109,0.0032410582637102,0.1272493617759954,1.5184063756334834,0.0359914997154753,-6.0,-4.333333333333332,-1.6666666666666667,-0.3333333333333333,-1.3333333333333333,-0.9362163857969348,-0.9882947157741206,-0.1692139546257828,-0.0956719239879123,-0.0170680973531168,-0.0101793564450318,-0.2134009286619965,-0.1656896113351475,0.0121354921354921,-0.0512631031720753,-0.2989541897394108,-1.6184965440317185,-5.927749770282982,0.3173793005257433,0.6826206994742567,0,TB,TB,1,TB was projected ahead because the strongest inputs for this specific matchup were: Closing spread -4.5 favored TB; Market win probability 34.3% favored TB; Elo rating edge -213 Elo favored TB.,"[{""feature"": ""spread_line_clean"", ""label"": ""Closing spread"", ""value"": ""-4.5"", ""direction"": ""TB"", ""impact"": 0.47276335201535846}, {""feature"": ""mkt_home_prob"", ""label"": ""Market win probability"", ""value"": ""34.3%"", ""direction"": ""TB"", ""impact"": 0.3465610823290769}, {""feature"": ""elo_diff"", ""label"": ""Elo rating edge"", ""value"": ""-213 Elo"", ""direction"": ""TB"", ""impact"": 0.12090121957820162}]",market_elo_form,5235,7
2025_08_TEN_IND,2025,8,IND,TEN,1.0,True,1,0,1,15.5,-1650.0,950.0,0.9082568807339452,1,15.5,1,1559.919049143552,1286.968170107133,272.95087903641934,0.8685087114304217,0.0989381420618768,-0.0931504021182851,0.0172051138379603,-0.0117479469733844,0.0731790338951314,0.2945911842609084,0.277903393588478,0.1148845848658874,-0.0713704613704613,0.4893823593685052,2.9393435351519166,-0.099393804982629,3.0387373401345457,0.1028128927330524,0.0702483921046795,0.206182928247558,0.1283949918513194,0.0611025003501806,-0.0069865708304006,0.0319930959215129,0.0153062909296315,0.0731234488027694,0.0362270967283031,-0.0217614983470334,-4.163781339917849e-06,0.1043314671918462,0.0296698113927887,5.35711881957946,21.333333333333336,-5.0,26.333333333333332,0.6666666666666667,3.666666666666667,1.499217215298934,0.1433375880946679,0.4803986755396836,-0.0238585329049547,0.1076126963279076,0.0584381523773521,0.4695396424271331,0.517588373617022,-0.0857594171547659,-0.0276325657414073,0.765909464185391,0.9373035677409178,2.2937529847585094,0.8796720947324866,0.12032790526751336,1,IND,IND,1,IND was projected ahead because the strongest inputs for this specific matchup were: Closing spread +15.5 favored IND; Market win probability 90.8% favored IND; Elo rating edge +273 Elo favored IND.,"[{""feature"": ""spread_line_clean"", ""label"": ""Closing spread"", ""value"": ""+15.5"", ""direction"": ""IND"", ""impact"": 0.938430300420331}, {""feature"": ""mkt_home_prob"", ""label"": ""Market win probability"", ""value"": ""90.8%"", ""direction"": ""IND"", ""impact"": 0.5312965546151145}, {""feature"": ""elo_diff"", ""label"": ""Elo rating edge"", ""value"": ""+273 Elo"", ""direction"": ""IND"", ""impact"": 0.1519323040721975}]",market_elo_form,5235,7
2025_08_WAS_KC,2025,8,KC,WAS,1.0,True,1,0,0,10.5,-700.0,500.0,0.84,1,10.5,1,1646.9734230021716,1527.3589677335017,119.61445526866989,0.7320722005022178,0.0932365609755827,-0.1035873623989253,0.0082933750219914,-0.0038641829878946,0.0623717262383656,0.3203078598793009,0.0161148371140142,0.135513258882824,-0.0475986947349176,0.3342504092810459,2.9365572315882886,-2.533147420458864,5.469704652047154,0.1850044365572316,0.3862339967042717,0.2489481971748919,-0.107795274394574,0.0691480741635067,-0.0223023780323306,0.0196071033316059,0.0005881494094084,0.0784381873308057,0.0279370140413066,-0.0088397170654046,-0.0029625805569988,0.1016209911678874,0.3905632162804013,4.009861233385229,5.333333333333336,-10.333333333333332,15.666666666666666,0.3333333333333333,1.6666666666666667,0.8244232816756671,-1.2746523203044928,0.2174072648446449,-0.2035046345398105,0.0893060060995091,-0.0467919359223705,0.1863165474173446,0.2458772058891867,-0.0380083272697873,-0.0262570341317969,0.3461649137559623,3.759214691704899,5.800783402705143,0.8069101188407394,0.19308988115926062,1,KC,KC,1,KC was projected ahead because the strongest inputs for this specific matchup were: Closing spread +10.5 favored KC; Market win probability 84.0% favored KC; Elo rating edge +120 Elo favored KC.,"[{""feature"": ""spread_line_clean"", ""label"": ""Closing spread"", ""value"": ""+10.5"", ""direction"": ""KC"", ""impact"": 0.5856318873114086}, {""feature"": ""mkt_home_prob"", ""label"": ""Market win probability"", ""value"": ""84.0%"", ""direction"": ""KC"", ""impact"": 0.42538101032774683}, {""feature"": ""elo_diff"", ""label"": ""Elo rating edge"", ""value"": ""+120 Elo"", ""direction"": ""KC"", ""impact"": 0.06589009375400846}]",market_elo_form,5235,7
2025_09_ARI_DAL,2025,9,DAL,ARI,0.0,True,1,-7,0,3.5,-175.0,145.0,0.6092362344582594,1,3.5,1,1476.2271676477394,1441.5625883235516,34.6645793241878,0.6262472571784673,0.1565307317955613,-0.0367049776594677,0.0193827864260631,-0.0092659816421476,0.1384401973888122,0.277525453526134,-0.2699093991973292,-0.0607335126391387,-0.0101010101010101,0.1617143899344912,2.998840308627546,-1.0077811550151985,4.00662146364274,0.1008089782557867,0.1389665653495441,0.4487458587631341,0.071605565155969,0.0873835256604315,0.0212845078782918,0.0318347823143335,0.0042128870164762,0.1198860013400059,0.0573733699067774,-0.0067201573270945,0.000849238832467,0.157938056472486,1.4178745164210016,-1.2546063879911469,8.0,5.333333333333332,2.6666666666666665,0.3333333333333333,1.0,0.3791042373325552,0.5717483388993125,0.1385310263002769,0.0318060256431525,0.0219167209530442,0.0247802245335065,0.2350107698613287,0.0199094395827818,-0.0587156590856868,0.0096039762706429,0.2592757108561163,-1.0189944742334258,-2.088334437564111,0.6263796173305517,0.3736203826694483,1,DAL,ARI,0,DAL was projected ahead because the strongest inputs for this specific matchup were: Season offensive EPA +0.087 favored DAL; Season QB EPA +0.158 favored ARI; Closing spread +3.5 favored DAL.,"[{""feature"": ""diff_season_epa_per_play"", ""label"": ""Season offensive EPA"", ""value"": ""+0.087"", ""direction"": ""DAL"", ""impact"": 0.480101238931002}, {""feature"": ""diff_season_qb_epa_per_play"", ""label"": ""Season QB EPA"", ""value"": ""+0.158"", ""direction"": ""ARI"", ""impact"": 0.40849828627077595}, {""feature"": ""spread_line_clean"", ""label"": ""Closing spread"", ""value"": ""+3.5"", ""direction"": ""DAL"", ""impact"": 0.1933113121770962}]",market_elo_form,5248,8
2025_09_ATL_NE,2025,9,NE,ATL,1.0,True,1,0,0,5.5,-250.0,205.0,0.6853932584269663,1,5.5,1,1502.616327887682,1426.410977381751,76.20535050593094,0.6803278142260344,0.1450547889247917,-0.0630811842812748,0.0182301363474555,0.0022143359822951,0.1428344842807229,0.3933463219477374,-0.1975240472033865,-0.0198536314266041,0.0435880445368111,0.2380748240834546,3.8348481489691864,-3.6480514298381728,7.482899578807359,0.1791620483263134,0.4279317224562181,0.0424089927026347,-0.2813995844831405,0.0588462848311663,-0.0487936681128653,0.0234325035506851,-0.0166659136708791,0.0567039478107274,0.0750641423264882,-0.0030812548749448,0.0109912609831249,0.1027499690570482,0.1991641367896718,2.810478765936407,14.666666666666666,-7.666666666666668,22.333333333333336,0.6666666666666667,0.0,0.9469236485508868,-0.3644264008237323,0.2447061832727899,-0.2528325074124683,0.0303796304854673,-0.1019309694871841,0.4635633979836032,0.0171627584173564,0.0612759530335431,0.0104790634202398,0.4162123762095913,8.096832735036097,0.1734047891337611,0.6817939079813823,0.3182060920186177,1,NE,NE,1,NE was projected ahead because the strongest inputs for this specific matchup were: Closing spread +5.5 favored NE; Season offensive EPA +0.059 favored NE; Season QB EPA +0.103 favored ATL.,"[{""feature"": ""spread_line_clean"", ""label"": ""Closing spread"", ""value"": ""+5.5"", ""direction"": ""NE"", ""impact"": 0.49167106993179094}, {""feature"": ""diff_season_epa_per_play"", ""label"": ""Season offensive EPA"", ""value"": ""+0.059"", ""direction"": ""NE"", ""impact"": 0.3217640334278503}, {""feature"": ""diff_season_qb_epa_per_play"", ""label"": ""Season QB EPA"", ""value"": ""+0.103"", ""direction"": ""ATL"", ""impact"": 0.26445264689157216}]",market_elo_form,5248,8
2025_09_BAL_MIA,2025,9,MIA,BAL,0.0,True,1,0,0,-7.5,350.0,-455.0,0.2132564841498559,1,-7.5,1,1435.1279186577945,1523.3285018563954,-88.20058319860095,0.4523654237866936,0.0995384629219324,-0.0643441751728305,0.0186022480165538,0.0007144699008188,0.0307927688479435,-0.2929690165595406,-0.0703310178949988,-0.1212438060689612,0.017294111364759,-0.2415413106399904,-3.3444852941176464,3.7897058823529406,-7.134191176470589,-0.1529411764705882,-0.2856617647058823,-0.1549065085748617,0.4222428078855547,-0.0521083204867653,0.0765058349467213,-0.0057218405514362,0.0227033223739708,-0.056935000406161,-0.0680925621529091,0.007570093992255,-0.0019897582906079,-0.1062909273650062,0.0499483429461821,2.6694559191747578,7.999999999999998,-2.3333333333333357,10.333333333333334,0.0,-0.3333333333333332,0.1014092468709044,-0.9258034479548324,0.0461676432787849,-0.1906811220154318,-0.0355442757429557,-0.1313301031184875,-0.0419478526273531,0.2158481785198329,-0.0092673992673992,-0.0022170236355064,0.0878059178535789,-2.050565970031986,3.8514568224553294,0.23524734654465998,0.76475265345534,0,BAL,BAL,1,BAL was projected ahead because the strongest inputs for this specific matchup were: Closing spread -7.5 favored BAL; Season offensive EPA -0.052 favored BAL; Season QB EPA -0.106 favored MIA.,"[{""feature"": ""spread_line_clean"", ""label"": ""Closing spread"", ""value"": ""-7.5"", ""direction"": ""BAL"", ""impact"": 1.447667355473725}, {""feature"": ""diff_season_epa_per_play"", ""label"": ""Season offensive EPA"", ""value"": ""-0.052"", ""direction"": ""BAL"", ""impact"": 0.2938610807468192}, {""feature"": ""diff_season_qb_epa_per_play"", ""label"": ""Season QB EPA"", ""value"": ""-0.106"", ""direction"": ""MIA"", ""impact"": 0.28116201365732135}]",market_elo_form,5248,8
2025_09_CAR_GB,2025,9,GB,CAR,0.0,True,1,0,0,12.5,-1000.0,650.0,0.8720930232558138,1,12.5,1,1637.922073578023,1399.4913250222196,238.43074855580335,0.8441088132137655,0.1991624377759463,-0.0654627764405904,0.0239904075083747,-0.0065719114064032,0.1785039931939866,0.2964253646633725,-0.1089960535186624,0.1364168969432126,-0.0516035353535353,0.2961143243460579,4.989962347489229,-1.2848919300532238,6.274854277542449,0.1772564353209514,0.5987654320987654,0.5057526704320487,0.0560722806699063,0.1169338354766328,-0.0059749057125577,0.034052069942266,0.0024165335242308,0.1875208093333359,-0.0041862323052099,-0.0094234824204217,0.0033166005051517,0.1976857034830584,2.197003316395705,6.225175277768612,12.333333333333336,-2.333333333333332,14.666666666666668,0.3333333333333333,0.3333333333333333,1.4795002753140132,-0.6115934199815793,0.2965987924464245,-0.0946485661418858,0.0766672121695231,0.0554605664803031,0.5137581276542261,-0.0396168121252909,-0.0832631874298541,0.0037644561557604,0.4973051031552142,1.3589157436659762,12.762738430435892,0.8610444076911674,0.1389555923088326,1,GB,CAR,0,GB was projected ahead because the strongest inputs for this specific matchup were: Closing spread +12.5 favored GB; Season offensive EPA +0.117 favored GB; Season QB EPA +0.198 favored CAR.,"[{""feature"": ""spread_line_clean"", ""label"": ""Closing spread"", ""value"": ""+12.5"", ""direction"": ""GB"", ""impact"": 1.5359302220732227}, {""feature"": ""diff_season_epa_per_play"", ""label"": ""Season offensive EPA"", ""value"": ""+0.117"", ""direction"": ""GB"", ""impact"": 0.6440593982373986}, {""feature"": ""diff_season_qb_epa_per_play"", ""label"": ""Season QB EPA"", ""value"": ""+0.198"", ""direction"": ""CAR"", ""impact"": 0.5122430524982646}]",market_elo_form,5248,8
2025_09_CHI_CIN,2025,9,CIN,CHI,0.0,True,1,0,0,-3.0,136.0,-162.0,0.4066302458405761,1,-3.0,1,1467.8580486298297,1444.485726303045,23.372322326784342,0.6109119926870156,0.0829820323094739,-0.0790013287446885,0.0056503635253062,0.0025023701256596,0.0294291598187724,0.2064599063942367,0.2239573548080664,0.0801124606387767,-0.0610020224305938,0.3371195163040689,0.710271171034691,0.1230495379487948,0.5872216330858961,0.0220799878806241,0.1074458415391607,0.1239877429878593,0.1002678871914639,0.0508646050611895,0.0260087926932172,0.0229842057091735,0.0105085946017842,0.0760511731648082,0.0159428419780533,-0.0096127077067861,-0.0052070577961568,0.0945129344652021,0.8522491158741862,3.027314556494773,7.333333333333336,9.666666666666668,-2.333333333333333,-0.3333333333333333,0.3333333333333333,0.0055100455100447,1.864379903474462,0.1627938072887683,0.2645954186300691,0.077898397898398,0.0946293373590431,0.1408803253651215,0.1324825961695184,-0.0196154161755035,-0.0808574646074646,0.2386413551654022,0.0530997266024713,9.98604332857798,0.4069359437616136,0.5930640562383864,0,CHI,CHI,1,CHI was projected ahead because the strongest inputs for this specific matchup were: Closing spread -3.0 favored CHI; Season offensive EPA +0.051 favored CIN; Season QB EPA +0.095 favored CHI.,"[{""feature"": ""spread_line_clean"", ""label"": ""Closing spread"", ""value"": ""-3.0"", ""direction"": ""CHI"", ""impact"": 0.7763579005256618}, {""feature"": ""diff_season_epa_per_play"", ""label"": ""Season offensive EPA"", ""value"": ""+0.051"", ""direction"": ""CIN"", ""impact"": 0.2774781517772623}, {""feature"": ""diff_season_qb_epa_per_play"", ""label"": ""Season QB EPA"", ""value"": ""+0.095"", ""direction"": ""CHI"", ""impact"": 0.24295328045331457}]",market_elo_form,5248,8
2025_09_DEN_HOU,2025,9,HOU,DEN,0.0,True,1,0,0,1.5,-125.0,105.0,0.5324675324675325,1,1.5,1,1553.2194328816993,1616.60268553868,-63.38325265698063,0.4879378704154454,0.0777850472496635,-0.0969446761796402,0.0062045209470862,-0.0027539747346827,0.0114572082981726,0.3527853810942822,-0.2331306086595856,0.1061609400464143,-0.1171795738038932,0.2559657946955773,-0.6736659137596099,0.5145236700965761,-1.1881895838561851,-0.0487158751847411,0.1011126293187585,-0.0468497265725389,0.1942352730335015,-0.0155463432803789,0.0136453847540075,-0.0031450924519996,0.0110470363497964,-0.0076526797963706,-0.0127096772724563,0.0074468810467423,-0.0056551296299355,-0.0200862343758073,-0.0226046218119489,-0.4447015098134472,-0.3333333333333321,-5.0,4.666666666666667,-0.3333333333333333,1.0,-0.2059736905318194,0.9399555054045652,-0.0294727776051298,-0.144964083883391,0.0490911788682728,-0.0037076518373999,0.1463152185845141,-0.3730496236379811,0.0147827481160814,-0.1014703580946775,-0.0597604192146652,1.3956393354126932,7.6162042031134,0.5159634865248021,0.48403651347519794,1,HOU,DEN,0,HOU was projected ahead because the strongest inputs for this specific matchup were: Closing spread +1.5 favored HOU; Season offensive EPA -0.016 favored DEN; Recent win rate -33.3% favored DEN.,"[{""feature"": ""spread_line_clean"", ""label"": ""Closing spread"", ""value"": ""+1.5"", ""direction"": ""HOU"", ""impact"": 0.10504844557759854}, {""feature"": ""diff_season_epa_per_play"", ""label"": ""Season offensive EPA"", ""value"": ""-0.016"", ""direction"": ""DEN"", ""impact"": 0.0909990965359155}, {""feature"": ""diff_last3_win_pct"", ""label"": ""Recent win rate"", ""value"": ""-33.3%"", ""direction"": ""DEN"", ""impact"": 0.0805152779218895}]",market_elo_form,5248,8
2025_09_IND_PIT,2025,9,PIT,IND,1.0,True,1,0,0,-3.5,154.0,-185.0,0.3775334481388264,1,-3.5,1,1507.2324574590652,1567.2859572083255,-60.053499749260254,0.4927279420772476,0.1137934848930981,-0.1120308475538402,-0.012453465504388,0.0022669168458075,0.0622513993238912,0.1271441407099824,-0.0321924237238697,-0.0242011232420619,-0.0373238715321031,0.162248410681232,-1.012253105728842,-2.7850478148181246,1.772794709089284,0.0376351774063812,-0.0163821610510322,-0.0284054745960284,-0.3501395832656966,-0.0116870371671644,-0.0428252914954122,-0.0143627123311383,-0.0372952257521889,0.0071029211415955,-0.0273732569060397,0.0140040732507827,0.0127912241517779,-0.0193442596171553,1.1705349147374084,-0.4258873544976707,-9.333333333333332,4.0,-13.333333333333334,-0.6666666666666667,-2.0,-1.410866413311572,0.307532024505706,-0.2198927246285522,0.115126604132178,-0.0750549779504006,0.0093615984405457,-0.1259536225042433,-0.342677863209951,-0.0229316979316979,-0.0142356707345427,-0.2912079627301102,0.211091183883989,-9.102686367240596,0.36471638685197594,0.6352836131480241,0,IND,PIT,0,IND was projected ahead because the strongest inputs for this specific matchup were: Closing spread -3.5 favored IND; Recent win rate -66.7% favored IND; Season offensive EPA -0.012 favored IND.,"[{""feature"": ""spread_line_clean"", ""label"": ""Closing spread"", ""value"": ""-3.5"", ""direction"": ""IND"", ""impact"": 0.8509478399643354}, {""feature"": ""diff_last3_win_pct"", ""label"": ""Recent win rate"", ""value"": ""-66.7%"", ""direction"": ""IND"", ""impact"": 0.16477974666933715}, {""feature"": ""diff_season_epa_per_play"", ""label"": ""Season offensive EPA"", ""value"": ""-0.012"", ""direction"": ""IND"", ""impact"": 0.06958596312180651}]",market_elo_form,5248,8
2025_09_JAX_LV,2025,9,LV,JAX,0.0,True,1,0,0,-2.5,110.0,-130.0,0.4572564612326044,1,-2.5,1,1380.050616986586,1444.046025057646,-63.995408071059956,0.4870574589940099,0.0129634112344287,-0.2065882000497454,-0.0044330241057045,0.0038012462628557,-0.0775763327442337,-0.3278636426485159,-0.6087269273111868,-0.1542286867603293,0.0643594056630221,-0.7164429380215966,1.6180124223602483,1.2981366459627317,0.3198757763975153,0.0527950310559006,-0.2934782608695652,0.2153199643663521,-0.043979533017433,0.0023350106728165,0.0153624032035742,0.0160906427566469,0.0116217044420059,0.0402060485929786,-0.0773283021995965,-0.006656080371495,-0.0032992418452223,0.0015111101515672,0.787152950961777,-0.2401801280377782,-8.000000000000002,-0.6666666666666679,-7.333333333333332,0.0,-0.6666666666666667,-0.9013588456662474,-1.3162252518294748,-0.2651998909511937,-0.0679537344602188,-0.0655776650084051,-0.0343775662447183,-0.1719397534964537,-0.3977159978928088,-0.0403201092161297,0.0433507083667468,-0.5070599625106815,1.2951263224662837,-7.089121468660695,0.4231442089370691,0.5768557910629308,0,JAX,JAX,1,JAX was projected ahead because the strongest inputs for this specific matchup were: Closing spread -2.5 favored JAX; Recent offensive EPA -0.265 favored JAX; Recent offensive success rate -6.6% favored JAX.,"[{""feature"": ""spread_line_clean"", ""label"": ""Closing spread"", ""value"": ""-2.5"", ""direction"": ""JAX"", ""impact"": 0.7017679610869881}, {""feature"": ""diff_last3_epa_per_play"", ""label"": ""Recent offensive EPA"", ""value"": ""-0.265"", ""direction"": ""JAX"", ""impact"": 0.045536839320411554}, {""feature"": ""diff_last3_success_rate"", ""label"": ""Recent offensive success rate"", ""value"": ""-6.6%"", ""direction"": ""JAX"", ""impact"": 0.038181723525920586}]",market_elo_form,5248,8
2025_09_KC_BUF,2025,9,BUF,KC,1.0,True,1,1,0,-2.5,114.0,-135.0,0.448558885283451,1,-2.5,1,1627.481417821864,1662.318967975664,-34.837550153800066,0.5289835687531044,0.057708054785539,-0.0657111114479356,-0.0024476350250729,0.0015829401534055,0.0229801131100515,0.3962475965804567,0.1903327787654378,0.1195947652088001,0.0279623876018563,0.4961300347065011,-0.8272121384004549,0.3192002268859895,-1.1464123652864435,-0.0716817923993193,-0.1092597844583097,-0.1586974360823276,-0.1936523881882035,-0.0393997054443562,-0.0177907896174463,-0.0104423758973447,-0.0039353765533218,-0.0590241635868166,0.0145581402988819,0.0024300113479989,0.0028771993194987,-0.0632234312616577,-0.2818937097325693,-3.939867146492419,-5.0,10.666666666666668,-15.666666666666668,-0.6666666666666667,-1.3333333333333333,-0.3993813247296245,0.8682347183157297,-0.190152504432299,0.1823174514645437,-0.0525169919519762,0.0868896445236184,-0.2943538718521208,-0.0428924489561793,0.0147802386811674,0.082534348864994,-0.198073329767355,-5.2156473681514415,-11.376291474084926,0.3995474735266661,0.6004525264733339,0,KC,BUF,0,KC was projected ahead because the strongest inputs for this specific matchup were: Closing spread -2.5 favored KC; Season offensive EPA -0.039 favored KC; Season QB EPA -0.063 favored BUF.,"[{""feature"": ""spread_line_clean"", ""label"": ""Closing spread"", ""value"": ""-2.5"", ""direction"": ""KC"", ""impact"": 0.7017679610869881}, {""feature"": ""diff_season_epa_per_play"", ""label"": ""Season offensive EPA"", ""value"": ""-0.039"", ""direction"": ""KC"", ""impact"": 0.22334807622513472}, {""feature"": ""diff_season_qb_epa_per_play"", ""label"": ""Season QB EPA"", ""value"": ""-0.063"", ""direction"": ""BUF"", ""impact"": 0.16875215669002147}]",market_elo_form,5248,8
2025_09_LAC_TEN,2025,9,TEN,LAC,0.0,True,1,-3,0,-10.0,470.0,-650.0,0.1683501683501683,1,-10.0,1,1279.6012620423592,1529.5614348809393,-249.9601728385801,0.2455884323318888,0.0379762084311881,-0.1161568862719349,-0.0205729080205136,0.0046749238187092,-0.018689792223784,-0.2589812971374046,-0.1809507628321799,-0.0198991663571043,0.0469186283139771,-0.3186005919134431,-2.692606837606835,0.6883760683760691,-3.380982905982906,-0.0492735042735042,-0.2490811965811966,-0.3354721998123002,-0.1168049910999853,-0.0696246325077079,0.0136141415837815,-0.0273781690842529,-0.0058138402338965,-0.10471749035568,-0.0038542471560661,0.0146647897947453,-0.0053371206569401,-0.1188280286658217,-0.7277044015102001,-5.9866321213358535,-17.666666666666664,4.666666666666668,-22.333333333333332,-0.6666666666666666,-1.6666666666666667,-1.2556877750320954,0.4845574885852706,-0.3271129113979144,0.1073496828164164,-0.0647356661744226,0.0106941517184616,-0.4753834124874636,-0.097991523434894,0.0764444080808369,0.0182010582010582,-0.5784328647498987,-2.1458558546858324,-3.3536336073464312,0.18332964247802597,0.816670357521974,0,LAC,LAC,1,LAC was projected ahead because the strongest inputs for this specific matchup were: Closing spread -10.0 favored LAC; Season offensive EPA -0.070 favored LAC; Season QB EPA -0.119 favored TEN.,"[{""feature"": ""spread_line_clean"", ""label"": ""Closing spread"", ""value"": ""-10.0"", ""direction"": ""LAC"", ""impact"": 1.8206170526670933}, {""feature"": ""diff_season_epa_per_play"", ""label"": ""Season offensive EPA"", ""value"": ""-0.070"", ""direction"": ""LAC"", ""impact"": 0.3910493097249018}, {""feature"": ""diff_season_qb_epa_per_play"", ""label"": ""Season QB EPA"", ""value"": ""-0.119"", ""direction"": ""TEN"", ""impact"": 0.31388492284682606}]",market_elo_form,5248,8
2025_09_MIN_DET,2025,9,DET,MIN,0.0,True,1,3,1,9.5,-550.0,410.0,0.8118668596237336,1,9.5,1,1658.9289573907356,1506.9088245418757,152.02013284885993,0.7670456274935139,0.1057380333402537,-0.0946913493783725,0.0046992206507041,-0.0043829964013661,0.042580196943478,0.0461919664005339,-0.1518270264723019,0.0446220343402083,0.020470421419188,-0.0048432575632137,0.2440079259231033,3.1967572304995606,-2.952749304576458,-0.1083527035780969,-0.1652059596844872,0.0679688684710289,0.4064371850071344,0.0079441066937629,0.0770566792053358,0.0082244667286224,0.0205809095093785,0.0107929257494003,-0.0274274587769533,-0.0074664321314478,-0.006999110823181,0.0042942366193272,-0.8708675297977644,2.893054866009797,8.333333333333332,-6.333333333333332,14.666666666666666,0.3333333333333333,1.6666666666666663,0.8738939485365202,-0.9259452339982586,0.1746778010841608,-0.1511837370906312,0.0315724539321034,0.0224203744336302,0.1410696434151671,0.4624064771216511,0.0124081282436767,-0.0117439721154891,0.2818779452674557,5.3598777619299485,-7.806157378907174,0.7783509940275861,0.22164900597241388,1,DET,MIN,0,DET was projected ahead because the strongest inputs for this specific matchup were: Closing spread +9.5 favored DET; Recent win rate +33.3% favored DET; Market win probability 81.2% favored DET.,"[{""feature"": ""spread_line_clean"", ""label"": ""Closing spread"", ""value"": ""+9.5"", ""direction"": ""DET"", ""impact"": 1.0883905854411804}, {""feature"": ""diff_last3_win_pct"", ""label"": ""Recent win rate"", ""value"": ""+33.3%"", ""direction"": ""DET"", ""impact"": 0.08801365957300575}, {""feature"": ""mkt_home_prob"", ""label"": ""Market win probability"", ""value"": ""81.2%"", ""direction"": ""DET"", ""impact"": 0.08040645008799437}]",market_elo_form,5248,8
2025_09_NO_LA,2025,9,LA,NO,1.0,True,1,7,0,14.0,-1200.0,750.0,0.8869565217391304,1,14.0,1,1614.6589536141937,1334.1701007513702,280.48885286282325,0.8733853978938224,0.0950841330000678,-0.0825900950661361,0.0211461013494695,-0.0046445838879352,0.0559363872424707,0.3078628594925042,-0.271106466207311,0.1106357224988381,-0.030054699892739,0.2113362475876259,-2.4671278421278444,-0.9688438438438424,-1.4982839982839984,0.0068103818103817,0.0933612183612183,-0.2767120635713205,-0.2651953093497479,-0.0444765164644639,-0.029805375564984,-0.0151608270629448,-0.0030923115873925,-0.0628939168402905,-0.020301408635418,0.0133155853435422,0.0102707156603137,-0.0871148204102651,-2.3184862715918535,-1.3267259193373773,13.0,-12.666666666666668,25.666666666666664,0.6666666666666666,2.0,0.6428333653702367,-0.3858192811336458,0.3605464835590921,-0.0985780810427009,0.0999845489917539,0.0311656771835152,0.5555449474742535,-0.1028863794064992,-0.0559553317073493,0.0217910235696636,0.4653861764831932,0.3525547567815087,6.942929800301743,0.8893413204944843,0.11065867950551567,1,LA,LA,1,LA was projected ahead because the strongest inputs for this specific matchup were: Closing spread +14.0 favored LA; Season offensive EPA -0.044 favored NO; Season QB EPA -0.087 favored LA.,"[{""feature"": ""spread_line_clean"", ""label"": ""Closing spread"", ""value"": ""+14.0"", ""direction"": ""LA"", ""impact"": 1.759700040389244}, {""feature"": ""diff_season_epa_per_play"", ""label"": ""Season offensive EPA"", ""value"": ""-0.044"", ""direction"": ""NO"", ""impact"": 0.2515164641432513}, {""feature"": ""diff_season_qb_epa_per_play"", ""label"": ""Season QB EPA"", ""value"": ""-0.087"", ""direction"": ""LA"", ""impact"": 0.23111073055510972}]",market_elo_form,5248,8
2025_09_SEA_WAS,2025,9,WAS,SEA,0.0,True,1,-7,0,-2.5,124.0,-148.0,0.4279403644395361,1,-2.5,1,1512.0134227600092,1588.8802837825278,-76.8668610225186,0.4685725429851597,0.0601879226024571,-0.0852654684991347,-0.0010655171646588,0.005443686960322,0.0061455426261761,-0.0489602017857071,-0.1612261326402909,0.0174567303675282,0.0075568875568875,-0.1919177688890051,-2.756819389231868,3.015067690109366,-5.771887079341235,-0.1624745818601498,-0.3618627145657391,-0.1426243866867889,0.3124688793459489,-0.0354189715377037,0.0468746229556961,-0.0051666474325501,0.0105453775432092,-0.0627329419982663,-0.0007941877962343,-0.0063346838298331,0.0005388422850864,-0.0571855514661526,-1.4636174480502124,-0.709054184548288,-9.666666666666664,9.333333333333336,-19.0,-0.6666666666666666,0.0,-1.2804875342349789,1.5912155382743594,-0.1684395573764187,0.1842244393935244,-0.0115600700819293,0.0642074700898228,-0.2601473721599435,0.0440416532963172,0.0504105090311986,-0.0088827185886009,-0.3015345439412568,-3.710444624121634,3.0769156422904693,0.3841207540990734,0.6158792459009266,0,SEA,SEA,1,SEA was projected ahead because the strongest inputs for this specific matchup were: Closing spread -2.5 favored SEA; Season offensive EPA -0.035 favored SEA; Recent win rate -66.7% favored SEA.,"[{""feature"": ""spread_line_clean"", ""label"": ""Closing spread"", ""value"": ""-2.5"", ""direction"": ""SEA"", ""impact"": 0.7017679610869881}, {""feature"": ""diff_season_epa_per_play"", ""label"": ""Season offensive EPA"", ""value"": ""-0.035"", ""direction"": ""SEA"", ""impact"": 0.20126120782738044}, {""feature"": ""diff_last3_win_pct"", ""label"": ""Recent win rate"", ""value"": ""-66.7%"", ""direction"": ""SEA"", ""impact"": 0.16477974666933712}]",market_elo_form,5248,8
2025_09_SF_NYG,2025,9,NYG,SF,0.0,True,1,0,0,-2.5,124.0,-148.0,0.4279403644395361,1,-2.5,1,1396.815555484671,1498.0882032493737,-101.2726477647027,0.4337992636126912,0.0505126233543303,-0.0768521277427957,0.0010583933023241,-0.0021373102812286,0.0013724676923508,0.1914208306308344,-0.0626988512335544,-0.0611262041967159,0.0798468311541316,0.22686136548675,-0.9186930091185416,1.8736068895643392,-2.7922998986828773,-0.065096251266464,-0.1197441742654508,-0.2460935623438818,0.3053547560549772,-0.0207714351110787,0.029130212514028,-0.0014585776102782,0.005312814110908,-0.0553784300380103,-0.0043682711408129,-0.0124779973723359,-0.0026855391504035,-0.0526245558748409,-0.0009907221854121,1.7089477157848243,10.666666666666668,7.333333333333332,3.3333333333333335,0.0,1.0,0.0351203651268869,0.3374285108075874,0.1880791592208504,0.0391197149570123,-0.0320944817640699,0.0055141408235664,0.3161883374339051,0.0809607005292334,0.0365772089483392,0.0588378353290633,0.3644088806566176,-2.6554282087895285,-0.2817535992207656,0.4063479102668425,0.5936520897331574,0,SF,SF,1,SF was projected ahead because the strongest inputs for this specific matchup were: Closing spread -2.5 favored SF; Season QB EPA -0.053 favored NYG; Season offensive EPA -0.021 favored SF.,"[{""feature"": ""spread_line_clean"", ""label"": ""Closing spread"", ""value"": ""-2.5"", ""direction"": ""SF"", ""impact"": 0.7017679610869881}, {""feature"": ""diff_season_qb_epa_per_play"", ""label"": ""Season QB EPA"", ""value"": ""-0.053"", ""direction"": ""NYG"", ""impact"": 0.1410881832984112}, {""feature"": ""diff_season_epa_per_play"", ""label"": ""Season offensive EPA"", ""value"": ""-0.021"", ""direction"": ""SF"", ""impact"": 0.11999021182698887}]",market_elo_form,5248,8
2025_10_ARI_SEA,2025,10,SEA,ARI,1.0,True,1,1,1,7.0,-340.0,270.0,0.740871613663133,1,7.0,1,1618.7489414055074,1472.8721679319217,145.87677347358567,0.7606669759650584,0.1254938289093992,-0.0840341341382759,-0.0033308094432562,0.0088716851184534,0.0661495485257979,0.2647674323125209,-0.2190624978976225,-0.0383655824495138,-0.0251211411886393,0.1763395026801708,1.3025499031796883,-2.649130426914237,3.951680330093924,0.1091988345368007,0.3503628499556617,0.1995829166042408,-0.0964618982220555,0.052045059033541,8.039574490258453e-05,0.0089241357768422,-0.0077363426309439,0.0878433946009838,0.0093155872598357,0.0113215033576576,-0.0025348152142507,0.0844873606283159,2.112672393068037,-1.166082633082121,2.6666666666666643,-10.0,12.666666666666668,0.6666666666666667,-1.0,1.3582668655786954,-1.559513405048659,0.0189963897961413,-0.202764372195867,-0.0090457842562968,-0.0841123478797178,0.1524363332833772,-0.0781557181239973,-0.0721658311565485,0.0472807098339013,0.1108686506281057,1.5054253305645662,-7.404958708002494,0.722606111399695,0.277393888600305,1,SEA,SEA,1,SEA was projected ahead because the strongest inputs for this specific matchup were: Closing spread +7.0 favored SEA; Season offensive EPA +0.052 favored SEA; Season QB EPA +0.084 favored ARI.,"[{""feature"": ""spread_line_clean"", ""label"": ""Closing spread"", ""value"": ""+7.0"", ""direction"": ""SEA"", ""impact"": 0.7152681070118263}, {""feature"": ""diff_season_epa_per_play"", ""label"": ""Season offensive EPA"", ""value"": ""+0.052"", ""direction"": ""SEA"", ""impact"": 0.28207805135892366}, {""feature"": ""diff_season_qb_epa_per_play"", ""label"": ""Season QB EPA"", ""value"": ""+0.084"", ""direction"": ""ARI"", ""impact"": 0.21602793307925444}]",market_elo_form,5262,9
2025_10_ATL_IND,2025,10,IND,ATL,1.0,True,1,0,0,6.5,-310.0,250.0,0.725752508361204,1,6.5,1,1546.1405334075496,1422.2287999232612,123.91173348428832,0.7368962613250919,0.0847893950261589,-0.1039209750864869,0.0035090206468825,-0.0040264065380165,0.060156318745449,0.0875540271341948,0.3684389120091857,0.0165925564676559,-0.0056758056758056,0.2897841782311556,0.9725204498977504,-0.417378761320478,1.3898992112182296,0.077654834940111,-0.0127264095822378,-0.0676554120563937,-0.179241605221013,0.0122147028690296,-0.0210802942804128,0.0088475834170221,0.0012602325428455,-0.003612077246141,0.0342230942846986,-0.0089223176687006,0.0076341928122235,0.0200815219353158,-0.7801631490548764,1.9964749376670547,17.666666666666664,-4.333333333333332,22.0,0.6666666666666666,-0.6666666666666666,2.1022129742804125,-0.2977264584658954,0.3600725957987355,-0.082206107707947,0.0898486838534294,-0.0482741892953159,0.1959454889120745,0.7194076444901816,0.0335107022607022,-2.902379951559564e-05,0.5655206947439785,1.5579378512083142,8.268850019537375,0.721349905252402,0.27865009474759805,1,IND,IND,1,IND was projected ahead because the strongest inputs for this specific matchup were: Closing spread +6.5 favored IND; Recent win rate +66.7% favored IND; Recent point differential +22.0 pts/game favored IND.,"[{""feature"": ""spread_line_clean"", ""label"": ""Closing spread"", ""value"": ""+6.5"", ""direction"": ""IND"", ""impact"": 0.6407503914203115}, {""feature"": ""diff_last3_win_pct"", ""label"": ""Recent win rate"", ""value"": ""+66.7%"", ""direction"": ""IND"", ""impact"": 0.17307549943544992}, {""feature"": ""diff_last3_point_diff_pg"", ""label"": ""Recent point differential"", ""value"": ""+22.0 pts/game"", ""direction"": ""IND"", ""impact"": 0.09536171856956487}]",market_elo_form,5262,9
2025_10_BAL_MIN,2025,10,MIN,BAL,0.0,True,1,-3,0,-4.5,190.0,-230.0,0.3309929789368104,1,-4.5,1,1530.3849499198911,1551.274546622545,-20.889596702653535,0.5489317022021725,0.1178522343169888,-0.0429999560093014,0.0173833562816215,0.0034581069318591,0.0616192525043709,-0.0452554696764403,-0.2285227273493876,-0.019356301180844,0.0675608878587443,-0.1453827498098971,-1.1446545956756076,2.8484669123911495,-3.9931215080667584,-0.0750535840799232,-0.2337431730743361,-0.0104774264704321,0.2847387383532407,-0.0384182338937522,0.0234553484062774,-0.0072077719544524,0.0206579704982953,-0.040175800529358,-0.0473326301686135,0.010216045831077,0.0002549180892301,-0.0769895248910189,0.1894592670696694,0.4412852445099449,-0.6666666666666643,16.666666666666668,-17.333333333333332,-0.3333333333333333,-0.6666666666666667,-0.7348134951573435,0.6398232560385715,-0.1889915253147952,0.1952470045745361,-0.0499102956761382,-0.0216410411637936,-0.2371114810172177,-0.2312862312705546,0.0290064319003074,0.0507603183603777,-0.3850735596384323,-6.09004274553119,8.64576591132088,0.3533911688161861,0.6466088311838138,0,BAL,BAL,1,BAL was projected ahead because the strongest inputs for this specific matchup were: Closing spread -4.5 favored BAL; Season offensive EPA -0.038 favored BAL; Season QB EPA -0.077 favored MIN.,"[{""feature"": ""spread_line_clean"", ""label"": ""Closing spread"", ""value"": ""-4.5"", ""direction"": ""BAL"", ""impact"": 0.9986393515930143}, {""feature"": ""diff_season_epa_per_play"", ""label"": ""Season offensive EPA"", ""value"": ""-0.038"", ""direction"": ""BAL"", ""impact"": 0.21644973699020137}, {""feature"": ""diff_season_qb_epa_per_play"", ""label"": ""Season QB EPA"", ""value"": ""-0.077"", ""direction"": ""MIN"", ""impact"": 0.20398082807729512}]",market_elo_form,5262,9
2025_10_BUF_MIA,2025,10,MIA,BUF,1.0,True,1,3,1,-8.5,350.0,-455.0,0.2132564841498559,1,-8.5,1,1407.1818738916452,1646.8925423982312,-239.710668506586,0.256683126380287,0.0523839358407441,-0.1119568505686177,-0.0052443496163632,0.0041101561739426,-0.0164480846850834,-0.1103791922874263,-0.1254961072510435,-0.0672253708005836,-0.0527904965404964,-0.1481012945683563,-2.1453379920271978,1.3547803690973304,-3.5001183611245255,-0.0741982217424651,-0.2064123322822865,-0.1410267589381373,0.1762401559154414,-0.0361700846184702,0.0304501834797865,-0.0071445280614852,-0.0007965975610422,-0.0238974828818585,-0.0644476273484969,0.0053303387982637,0.0014967667820374,-0.0584955354447645,0.1199257396724225,1.244443804624767,-11.999999999999998,5.0,-17.0,-0.3333333333333333,-2.0,-1.4330928440639328,-0.3791727341927871,-0.3268042216940366,0.0277642365126386,-0.1342898597161013,-0.0393332211760111,-0.3778599609911028,-0.2952541830247567,-0.0344008714596949,-0.0535117794175764,-0.5916412253323433,-2.0257130905535345,0.2020440977053734,0.21531054799231483,0.7846894520076851,0,BUF,MIA,0,BUF was projected ahead because the strongest inputs for this specific matchup were: Closing spread -8.5 favored BUF; Season offensive EPA -0.036 favored BUF; Season QB EPA -0.058 favored MIA.,"[{""feature"": ""spread_line_clean"", ""label"": ""Closing spread"", ""value"": ""-8.5"", ""direction"": ""BUF"", ""impact"": 1.5947810763251327}, {""feature"": ""diff_season_epa_per_play"", ""label"": ""Season offensive EPA"", ""value"": ""-0.036"", ""direction"": ""BUF"", ""impact"": 0.20406056951886245}, {""feature"": ""diff_season_qb_epa_per_play"", ""label"": ""Season QB EPA"", ""value"": ""-0.058"", ""direction"": ""MIA"", ""impact"": 0.1558771160742943}]",market_elo_form,5262,9
2025_10_CLE_NYJ,2025,10,NYJ,CLE,1.0,True,1,0,0,-1.5,110.0,-130.0,0.4572564612326044,1,-1.5,1,1356.1534021924328,1385.248928749052,-29.09552655661923,0.5372106076023201,-0.0506947585682978,-0.1298743363732467,-0.029415769040514,0.0117745212726251,-0.1135427752709147,-0.1406622609406464,0.1243602030553901,-0.0020717915529362,0.0530422548678127,-0.1234917967892799,0.7066296573075697,-0.7821850403253201,1.488814697632889,0.0639187864553509,-0.0182361675902831,-0.0631178807081225,-0.2201855111768038,0.0020015488379222,-0.0261964579904035,0.004050165558777,-0.0160100345013315,0.0147504508376437,-0.0075226583766307,0.0040430429492575,0.0020907374708195,0.0091572167354155,0.2433509791375394,-1.9565613079707316,1.0,1.0,0.0,0.0,-1.3333333333333333,0.5098289749517084,-0.2214286329783501,0.0346790363449591,0.0797632353211593,0.0527733290152928,0.0467875772855362,-0.0956400939863678,0.0729704636142873,0.0768875469025394,-0.0579817785700138,0.0212578610715771,0.7196956346287786,-6.250496397811842,0.4616393810474206,0.5383606189525794,0,CLE,NYJ,0,CLE was projected ahead because the strongest inputs for this specific matchup were: Closing spread -1.5 favored CLE; Market win probability 45.7% favored CLE; Division matchup No favored NYJ.,"[{""feature"": ""spread_line_clean"", ""label"": ""Closing spread"", ""value"": ""-1.5"", ""direction"": ""CLE"", ""impact"": 0.5515330580439254}, {""feature"": ""mkt_home_prob"", ""label"": ""Market win probability"", ""value"": ""45.7%"", ""direction"": ""CLE"", ""impact"": 0.03527475139131432}, {""feature"": ""div_game"", ""label"": ""Division matchup"", ""value"": ""No"", ""direction"": ""NYJ"", ""impact"": 0.034863351934858414}]",market_elo_form,5262,9
2025_10_DET_WAS,2025,10,WAS,DET,0.0,True,1,0,0,-8.5,350.0,-455.0,0.2132564841498559,1,-8.5,1,1482.1447651370297,1635.45283201272,-153.30806687569043,0.362181862552317,0.0009448043316845,-0.1437061625633106,-0.0253510193015839,0.0083249411526991,-0.0530565794854558,-0.1916145586524131,0.0494549127138097,-0.001450067643747,-0.013845464100133,-0.2313275261920502,-2.5467262928563237,-1.241638955777244,-1.305087337079081,-0.0136356686924282,0.0268891182203875,-0.1740567998131688,-0.1276540650759985,-0.0181897752050958,-0.0107292667052135,-0.0092756781714224,-0.0134448072314597,-0.0279452511587594,0.0283149509910298,0.005847708520218,0.003082501200888,-0.0185597063682363,0.4468574690460895,-1.9848382967892568,-7.333333333333334,14.666666666666664,-22.0,-0.3333333333333333,-0.3333333333333333,-0.4465017999040102,2.172186907924975,-0.129291666304393,0.2994050028448158,0.0283012268134295,0.0655992299721491,-0.2493940886643605,0.1441010206149003,0.0008252763470979,-0.0692206444753133,-0.2127533873845603,-2.8101288240252247,1.8775376794018444,0.2545613782474108,0.7454386217525892,0,DET,DET,1,DET was projected ahead because the strongest inputs for this specific matchup were: Closing spread -8.5 favored DET; Market win probability 21.3% favored DET; Season offensive EPA -0.018 favored DET.,"[{""feature"": ""spread_line_clean"", ""label"": ""Closing spread"", ""value"": ""-8.5"", ""direction"": ""DET"", ""impact"": 1.5947810763251327}, {""feature"": ""mkt_home_prob"", ""label"": ""Market win probability"", ""value"": ""21.3%"", ""direction"": ""DET"", ""impact"": 0.11450413789199176}, {""feature"": ""diff_season_epa_per_play"", ""label"": ""Season offensive EPA"", ""value"": ""-0.018"", ""direction"": ""DET"", ""impact"": 0.10497414898709218}]",market_elo_form,5262,9
2025_10_JAX_HOU,2025,10,HOU,JAX,1.0,True,1,0,1,-1.5,-105.0,-115.0,0.4891657638136511,1,-1.5,1,1539.7422781483087,1450.770579641377,88.97169850693172,0.6960943070322361,0.0285055811405463,-0.1466118935128145,-0.0137452543708475,0.0081104610570388,-0.0383842204260774,-0.0615308129228934,-0.572012594002256,-0.0946607504198807,0.0199048444829809,-0.2725464808450639,1.8409606904962956,-0.9226756731400698,2.7636363636363637,0.1014072614691809,0.1445538981142696,0.2185607740739259,-0.1086919504771266,0.0227621846835173,-0.0355107508262684,0.006819113317534,-0.0088038971437202,0.0564242290182846,-0.0184992409734807,-0.002255236838565,0.0050359569857755,0.0401929906810123,1.0582914448463896,-0.4426049160155663,3.666666666666668,-8.0,11.666666666666666,0.0,0.6666666666666666,0.0544508239585574,-0.7743659649483785,-0.0632479696656152,-0.2672322786194668,-0.0407459800708746,-0.1142505834571612,0.2116529333612492,-0.5589132545571562,-0.0498236564977885,0.018753202373892,-0.0931852750846261,-0.5649644630522266,2.275497912919027,0.3911611622470495,0.6088388377529506,0,JAX,HOU,0,JAX was projected ahead because the strongest inputs for this specific matchup were: Closing spread -1.5 favored JAX; Season offensive EPA +0.023 favored HOU; Season QB EPA +0.040 favored JAX.,"[{""feature"": ""spread_line_clean"", ""label"": ""Closing spread"", ""value"": ""-1.5"", ""direction"": ""JAX"", ""impact"": 0.5515330580439254}, {""feature"": ""diff_season_epa_per_play"", ""label"": ""Season offensive EPA"", ""value"": ""+0.023"", ""direction"": ""HOU"", ""impact"": 0.12070512192161537}, {""feature"": ""diff_season_qb_epa_per_play"", ""label"": ""Season QB EPA"", ""value"": ""+0.040"", ""direction"": ""JAX"", ""impact"": 0.10081625192784105}]",market_elo_form,5262,9
2025_10_LA_SF,2025,10,SF,LA,0.0,True,1,0,1,-5.5,210.0,-258.0,0.3092071169459319,1,-5.5,1,1518.463748044525,1621.7315518544608,-103.26780380993593,0.4309805110154842,0.1198248021692765,-0.0586881429531634,0.0059015110200246,0.0014436271468636,0.06882322172295,0.424375068356298,0.2949116371125184,0.0935828026807509,-0.0347247363036836,0.4949061398114182,-1.6263761347075665,-0.1667515319649517,-1.4596246027426123,-0.0665285410777307,-0.1316172984741804,-0.0356190252711838,-0.1104464061021879,-0.0192973208207555,0.0134013804371589,-0.0197310527644971,0.0033691830249899,-0.0086144645294709,-0.0093896771911858,0.0161592886539291,-0.0089261573717077,-0.0225388905012017,0.1839737403628768,-2.176319149229642,-5.666666666666668,13.333333333333332,-19.0,-0.3333333333333333,-1.0,0.4156882845269116,0.5542515912932018,-0.0829240015859486,0.3314325329439611,-0.0460783652978659,0.0900685150796639,-0.1445823524917943,0.0439617807030951,0.0111359548479223,-0.0554900070689543,-0.1541765933941326,-1.4015885612751384,-11.342928673060632,0.3098361960048043,0.6901638039951957,0,LA,LA,1,LA was projected ahead because the strongest inputs for this specific matchup were: Closing spread -5.5 favored LA; Season offensive EPA -0.019 favored LA; Recent defensive EPA allowed +0.331 favored LA.,"[{""feature"": ""spread_line_clean"", ""label"": ""Closing spread"", ""value"": ""-5.5"", ""direction"": ""LA"", ""impact"": 1.1476747827760438}, {""feature"": ""diff_season_epa_per_play"", ""label"": ""Season offensive EPA"", ""value"": ""-0.019"", ""direction"": ""LA"", ""impact"": 0.11107764409990403}, {""feature"": ""diff_last3_epa_per_play_allowed"", ""label"": ""Recent defensive EPA allowed"", ""value"": ""+0.331"", ""direction"": ""LA"", ""impact"": 0.09462012669221191}]",market_elo_form,5262,9
2025_10_LV_DEN,2025,10,DEN,LV,1.0,True,1,0,1,9.5,-500.0,380.0,0.7999999999999999,1,9.5,1,1630.0798402720704,1373.3260624028549,256.7537778692156,0.8574902027966952,0.0204713849552311,-0.1491090069704203,-0.0222785553869602,0.004051859785673,-0.0335623257947949,0.1392433419712272,0.0830293665013598,-0.0281558876136635,-0.0429378787191924,0.2418683770607149,0.8532651455546798,-2.77986493574613,3.6331300813008127,0.1066417519013899,0.3228429058484133,0.0518006980215748,-0.2543276747265368,0.0347241509530073,-0.0651896519745568,-0.0067585017018061,-0.0317138721520864,0.0208344127861783,0.0733823577306312,-0.0031780720629725,0.0144048665646509,0.0573047765051988,0.2860724389176516,0.0813517913068002,15.333333333333336,0.0,15.333333333333332,0.6666666666666667,0.6666666666666666,1.6085895484007202,-0.2702530095649313,0.3324478889118343,-0.0122075803657924,0.0730823653719012,-0.0769026284348863,0.18077223060768,0.5481845233090594,-0.0378058361391694,0.0157126384326311,0.6541865455860618,-2.563179278090875,-4.103622933144886,0.7922381285486284,0.2077618714513716,1,DEN,DEN,1,DEN was projected ahead because the strongest inputs for this specific matchup were: Closing spread +9.5 favored DEN; Season offensive EPA +0.035 favored DEN; Recent win rate +66.7% favored DEN.,"[{""feature"": ""spread_line_clean"", ""label"": ""Closing spread"", ""value"": ""+9.5"", ""direction"": ""DEN"", ""impact"": 1.0878566849694002}, {""feature"": ""diff_season_epa_per_play"", ""label"": ""Season offensive EPA"", ""value"": ""+0.035"", ""direction"": ""DEN"", ""impact"": 0.18662547918109013}, {""feature"": ""diff_last3_win_pct"", ""label"": ""Recent win rate"", ""value"": ""+66.7%"", ""direction"": ""DEN"", ""impact"": 0.17307549943544995}]",market_elo_form,5262,9
2025_10_NE_TB,2025,10,TB,NE,0.0,True,1,7,0,2.5,-148.0,124.0,0.5720596355604638,1,2.5,1,1580.0185356557845,1506.798505346172,73.22003030961264,0.6765788879228354,0.1109532042236821,-0.1139299108063323,-0.0023002970231713,-0.006831010349853,0.0382909029170585,0.2097259430526101,0.1386270881818417,0.0299579817894895,0.0149974099974099,0.1104727957778249,-4.535932721712538,3.740825688073397,-8.276758409785932,-0.2228725086997785,-0.569255509859749,-0.1768278197453536,0.1088482455292965,-0.0853238253861095,0.0274787417368043,-0.0372386058690852,0.0063068671690347,-0.0822925704802589,-0.0995973854563681,0.0015614981998249,-0.0040861595847926,-0.1527495025901444,-0.6936081653105928,-0.5177129081862812,-8.333333333333332,-0.9999999999999982,-7.333333333333333,-0.3333333333333333,1.0,-1.2435244368701124,0.1808793112997184,-0.1976645305328512,-0.0275904397020163,-0.0668540267226392,0.0263363924834559,-0.2230447216465313,-0.009468731506504,-0.0712477718360071,0.0499312709262646,-0.2713519622577072,-8.495229381215232,-4.79880672154804,0.5917424299798472,0.40825757002015284,1,TB,NE,0,TB was projected ahead because the strongest inputs for this specific matchup were: Season offensive EPA -0.085 favored NE; Season QB EPA -0.153 favored TB; Rest differential +7 days favored TB.,"[{""feature"": ""diff_season_epa_per_play"", ""label"": ""Season offensive EPA"", ""value"": ""-0.085"", ""direction"": ""NE"", ""impact"": 0.4749384569032197}, {""feature"": ""diff_season_qb_epa_per_play"", ""label"": ""Season QB EPA"", ""value"": ""-0.153"", ""direction"": ""TB"", ""impact"": 0.4010359934424179}, {""feature"": ""rest_diff"", ""label"": ""Rest differential"", ""value"": ""+7 days"", ""direction"": ""TB"", ""impact"": 0.09985137002988996}]",market_elo_form,5262,9
2025_10_NO_CAR,2025,10,CAR,NO,0.0,True,1,0,1,5.5,-245.0,200.0,0.6805555555555556,1,5.5,1,1426.4969345115742,1327.097502511103,99.39943200047128,0.70864135279194,0.0109086208726523,-0.061822170563167,-0.0046954148777759,0.0055349405419395,-0.0195372607026602,-0.2112246500674165,-0.0730763255807378,-0.0249398753553254,0.0369373796217359,-0.2503265236598087,-5.31869184707508,0.2766006448641178,-5.595292491939198,-0.1227084292952556,-0.1358452326116996,-0.6217563247755002,-0.1888219672164437,-0.0872632579222888,-0.0010212732643809,-0.0401156461805982,0.0053176843085194,-0.1456511884928748,0.003757316119656,0.0234976946841364,0.0026393359882845,-0.1596722487362896,-2.493083057145565,-4.0018326128368304,3.666666666666666,-8.0,11.666666666666668,0.6666666666666666,2.6666666666666665,-0.345725704426707,0.2587510315672805,0.2243462245185076,-0.0353068331977163,0.0492262163142906,-0.0270697643709632,0.0831199950893055,0.4240859417185889,0.0287807916612264,0.0119025827591358,0.2554930852993626,1.499894030519744,-10.843418205274942,0.6715184142144595,0.32848158578554054,1,CAR,NO,0,CAR was projected ahead because the strongest inputs for this specific matchup were: Closing spread +5.5 favored CAR; Season offensive EPA -0.087 favored NO; Season QB EPA -0.160 favored CAR.,"[{""feature"": ""spread_line_clean"", ""label"": ""Closing spread"", ""value"": ""+5.5"", ""direction"": ""CAR"", ""impact"": 0.49171496023728184}, {""feature"": ""diff_season_epa_per_play"", ""label"": ""Season offensive EPA"", ""value"": ""-0.087"", ""direction"": ""NO"", ""impact"": 0.4856263390444422}, {""feature"": ""diff_season_qb_epa_per_play"", ""label"": ""Season QB EPA"", ""value"": ""-0.160"", ""direction"": ""CAR"", ""impact"": 0.4190423726420934}]",market_elo_form,5262,9
2025_10_NYG_CHI,2025,10,CHI,NYG,1.0,True,1,0,0,4.5,-218.0,180.0,0.6574752261956054,1,4.5,1,1467.1865629335068,1376.4400106895198,90.74655224398704,0.6982513171772381,-0.0205991648563075,-0.122396358910913,-0.0204239455185764,0.0119249235436409,-0.0914610165258284,-0.0693612841611122,-0.1193351955790184,-0.030254613313679,-0.0502473437432787,0.0073705183993198,0.0785627169528098,-1.2019983112862356,1.2805610282390467,0.0158457641429777,0.0705225630922224,-0.1880726378733941,-0.0705813419823098,-0.0338332624475028,-0.0283338806519307,-0.016159106870951,-0.0033198507007637,-0.0415717129558539,-0.0163051231295349,0.0114394060351195,-0.0001081290169789,-0.0635970923608342,0.0996676995728564,-1.1344085524901837,4.333333333333336,-6.333333333333332,10.666666666666666,0.6666666666666666,1.3333333333333333,1.2266087920706417,-0.27181794478102,0.0200634765719836,-0.2070897359620531,0.0463233405000474,-0.0359608462719543,-0.0273405620076535,0.1102412818076152,-0.0706546021245043,-0.0032273730312945,0.0377255498217282,2.395079529734258,-1.0884294910064964,0.6677723425608009,0.33222765743919913,1,CHI,CHI,1,CHI was projected ahead because the strongest inputs for this specific matchup were: Closing spread +4.5 favored CHI; Season offensive EPA -0.034 favored NYG; Recent win rate +66.7% favored CHI.,"[{""feature"": ""spread_line_clean"", ""label"": ""Closing spread"", ""value"": ""+4.5"", ""direction"": ""CHI"", ""impact"": 0.34267952905425225}, {""feature"": ""diff_season_epa_per_play"", ""label"": ""Season offensive EPA"", ""value"": ""-0.034"", ""direction"": ""NYG"", ""impact"": 0.19118274083321113}, {""feature"": ""diff_last3_win_pct"", ""label"": ""Recent win rate"", ""value"": ""+66.7%"", ""direction"": ""CHI"", ""impact"": 0.17307549943544992}]",market_elo_form,5262,9
2025_10_PHI_GB,2025,10,GB,PHI,0.0,True,1,-7,0,1.5,-110.0,-110.0,0.5,1,1.5,1,1610.9164640886684,1658.0061117848345,-47.08964769616614,0.5113819454265995,0.2200879955334301,-0.0447861531808118,0.0337125498816467,-0.0093251032053722,0.1990279829273495,0.2664768638295266,-0.1918147147077918,0.0317597656987664,-0.0695852747598521,0.1799235235436285,0.835532784764272,-0.1966050820266005,1.0321378667908712,0.0417119494902447,0.5103503596749988,0.1073053566004906,0.1686067384642129,0.0487301334039464,0.0153157553356823,0.0107435119566213,0.0122184866197805,0.0891734933800135,-0.0195829780898324,-0.0057416982477774,0.0005846775935638,0.0742746348404811,0.8976605882332376,2.3135462848926154,-2.666666666666668,-4.0,1.333333333333333,0.0,-0.3333333333333333,-0.9386598324413128,-0.7159853765855857,-0.0325623155309099,-0.0856888541657537,0.0247731317367656,-0.0220757585388592,-0.0389558216705412,-0.1660192579129366,-0.0952871040590339,-0.00548720019267,-0.197734625560816,-1.9211641521108,1.641964630178712,0.5334037978077291,0.46659620219227094,1,GB,PHI,0,GB was projected ahead because the strongest inputs for this specific matchup were: Season offensive EPA +0.049 favored GB; Season QB EPA +0.074 favored PHI; Closing spread +1.5 favored GB.,"[{""feature"": ""diff_season_epa_per_play"", ""label"": ""Season offensive EPA"", ""value"": ""+0.049"", ""direction"": ""GB"", ""impact"": 0.2638100612251593}, {""feature"": ""diff_season_qb_epa_per_play"", ""label"": ""Season QB EPA"", ""value"": ""+0.074"", ""direction"": ""PHI"", ""impact"": 0.1894641664300244}, {""feature"": ""spread_line_clean"", ""label"": ""Closing spread"", ""value"": ""+1.5"", ""direction"": ""GB"", ""impact"": 0.10442676449483661}]",market_elo_form,5262,9
2025_10_PIT_LAC,2025,10,LAC,PIT,1.0,True,1,0,0,3.0,-162.0,136.0,0.593369754159424,1,3.0,1,1538.9437281408032,1528.3778812598412,10.565846880962,0.5932524624798472,0.1802394285423999,-0.0739736607007336,0.0352419051011801,-0.0168357825340003,0.1378554955575847,0.0811007540233588,-0.202372527306334,0.0133933658933658,0.0433748645623559,0.0613681175370561,0.7132269686052481,2.2531137416366427,-1.5398867730313948,-0.0917138445702521,0.1771487390633042,0.1536979347137625,0.3419470307351941,0.0198759139714574,0.0358793127174476,0.010820553439179,0.0268097826862537,0.0240331059154716,-0.0048687481004324,-0.0063011417752536,-0.0069148121853851,0.0329838106480194,-0.472139032071227,1.0187170962103458,1.6666666666666643,-6.666666666666664,8.333333333333334,0.3333333333333333,-0.6666666666666667,0.5109777882977005,-1.238494132695811,0.110013038718081,-0.2168840659091667,0.0965680337396438,-0.1118600944651365,0.2069535733250706,-0.0382015535324267,0.0366423114012313,0.0629291343577057,0.1379867647094148,1.2861617043523836,1.0924753803941862,0.6032409044122904,0.3967590955877096,1,LAC,LAC,1,LAC was projected ahead because the strongest inputs for this specific matchup were: Closing spread +3.0 favored LAC; Season offensive EPA +0.020 favored LAC; Recent win rate +33.3% favored LAC.,"[{""feature"": ""spread_line_clean"", ""label"": ""Closing spread"", ""value"": ""+3.0"", ""direction"": ""LAC"", ""impact"": 0.11912638227970782}, {""feature"": ""diff_season_epa_per_play"", ""label"": ""Season offensive EPA"", ""value"": ""+0.020"", ""direction"": ""LAC"", ""impact"": 0.10479937597650002}, {""feature"": ""diff_last3_win_pct"", ""label"": ""Recent win rate"", ""value"": ""+33.3%"", ""direction"": ""LAC"", ""impact"": 0.08843972247068646}]",market_elo_form,5262,9
2025_11_BAL_CLE,2025,11,CLE,BAL,0.0,True,1,0,1,-7.5,340.0,-440.0,0.2180936995153473,1,-7.5,1,1366.2260488547863,1575.7769746708295,-209.5509258160432,0.2911786250492678,0.0159928087624101,-0.0411196126609657,-0.0079940345823402,0.0012032811382201,-0.0414413717727924,0.0408087878831546,0.0471442025386562,-0.0846853017427067,0.0530966020820887,-0.0811582684763672,-5.364729532163743,4.426260964912281,-9.790990497076024,-0.2677631578947368,-0.4619334795321637,-0.3834796358414944,0.3989655052514589,-0.0946890103593135,0.0805451933320592,-0.0328920598181703,0.0251107400239597,-0.1420693976470693,-0.0458783778298709,0.0079163768495089,-0.0063541453270148,-0.1801178090711776,-1.7711619658896889,1.0605456386772574,-7.0,8.000000000000002,-15.0,-0.6666666666666667,-0.3333333333333332,-1.76227288653181,-0.8348606285919722,-0.2751691463280411,-0.0856211222294676,-0.1839680585597101,-0.0681555097257408,-0.3383809410828562,-0.1189457853249748,0.0228821974403766,0.1274130248305283,-0.5292639583154135,-5.327068341579962,-2.147353002187502,0.20471091305977715,0.7952890869402228,0,BAL,BAL,1,BAL was projected ahead because the strongest inputs for this specific matchup were: Closing spread -7.5 favored BAL; Season offensive EPA -0.095 favored BAL; Season QB EPA -0.180 favored CLE.,"[{""feature"": ""spread_line_clean"", ""label"": ""Closing spread"", ""value"": ""-7.5"", ""direction"": ""BAL"", ""impact"": 1.4191812778390545}, {""feature"": ""diff_season_epa_per_play"", ""label"": ""Season offensive EPA"", ""value"": ""-0.095"", ""direction"": ""BAL"", ""impact"": 0.520924920849663}, {""feature"": ""diff_season_qb_epa_per_play"", ""label"": ""Season QB EPA"", ""value"": ""-0.180"", ""direction"": ""CLE"", ""impact"": 0.4657636515643247}]",market_elo_form,5276,10
2025_11_CAR_ATL,2025,11,ATL,CAR,0.0,True,1,0,1,4.5,-218.0,180.0,0.6574752261956054,1,4.5,1,1412.759363105591,1389.9468366243,22.812526481291115,0.6101457493058489,0.1140948843468876,-0.1109204173712083,0.0095334707556619,-0.0074327362370926,0.0662778194503248,-0.1919017336730203,-0.3652711803424027,-0.0306746295980261,-0.006943972835314,-0.2999554706253999,2.021688148439992,0.1127370968649756,1.9089510515750177,0.0445113600120072,0.1302789816326147,0.3494824593902175,0.274870502723985,0.0492831862465455,0.0267412398974806,0.019531347260559,0.0150511316033741,0.1032830188814989,-0.048618607589927,-0.0103487774180119,-0.0120652042144718,0.0869719463295503,1.4644642203288178,1.670137752958273,8.666666666666666,6.333333333333336,2.333333333333332,-0.3333333333333333,1.6666666666666667,0.743331572319117,-0.4387355973495523,0.0871200081846519,-0.0555521838868206,-0.0030714409353808,0.0360660813499136,0.1540946571030515,-0.0659941995383222,-0.0621007783145464,0.0632941224027811,0.1837426984376155,-0.4331194466777471,11.567635125793066,0.6024604341760769,0.39753956582392314,1,ATL,CAR,0,ATL was projected ahead because the strongest inputs for this specific matchup were: Closing spread +4.5 favored ATL; Season offensive EPA +0.049 favored ATL; Season QB EPA +0.087 favored CAR.,"[{""feature"": ""spread_line_clean"", ""label"": ""Closing spread"", ""value"": ""+4.5"", ""direction"": ""ATL"", ""impact"": 0.337097163571153}, {""feature"": ""diff_season_epa_per_play"", ""label"": ""Season offensive EPA"", ""value"": ""+0.049"", ""direction"": ""ATL"", ""impact"": 0.2642230250365197}, {""feature"": ""diff_season_qb_epa_per_play"", ""label"": ""Season QB EPA"", ""value"": ""+0.087"", ""direction"": ""CAR"", ""impact"": 0.21962934347200527}]",market_elo_form,5276,10
2025_11_CHI_MIN,2025,11,MIN,CHI,0.0,True,1,0,1,3.0,-148.0,124.0,0.5720596355604638,1,3.0,1,1505.8825218716063,1476.2959928788207,29.58652899278559,0.6193804069489653,0.0746035447128256,-0.0854872122314191,-0.0029012978358756,0.0092563457682417,0.0182304718955243,-0.2944535756205568,-0.3116496885806883,-0.088126200954565,0.0297219198590497,-0.3723678343774512,1.467366757000903,-0.2174043962661862,1.6847711532670884,0.0644760614272809,-0.0240138512496236,0.2988197126927234,-0.121528453199164,0.0387230419738897,-0.0191508179982526,0.013782093047007,0.0007583020147494,0.0665224933631052,0.008200750647446,-0.0024524589270244,0.0060890764994395,0.0808146696935508,0.7902889584471613,-0.3051908890057622,-10.333333333333332,-1.3333333333333357,-9.0,-0.3333333333333333,-1.3333333333333333,-1.9475915688187095,-1.2770674423615596,-0.3278269388119931,-0.073121803705586,-0.1291811290337271,-0.0023285211520504,-0.3850888080456828,-0.2992042107216943,0.0840592854853279,-0.008187957353484,-0.5377701780414226,-4.419070174875725,3.0320870920873935,0.564797914950896,0.43520208504910396,1,MIN,CHI,0,MIN was projected ahead because the strongest inputs for this specific matchup were: Season offensive EPA +0.039 favored MIN; Season QB EPA +0.081 favored CHI; Closing spread +3.0 favored MIN.,"[{""feature"": ""diff_season_epa_per_play"", ""label"": ""Season offensive EPA"", ""value"": ""+0.039"", ""direction"": ""MIN"", ""impact"": 0.20663360305502565}, {""feature"": ""diff_season_qb_epa_per_play"", ""label"": ""Season QB EPA"", ""value"": ""+0.081"", ""direction"": ""CHI"", ""impact"": 0.20382883375764646}, {""feature"": ""spread_line_clean"", ""label"": ""Closing spread"", ""value"": ""+3.0"", ""direction"": ""MIN"", ""impact"": 0.1175623583948771}]",market_elo_form,5276,10
2025_11_CIN_PIT,2025,11,PIT,CIN,1.0,True,1,-7,1,5.5,-250.0,205.0,0.6853932584269663,1,5.5,1,1506.475750265631,1445.1572119993675,61.3185382662632,0.6614098536821166,0.1077504361762182,-0.11574228775841,-0.003186288622141,0.0069675525002347,0.0562976140542949,-0.570635698534494,-0.4389788098239289,-0.1450897972757115,0.0652379755320932,-0.5856697039395131,0.7596251266464051,-2.447315096251266,3.20694022289767,0.1268996960486321,-0.0443895643363728,0.2432084280267323,-0.4028914914972548,0.0264576412539441,-0.0468826418987309,0.001830046788608,-0.0275319223095161,0.0512727583139376,-0.009403207253222,-0.0007621479353978,0.0175802589289921,0.053326679126652,0.5021312663148261,-0.9019328583693448,-16.999999999999996,-12.333333333333332,-4.666666666666667,0.0,0.0,-2.667902723458356,-1.4882054603057266,-0.4503407955664167,-0.298589581445705,-0.1368284100852081,-0.0722719653187287,-0.4940617784563024,-0.3062054789630481,0.0375802457735231,0.0571548821548821,-0.6318615092693884,-1.046388559442815,-2.161408950179175,0.6306911453673798,0.3693088546326202,1,PIT,PIT,1,PIT was projected ahead because the strongest inputs for this specific matchup were: Closing spread +5.5 favored PIT; Season offensive EPA +0.026 favored PIT; Season QB EPA +0.053 favored CIN.,"[{""feature"": ""spread_line_clean"", ""label"": ""Closing spread"", ""value"": ""+5.5"", ""direction"": ""PIT"", ""impact"": 0.4834537003553369}, {""feature"": ""diff_season_epa_per_play"", ""label"": ""Season offensive EPA"", ""value"": ""+0.026"", ""direction"": ""PIT"", ""impact"": 0.13974461748859796}, {""feature"": ""diff_season_qb_epa_per_play"", ""label"": ""Season QB EPA"", ""value"": ""+0.053"", ""direction"": ""CIN"", ""impact"": 0.13329046303687336}]",market_elo_form,5276,10
2025_11_DAL_LV,2025,11,LV,DAL,0.0,True,1,-3,0,-3.5,164.0,-198.0,0.3630958183058778,1,-3.5,1,1369.8652680684936,1444.917588039369,-75.05231997087571,0.4711743912196624,0.0376990318374142,-0.1794487587764011,-0.0049323165282363,-0.0047019435627908,-0.0541153998718562,-0.341731373011224,-0.4970314736505936,-0.1587196689422949,0.0105826605826605,-0.6282830196756719,-3.771824629271439,2.3119922630560943,-6.083816892327531,-0.1533204384268214,-0.387685364281109,-0.3529109598295958,0.0264729299357444,-0.0880628154920809,0.0398803669896741,-0.019899317691322,0.0108140595096152,-0.0960838264233603,-0.1215692784329797,0.0054697524752696,-0.0129694495913647,-0.1702529847899703,-1.0986325887576498,-0.5279295309493638,-16.333333333333332,-7.333333333333332,-9.0,-0.3333333333333333,1.0,-1.6270338292295563,-1.141559894679374,-0.3141081887805529,-0.093627119954478,-0.1154706845607182,-0.0344639428384506,-0.325733835818798,-0.4030444129570374,0.0275260200792115,-0.0390508929982614,-0.631228971671683,-1.501414751058605,1.0726936920045531,0.3485267580192305,0.6514732419807695,0,DAL,DAL,1,DAL was projected ahead because the strongest inputs for this specific matchup were: Closing spread -3.5 favored DAL; Season offensive EPA -0.088 favored DAL; Season QB EPA -0.170 favored LV.,"[{""feature"": ""spread_line_clean"", ""label"": ""Closing spread"", ""value"": ""-3.5"", ""direction"": ""DAL"", ""impact"": 0.8337551307023187}, {""feature"": ""diff_season_epa_per_play"", ""label"": ""Season offensive EPA"", ""value"": ""-0.088"", ""direction"": ""DAL"", ""impact"": 0.4847891709500361}, {""feature"": ""diff_season_qb_epa_per_play"", ""label"": ""Season QB EPA"", ""value"": ""-0.170"", ""direction"": ""LV"", ""impact"": 0.4404490098647226}]",market_elo_form,5276,10
2025_11_DET_PHI,2025,11,PHI,DET,1.0,True,1,-1,0,2.5,-155.0,130.0,0.5829926410466066,1,2.5,1,1672.2357943870095,1657.1937129096852,15.042081477324244,0.5994549621538038,0.0693754830857087,-0.0883533946553885,-0.0042439984227418,0.0037028482298414,0.0616544685857523,0.5723458765331116,0.0169796370345981,0.0247432306255838,-0.0148529686164094,0.4348576222640447,1.8345315904139456,-3.245570079883805,5.080101670297749,0.1596586782861293,0.1951706608569354,0.1424454569207185,-0.4564584617704694,0.0469020554799491,-0.062527721326193,0.0112705192163411,-0.0269455154574255,0.0388824158487806,0.0826721632354405,0.001461885062504,0.0074909217955237,0.0934663706374708,0.8730245739920053,0.2107336186367064,-5.333333333333336,-3.0,-2.333333333333334,0.3333333333333333,0.6666666666666666,0.2646328096455992,0.2737769342841814,0.0515641719048177,0.0087355314053563,-0.0138472780416514,0.0330457786979527,0.2951543019012883,-0.071359129425766,0.0089460285538717,-0.0100507847414881,0.1202564591303983,2.8293106445587943,-4.491984126586917,0.6082843707350679,0.3917156292649321,1,PHI,PHI,1,PHI was projected ahead because the strongest inputs for this specific matchup were: Season offensive EPA +0.047 favored PHI; Season QB EPA +0.093 favored DET; Recent win rate +33.3% favored PHI.,"[{""feature"": ""diff_season_epa_per_play"", ""label"": ""Season offensive EPA"", ""value"": ""+0.047"", ""direction"": ""PHI"", ""impact"": 0.2512376016398229}, {""feature"": ""diff_season_qb_epa_per_play"", ""label"": ""Season QB EPA"", ""value"": ""+0.093"", ""direction"": ""DET"", ""impact"": 0.23629502546629957}, {""feature"": ""diff_last3_win_pct"", ""label"": ""Recent win rate"", ""value"": ""+33.3%"", ""direction"": ""PHI"", ""impact"": 0.09009659722519944}]",market_elo_form,5276,10
2025_11_GB_NYG,2025,11,NYG,GB,0.0,True,1,1,0,-7.5,340.0,-440.0,0.2180936995153473,1,-7.5,1,1367.330580744206,1596.6867814864934,-229.35620074228743,0.2682194918966645,0.0383702129958675,-0.0882780064698892,-0.0072561529207288,-0.0066727759866442,-0.010363227455202,0.1508458677373309,0.0836344025748602,0.026480119825708,0.0623724562690282,0.1440171481589857,-4.527626328908777,1.689367848995449,-6.216994177904221,-0.1739670404199659,-0.5954832515656241,-0.4365888897941268,0.073729702464302,-0.1102958053263584,0.017672514260124,-0.0288857672074617,-0.0026440661116173,-0.1656704273225521,-0.0281715480335235,0.0029947875746643,-0.0074378637015264,-0.1930120956553842,-1.7935939305297517,-3.943883124555384,3.0,15.0,-12.0,-0.3333333333333333,0.6666666666666667,-0.429988520704506,1.847674546760916,0.0062393637517838,0.3022902476656804,-0.0280882681142254,0.1280381416822377,-0.0982103362185839,0.1736517271461988,0.0687030361652162,0.0336994862357181,0.0065579512719197,-1.423916267733406,1.1762351871465198,0.26447930761909644,0.7355206923809036,0,GB,GB,1,GB was projected ahead because the strongest inputs for this specific matchup were: Closing spread -7.5 favored GB; Season offensive EPA -0.110 favored GB; Season QB EPA -0.193 favored NYG.,"[{""feature"": ""spread_line_clean"", ""label"": ""Closing spread"", ""value"": ""-7.5"", ""direction"": ""GB"", ""impact"": 1.4191812778390545}, {""feature"": ""diff_season_epa_per_play"", ""label"": ""Season offensive EPA"", ""value"": ""-0.110"", ""direction"": ""GB"", ""impact"": 0.606036097167879}, {""feature"": ""diff_season_qb_epa_per_play"", ""label"": ""Season QB EPA"", ""value"": ""-0.193"", ""direction"": ""NYG"", ""impact"": 0.49885235497620417}]",market_elo_form,5276,10
2025_11_HOU_TEN,2025,11,TEN,HOU,0.0,True,1,7,1,-5.5,215.0,-265.0,0.3042300479266513,1,-5.5,1,1270.2189687824953,1551.6050414303736,-281.38607264787834,0.2136298122800124,0.042410352277425,-0.112182951963777,-0.0100992632368011,0.0080371652858709,-0.0151780265751465,-0.0751066919612863,-0.1080122020419042,0.0211182115944022,0.0489067239067239,-0.2173704960105651,-0.7658332252145392,0.0993735288121158,-0.8652067540266526,-0.0020666135340018,-0.0172650269679165,-0.0815599590742799,-0.0553358129873089,-0.0079715538616689,0.0186661772034445,-0.0054358958027722,0.0053590103449058,-0.0222266595346008,-0.0019396788935306,0.005311223055429,-0.0019441673969084,-0.0130589389160487,-0.1982488724239059,-3.214963936291581,-10.000000000000002,11.333333333333332,-21.333333333333332,-0.6666666666666666,-1.0,-0.3429218213304992,2.3496695278366433,-0.2149684167409628,0.3046550757833623,-0.0222858801279536,0.1218588938265488,-0.3533449380496591,-0.0229169202454518,0.084322436012048,0.040034115034115,-0.3660759772631192,-0.3359108090080951,-2.435698200509008,0.328560024626314,0.6714399753736859,0,HOU,HOU,1,HOU was projected ahead because the strongest inputs for this specific matchup were: Closing spread -5.5 favored HOU; Recent win rate -66.7% favored HOU; Rest differential +7 days favored TEN.,"[{""feature"": ""spread_line_clean"", ""label"": ""Closing spread"", ""value"": ""-5.5"", ""direction"": ""HOU"", ""impact"": 1.1264682042706866}, {""feature"": ""diff_last3_win_pct"", ""label"": ""Recent win rate"", ""value"": ""-66.7%"", ""direction"": ""HOU"", ""impact"": 0.1688789663597378}, {""feature"": ""rest_diff"", ""label"": ""Rest differential"", ""value"": ""+7 days"", ""direction"": ""TEN"", ""impact"": 0.10398355758622328}]",market_elo_form,5276,10
2025_11_KC_DEN,2025,11,DEN,KC,1.0,True,1,-4,1,-3.5,180.0,-218.0,0.3425247738043946,1,-3.5,1,1633.5406346064317,1642.9078433992968,-9.367208792865084,0.5652958313993874,0.0604819316610098,-0.1078345908230804,-0.009659105008492,-0.003066570700352,0.0058236543083219,0.2128412793571294,0.1403657444229275,0.0457469141272903,-0.0384920634920634,0.1762474907111946,-1.3296242456279472,0.8541121536496199,-2.1837363992775645,-0.0745870225981234,-0.3309105325756574,-0.138944530765662,-0.2522158701976984,-0.0498357926315477,-0.024862862645095,-0.0172330510168457,-0.0191775799440545,-0.055218456247668,-0.0274068693301865,-0.0021550651524765,0.007573393215352,-0.0795610285349184,-0.399065719814845,-3.801006886513289,-2.666666666666668,3.666666666666668,-6.333333333333334,0.3333333333333333,0.0,-0.7471681952350835,-0.8979173487436092,-0.175909962234263,0.0085271236420463,-0.0675070341756772,-0.0005100196498046,-0.276811023224593,-0.0621871737919442,-0.0284188034188034,0.0323370482944951,-0.3165207409861483,-3.412754117089436,-2.526941264699919,0.3688803380037196,0.6311196619962804,0,KC,DEN,0,KC was projected ahead because the strongest inputs for this specific matchup were: Closing spread -3.5 favored KC; Season offensive EPA -0.050 favored KC; Season QB EPA -0.080 favored DEN.,"[{""feature"": ""spread_line_clean"", ""label"": ""Closing spread"", ""value"": ""-3.5"", ""direction"": ""KC"", ""impact"": 0.8337551307023187}, {""feature"": ""diff_season_epa_per_play"", ""label"": ""Season offensive EPA"", ""value"": ""-0.050"", ""direction"": ""KC"", ""impact"": 0.27631927756875824}, {""feature"": ""diff_season_qb_epa_per_play"", ""label"": ""Season QB EPA"", ""value"": ""-0.080"", ""direction"": ""DEN"", ""impact"": 0.2077196360626736}]",market_elo_form,5276,10
2025_11_LAC_JAX,2025,11,JAX,LAC,1.0,True,1,0,0,-3.0,130.0,-155.0,0.4170073589533933,1,-3.0,1,1438.9078163593122,1560.8458591350134,-121.9380427757012,0.4048428915827484,0.0067667946082812,-0.0933337651953772,-0.0213536601729983,0.001438294756027,-0.0440771787557184,0.1512059788201486,0.4157466694564799,0.0893542308900905,-0.0267774594399981,0.2340680190780552,-3.818408591239642,1.642905462540167,-5.461314053779807,-0.1594368340943683,-0.3851682732961272,-0.4728589146440436,0.0672100890523204,-0.0848240609014696,0.0353256130018173,-0.0297350138577701,-0.0005840181123943,-0.1383385384267865,0.0138069584543818,0.0110395001989506,-0.0092420135326171,-0.1463429771025048,-1.578460022047729,-2.367801377422067,-7.666666666666668,20.0,-27.666666666666664,-0.6666666666666667,-0.6666666666666666,-0.9292835337279772,0.8838619542415569,-0.1107585913743284,0.4619757716561141,-0.0606439539772873,0.157101067853585,-0.3248423046586918,0.1214412293017096,-0.012343908241741,-0.0987667017078782,-0.1985273762318083,-3.996566624978367,-2.211283273072392,0.3996931018717726,0.6003068981282274,0,LAC,JAX,0,LAC was projected ahead because the strongest inputs for this specific matchup were: Closing spread -3.0 favored LAC; Season offensive EPA -0.085 favored LAC; Season QB EPA -0.146 favored JAX.,"[{""feature"": ""spread_line_clean"", ""label"": ""Closing spread"", ""value"": ""-3.0"", ""direction"": ""LAC"", ""impact"": 0.7605768623102267}, {""feature"": ""diff_season_epa_per_play"", ""label"": ""Season offensive EPA"", ""value"": ""-0.085"", ""direction"": ""LAC"", ""impact"": 0.46712672240790953}, {""feature"": ""diff_season_qb_epa_per_play"", ""label"": ""Season QB EPA"", ""value"": ""-0.146"", ""direction"": ""JAX"", ""impact"": 0.37909228820512053}]",market_elo_form,5276,10
2025_11_NYJ_NE,2025,11,NE,NYJ,1.0,True,1,0,1,12.5,-950.0,625.0,0.8677165354330709,1,12.5,1,1532.544353100967,1375.1762820866986,157.36807101426848,0.7725012505870233,0.1763333680051824,-0.030309988226417,0.0476630354492195,-0.0076222526276315,0.1745094401974516,0.1247735088442656,-0.0041004940810381,-0.0001893606006735,0.0437933829862694,0.1157229777051832,7.333828575471365,-3.2772471612013163,10.61107573667268,0.2690314478757649,0.7389897060384166,0.6535860578779324,0.1641908550927269,0.1512805297608981,-0.0166543938774637,0.0612808055705585,0.0131536230291644,0.2017819356697412,0.0733389075478033,-0.0174241886901695,0.0007939641114933,0.2634940604810681,2.1018484996527738,5.052707609480489,4.0,-4.0,8.0,0.3333333333333333,0.0,1.520091008779021,-0.1057890392375631,0.1405488412737522,-0.1095894597431918,0.0552286364467395,-0.0407088364761837,0.2688909807731054,0.0063938208361574,0.0101282432164784,-0.0425942489895978,0.3058801218699811,4.0522035401165475,14.002349854004692,0.851608628014535,0.14839137198546504,1,NE,NE,1,NE was projected ahead because the strongest inputs for this specific matchup were: Closing spread +12.5 favored NE; Season offensive EPA +0.151 favored NE; Season QB EPA +0.263 favored NYJ.,"[{""feature"": ""spread_line_clean"", ""label"": ""Closing spread"", ""value"": ""+12.5"", ""direction"": ""NE"", ""impact"": 1.5079494578446246}, {""feature"": ""diff_season_epa_per_play"", ""label"": ""Season offensive EPA"", ""value"": ""+0.151"", ""direction"": ""NE"", ""impact"": 0.8204624006527579}, {""feature"": ""diff_season_qb_epa_per_play"", ""label"": ""Season QB EPA"", ""value"": ""+0.263"", ""direction"": ""NYJ"", ""impact"": 0.6726119759467363}]",market_elo_form,5276,10
2025_11_SEA_LA,2025,11,LA,SEA,1.0,True,1,0,1,3.0,-175.0,145.0,0.6092362344582594,1,3.0,1,1645.6284507211317,1632.501751260923,13.12669946020901,0.5968046861107661,0.1188963031428388,-0.0604925611481623,0.0245659331680336,-0.005672472258993,0.0830575263692604,0.6826085672842688,0.308786130007141,0.1488255057366023,-0.0579632344338226,0.8566771181463378,0.544117647058826,0.8558823529411761,-0.3117647058823527,0.011764705882353,-0.0147058823529411,0.1230868117793351,0.0452799834093431,0.0106771933332291,-0.0118364436226548,0.0198236564219679,-0.0014331737173437,-0.0080169442797251,0.0228424185899668,-0.017004288726054,0.0087976440214013,0.0156815250980204,-2.108418787434103,0.3777331683927982,0.6666666666666643,-3.9999999999999982,4.666666666666668,0.0,2.6666666666666665,-1.0260578521300143,1.3793067426849723,0.2442208648980095,0.0810393925374474,0.0786383141093033,0.0053948357188254,0.1561765610476386,0.1497761232690702,-0.0160717925423807,-0.0323110807321333,0.3797833156074517,-0.123369273430625,13.884461715612666,0.5848595757328379,0.41514042426716213,1,LA,LA,1,LA was projected ahead because the strongest inputs for this specific matchup were: Closing spread +3.0 favored LA; Division matchup Yes favored SEA; Season offensive EPA +0.011 favored LA.,"[{""feature"": ""spread_line_clean"", ""label"": ""Closing spread"", ""value"": ""+3.0"", ""direction"": ""LA"", ""impact"": 0.1175623583948771}, {""feature"": ""div_game"", ""label"": ""Division matchup"", ""value"": ""Yes"", ""direction"": ""SEA"", ""impact"": 0.06103708823431211}, {""feature"": ""diff_season_epa_per_play"", ""label"": ""Season offensive EPA"", ""value"": ""+0.011"", ""direction"": ""LA"", ""impact"": 0.05368643012876816}]",market_elo_form,5276,10
2025_11_SF_ARI,2025,11,ARI,SF,0.0,True,1,0,1,-3.5,160.0,-192.0,0.3690596562184025,1,-3.5,1,1459.1193580765064,1494.566849177854,-35.44749110134762,0.5281086545254013,0.0353684808984192,-0.0954696908779849,-0.0062907527580629,-9.769863050593242e-05,-0.0207790828671421,-0.2146483646012949,-0.4418254776752953,-0.0968845211862305,0.0927233101146144,-0.2951175697125535,-0.1857662450464126,1.9837323344733344,-2.1694985795197512,-0.0531187231963519,-0.1847167182382426,-0.2907677885483428,0.1705891088978361,-0.0419183124140574,-0.0013824080481467,-0.0085553966734379,0.0062903190608617,-0.0702435594455597,-0.0217355400556257,-0.0103568416948004,0.002301857124829,-0.0756795100607369,-0.2057410552062728,3.0729057056041493,-1.0,-1.3333333333333357,0.3333333333333339,0.0,0.6666666666666667,-0.8765061171076214,-0.2640077009932762,-0.1499348292889379,-0.2522685985696401,-0.0432672173273679,-0.0525840895913274,-0.1811034046925538,-0.1585830592921802,0.0769987943900987,0.045100002546811,-0.3474125238369686,-4.295026217152936,7.603445373661906,0.3409185906348974,0.6590814093651026,0,SF,SF,1,SF was projected ahead because the strongest inputs for this specific matchup were: Closing spread -3.5 favored SF; Season offensive EPA -0.042 favored SF; Season QB EPA -0.076 favored ARI.,"[{""feature"": ""spread_line_clean"", ""label"": ""Closing spread"", ""value"": ""-3.5"", ""direction"": ""SF"", ""impact"": 0.8337551307023187}, {""feature"": ""diff_season_epa_per_play"", ""label"": ""Season offensive EPA"", ""value"": ""-0.042"", ""direction"": ""SF"", ""impact"": 0.23314154272891888}, {""feature"": ""diff_season_qb_epa_per_play"", ""label"": ""Season QB EPA"", ""value"": ""-0.076"", ""direction"": ""ARI"", ""impact"": 0.1977590684313295}]",market_elo_form,5276,10
2025_11_TB_BUF,2025,11,BUF,TB,1.0,True,1,0,0,6.0,-285.0,230.0,0.7095435684647302,1,6.0,1,1599.9849689473344,1554.2726879009892,45.7122810463452,0.6410090721873642,0.0577581942236949,-0.067526668271972,-0.0026715162037481,0.003274777898127,0.0231204064978248,0.4124150445885469,0.0897079923985164,0.1196876206693878,0.005023872433134,0.5493383232670259,0.547172949002217,-1.5778085735402811,2.124981522542498,0.0730413895048041,0.2098115299334811,-0.0396325907435946,-0.2040853493966485,0.0100383025244431,-0.0177181184474729,0.0055595696104975,-0.0046014083069718,-0.0250704270475768,0.073670820377364,0.0059604472076029,0.0042978394016652,0.0126162871311529,0.0342355283006305,-2.1862239503680714,8.666666666666668,1.666666666666668,7.0,0.3333333333333333,0.0,1.870775688238268,0.0295073520879967,0.3230897568447501,0.13050946229139,0.1077990909067173,0.0422324117458967,0.434473450947978,-0.0385992876242285,0.0051823196504048,0.0223049689961454,0.6414879280494818,6.74800211003253,-5.984587407815944,0.7182867134870676,0.28171328651293237,1,BUF,BUF,1,BUF was projected ahead because the strongest inputs for this specific matchup were: Closing spread +6.0 favored BUF; Recent win rate +33.3% favored BUF; Recent offensive EPA +0.323 favored BUF.,"[{""feature"": ""spread_line_clean"", ""label"": ""Closing spread"", ""value"": ""+6.0"", ""direction"": ""BUF"", ""impact"": 0.5566319687474289}, {""feature"": ""diff_last3_win_pct"", ""label"": ""Recent win rate"", ""value"": ""+33.3%"", ""direction"": ""BUF"", ""impact"": 0.09009659722519944}, {""feature"": ""diff_last3_epa_per_play"", ""label"": ""Recent offensive EPA"", ""value"": ""+0.323"", ""direction"": ""BUF"", ""impact"": 0.06872419925574598}]",market_elo_form,5276,10
2025_11_WAS_MIA,2025,11,MIA,WAS,1.0,True,1,0,0,2.5,-148.0,124.0,0.5720596355604638,1,2.5,1,1454.089447342542,1460.4038842400646,-6.314436897522683,0.5696091389837682,0.0097469055866008,-0.1546991529072767,-0.0099263043050348,0.0042013068427462,-0.0579865373148626,-0.1949453960888168,-0.4212011778269905,-0.1357496313840323,0.0027777777777778,-0.0920957294195217,0.080095556617298,-1.0517630195891066,1.1318585762064024,0.0472336359292881,0.0681700907787863,-0.0351591898521093,-0.1445111573686954,-0.0040521746283344,-0.0135959554191909,0.002452908558656,-0.0054560120833679,-0.0017332965910421,-0.0202110211391661,-0.0012529227525179,0.0017942627198658,-0.0151285651843591,0.2471343454158457,1.332117534984771,8.999999999999998,-19.666666666666664,28.666666666666664,0.6666666666666666,-1.3333333333333333,0.8996612543683531,-2.089770386932156,0.1058406982238374,-0.4345797336016772,-0.0090084097161386,-0.1222916566134247,0.1497248058725828,0.0313966924667667,-0.0540564373897706,0.0313846204360389,0.3380968156163465,-1.9712534211142607,-0.8392238534329328,0.565050548526155,0.434949451473845,1,MIA,MIA,1,MIA was projected ahead because the strongest inputs for this specific matchup were: Recent win rate +66.7% favored MIA; Recent defensive EPA allowed -0.435 favored MIA; Recent point differential +28.7 pts/game favored MIA.,"[{""feature"": ""diff_last3_win_pct"", ""label"": ""Recent win rate"", ""value"": ""+66.7%"", ""direction"": ""MIA"", ""impact"": 0.1764217850868452}, {""feature"": ""diff_last3_epa_per_play_allowed"", ""label"": ""Recent defensive EPA allowed"", ""value"": ""-0.435"", ""direction"": ""MIA"", ""impact"": 0.12465049341079149}, {""feature"": ""diff_last3_point_diff_pg"", ""label"": ""Recent point differential"", ""value"": ""+28.7 pts/game"", ""direction"": ""MIA"", ""impact"": 0.1192464053940794}]",market_elo_form,5276,10
2025_12_ATL_NO,2025,12,NO,ATL,0.0,True,1,7,1,1.5,-122.0,102.0,0.5260865852617197,1,1.5,1,1363.647600398377,1395.2222551072357,-31.57465470885859,0.5336607906321467,0.1306412970057873,-0.0917994035281898,0.015089926868918,-0.0086112352016635,0.1142278503057943,-0.147567846067767,-0.4439498227722548,-0.0961361575748729,-0.0777681279294182,-0.3146821529410278,3.2997178740444113,-0.4384419366581724,3.7381598107025846,0.0823443756825628,0.0127957772115034,0.279166625195109,-0.0971471348355024,0.0388137988219422,-0.0272483856377135,0.0202410525239454,-0.0202396485346435,0.0429797339085333,0.0460905374317856,-0.0129364278310817,0.0093264299581442,0.0745255275068024,1.038230101452161,2.33261534333439,-15.0,-7.0,-8.0,0.3333333333333333,-2.0,0.1134523560812619,-1.8125881827177055,-0.2514201314389672,-0.1248721375440038,-0.096536199641754,-0.0280395325010391,-0.1605576240105766,-0.3337266603225975,0.0230331541218637,-0.059048377185632,-0.3129802963993781,0.7603430237228508,-0.5822453448904565,0.5799289044446787,0.4200710955553213,1,NO,ATL,0,NO was projected ahead because the strongest inputs for this specific matchup were: Season offensive EPA +0.039 favored NO; Season QB EPA +0.075 favored ATL; Closing spread +1.5 favored NO.,"[{""feature"": ""diff_season_epa_per_play"", ""label"": ""Season offensive EPA"", ""value"": ""+0.039"", ""direction"": ""NO"", ""impact"": 0.20335888707214694}, {""feature"": ""diff_season_qb_epa_per_play"", ""label"": ""Season QB EPA"", ""value"": ""+0.075"", ""direction"": ""ATL"", ""impact"": 0.18404624620142104}, {""feature"": ""spread_line_clean"", ""label"": ""Closing spread"", ""value"": ""+1.5"", ""direction"": ""NO"", ""impact"": 0.10004005343271025}]",market_elo_form,5291,11
2025_12_BUF_HOU,2025,12,HOU,BUF,1.0,True,1,0,0,-5.5,210.0,-258.0,0.3092071169459319,1,-5.5,1,1556.9754841347117,1617.594696385824,-60.619212251112685,0.4919140085512231,0.0714193937124732,-0.1036883342197108,-0.0082550301736901,0.0019836783319173,0.0047008474761618,-0.1014992856286918,-0.3180615073767512,-0.0353760639299047,0.0346446489124837,-0.2110653974336519,-1.1771921522949782,1.0578568048629542,-2.235048957157937,-0.0557911403923852,-0.113220252611655,-0.0370635132428889,0.1287285600350438,-0.0264160797041544,0.0064992683955961,-0.0102197638320665,-0.0038494064194222,-0.0047817628337405,-0.0540539148414842,0.0030899675305246,-0.0007802548590299,-0.0370912436500379,-0.1772833183955449,-0.31368619670611,-6.0,-7.666666666666668,1.666666666666667,0.0,0.6666666666666666,-1.8963558239909617,-2.051215627028982,-0.1921298777085712,-0.2520101670061446,-0.0894919371488975,-0.0788828909548088,-0.2544865698345495,-0.0810190894459109,0.0151995549993046,0.046929362627037,-0.364507420151261,-6.337391977908485,1.0784953183693102,0.2895548169959591,0.7104451830040409,0,BUF,HOU,0,BUF was projected ahead because the strongest inputs for this specific matchup were: Closing spread -5.5 favored BUF; Season offensive EPA -0.026 favored BUF; Season QB EPA -0.037 favored HOU.,"[{""feature"": ""spread_line_clean"", ""label"": ""Closing spread"", ""value"": ""-5.5"", ""direction"": ""BUF"", ""impact"": 1.1126619334511003}, {""feature"": ""diff_season_epa_per_play"", ""label"": ""Season offensive EPA"", ""value"": ""-0.026"", ""direction"": ""BUF"", ""impact"": 0.14561692057060627}, {""feature"": ""diff_season_qb_epa_per_play"", ""label"": ""Season QB EPA"", ""value"": ""-0.037"", ""direction"": ""HOU"", ""impact"": 0.09661036236291068}]",market_elo_form,5291,11
2025_12_CAR_SF,2025,12,SF,CAR,1.0,True,1,0,0,7.5,-395.0,310.0,0.7659021045164341,1,7.5,1,1526.4920271321537,1407.4839446226554,119.00808250949808,0.7313869985689889,0.0889173838379481,-0.0906675614847858,-0.0029632976240747,0.0087657045228511,0.0387437461521121,0.2614428679905211,-0.0536660341141747,0.076945600167725,0.0054369795456382,0.4039531499077388,1.4152526318638188,-1.4476739465779005,2.86292657844172,0.0667911558550513,0.1156125679954534,0.3159912578146429,-0.1816455848982396,0.0278142154449975,-0.0174025252590958,0.0073547868497767,-0.0055290371130339,0.0775330718573549,-0.0274480518090971,0.0055645324398739,-0.001568527457815,0.0592134700312257,0.4389548844109317,0.5594923981770621,15.999999999999996,10.333333333333332,5.666666666666666,0.0,0.3333333333333333,1.13747625830959,0.1065322922364808,0.2484274487745277,0.1070911199667196,0.1149572649572649,0.0689177801267996,0.2778487339077927,0.2193937539148005,-0.0355211079848761,-0.0041742800656212,0.5635283415113687,6.3900123498024906,7.194928740684548,0.743963869134354,0.256036130865646,1,SF,SF,1,SF was projected ahead because the strongest inputs for this specific matchup were: Closing spread +7.5 favored SF; Season QB EPA +0.059 favored CAR; Season offensive EPA +0.028 favored SF.,"[{""feature"": ""spread_line_clean"", ""label"": ""Closing spread"", ""value"": ""+7.5"", ""direction"": ""SF"", ""impact"": 0.7679215580116243}, {""feature"": ""diff_season_qb_epa_per_play"", ""label"": ""Season QB EPA"", ""value"": ""+0.059"", ""direction"": ""CAR"", ""impact"": 0.14554459383594573}, {""feature"": ""diff_season_epa_per_play"", ""label"": ""Season offensive EPA"", ""value"": ""+0.028"", ""direction"": ""SF"", ""impact"": 0.14451179767940234}]",market_elo_form,5291,11
2025_12_CLE_LV,2025,12,LV,CLE,0.0,True,1,-1,0,3.0,-162.0,136.0,0.593369754159424,1,3.0,1,1342.873902949902,1354.9111468992298,-12.03724394932783,0.5615151526075296,0.0184781914219451,-0.1955166339108244,-0.0007676296936657,0.0014539992584545,-0.0730521984155887,-0.0528638506554977,-0.0964505734785298,0.0310818501757513,-0.075581713623866,-0.1747740468317576,2.556747007706182,1.3723233316937176,1.184423676012461,0.0635514018691589,-0.170486965076242,0.3071406085729355,0.0406613911827546,0.0281494081405481,0.0245388345342834,0.0326327184938035,0.0162286930715397,0.0841884891580552,-0.0736545491266341,-0.0058606276487219,-0.0072761739525063,0.0503388424832931,1.2358669590099411,0.5222933116380926,1.0,-3.0,4.0,0.0,-0.3333333333333333,0.3528888202911955,-0.5424925691278029,0.096147999495329,0.0654874275147519,0.1086090103068032,0.0769537289441353,0.1968318840913116,-0.0763442424451584,0.0141435898910981,-0.1342888966565686,0.1513994259615748,4.776763395927763,9.676281275083824,0.6184178169133615,0.3815821830866385,1,LV,CLE,0,LV was projected ahead because the strongest inputs for this specific matchup were: Season offensive EPA +0.028 favored LV; Season QB EPA +0.050 favored CLE; Closing spread +3.0 favored LV.,"[{""feature"": ""diff_season_epa_per_play"", ""label"": ""Season offensive EPA"", ""value"": ""+0.028"", ""direction"": ""LV"", ""impact"": 0.1463050578278008}, {""feature"": ""diff_season_qb_epa_per_play"", ""label"": ""Season QB EPA"", ""value"": ""+0.050"", ""direction"": ""CLE"", ""impact"": 0.12322964202306384}, {""feature"": ""spread_line_clean"", ""label"": ""Closing spread"", ""value"": ""+3.0"", ""direction"": ""LV"", ""impact"": 0.11695034942837337}]",market_elo_form,5291,11
2025_12_IND_KC,2025,12,KC,IND,1.0,True,1,-7,0,3.5,-218.0,180.0,0.6574752261956054,1,3.5,1,1631.1002008666344,1555.6099702252195,75.49023064141466,0.679431873016595,0.1159094083099736,-0.0798516864448717,-0.0047062182393431,-0.0005552374801081,0.0857353724701352,0.2047780032578562,0.1305336473511012,0.0209637741284952,-0.0175878684807256,0.2535853080183112,-0.3330989176858026,-1.373750021440454,1.0406511037546529,0.0198624380370834,0.1832558618205519,0.0413958407759142,0.000476508877532,0.009983576294435,0.00015661691369,-0.007137958408758,-0.0122469623970228,0.0103575143197163,0.0017262611127078,0.0108296627622677,0.0003176683349959,0.003991149781001,0.5437176324993127,2.086287035687293,-7.0,-3.0,-4.0,-0.3333333333333333,1.3333333333333337,-1.1558365249690468,1.1018306265618083,0.0018997161857747,0.0645747554579103,-0.0407994211085087,0.032228742981431,0.1407332803591766,-0.2984501270652623,-0.0461586033014604,-0.019995942404479,-0.003911714618534,-0.80415368419186,2.1054787966480104,0.5825012046055239,0.4174987953944761,1,KC,KC,1,KC was projected ahead because the strongest inputs for this specific matchup were: Closing spread +3.5 favored KC; Rest differential -7 days favored IND; Recent win rate -33.3% favored IND.,"[{""feature"": ""spread_line_clean"", ""label"": ""Closing spread"", ""value"": ""+3.5"", ""direction"": ""KC"", ""impact"": 0.18928048371540124}, {""feature"": ""rest_diff"", ""label"": ""Rest differential"", ""value"": ""-7 days"", ""direction"": ""IND"", ""impact"": 0.09675919080906718}, {""feature"": ""diff_last3_win_pct"", ""label"": ""Recent win rate"", ""value"": ""-33.3%"", ""direction"": ""IND"", ""impact"": 0.08627415532046233}]",market_elo_form,5291,11
2025_12_JAX_ARI,2025,12,ARI,JAX,0.0,True,1,0,0,-2.5,114.0,-135.0,0.448558885283451,1,-2.5,1,1427.194180122207,1480.6632181875184,-53.46903806531145,0.5022032170705989,-0.0113370113562393,-0.1429377597661313,-0.0162718818657807,0.0060265443974954,-0.0675587428947487,0.1189142076184545,-0.1077674995013414,0.0023344635879367,0.0158746647717236,0.0541187594912533,2.2512945590994384,-0.0313977485928695,2.2826923076923076,0.0942401500938086,-0.0121575984990619,0.1065131872753095,-0.1545278879964104,0.0011658318210642,-0.0474946016595883,0.0038126907291834,-0.0034110692799612,0.0150318222918582,-0.0164089068281695,-0.0043324398656452,0.0085276694514857,0.0089056706434012,0.475757505631923,1.7441395746483113,-7.666666666666664,10.333333333333332,-18.0,-0.3333333333333333,-0.6666666666666667,0.9590725670347018,1.2261640160118352,-0.08067901471172,0.1355301338041395,-0.0247104151833341,0.0594837517415808,0.0514947763446618,-0.2743708004714653,0.0160710950184634,0.0135333698772372,-0.1509553113584768,3.5878179451737684,12.294447185253784,0.4240192641820133,0.5759807358179867,0,JAX,JAX,1,JAX was projected ahead because the strongest inputs for this specific matchup were: Closing spread -2.5 favored JAX; Recent win rate -33.3% favored JAX; Recent point differential -18.0 pts/game favored JAX.,"[{""feature"": ""spread_line_clean"", ""label"": ""Closing spread"", ""value"": ""-2.5"", ""direction"": ""JAX"", ""impact"": 0.6786811277289332}, {""feature"": ""diff_last3_win_pct"", ""label"": ""Recent win rate"", ""value"": ""-33.3%"", ""direction"": ""JAX"", ""impact"": 0.08627415532046233}, {""feature"": ""diff_last3_point_diff_pg"", ""label"": ""Recent point differential"", ""value"": ""-18.0 pts/game"", ""direction"": ""JAX"", ""impact"": 0.07568158911113651}]",market_elo_form,5291,11
2025_12_MIN_GB,2025,12,GB,MIN,1.0,True,1,0,1,6.5,-290.0,235.0,0.7135512302607419,1,6.5,1,1607.022575735397,1491.7291692653862,115.2934064700105,0.7271652882496351,0.2348185172309752,-0.0292249587945459,0.0272644487380788,-0.0084358669484698,0.2141201703510319,0.183542540563348,-0.0143766944167313,0.0280151277469672,-0.0126205838204629,0.158308632479263,2.9908991305577146,-0.2572806955538276,3.248179826111543,0.0933501802502296,0.5534565632289531,0.3256625310012921,0.1197796819693408,0.1063652009007039,0.0304386116176817,0.0309129251849025,0.0056284975050587,0.1422707578948432,0.0363252699308127,-0.0114246473880186,0.0011973416675022,0.1776341430307977,0.9498611681619812,5.405721662233642,-5.333333333333334,-7.999999999999998,2.666666666666667,0.0,1.0,0.1653412543905741,0.0503473106414293,0.1765225135170269,0.0652580734323213,0.0450546376148414,-0.0006769374416434,0.3515066249069404,-0.1350443895566189,-0.0053234893554368,-0.0320068498024112,0.3174153249179567,5.879778516609308,-2.7134850333592153,0.7020630401921533,0.29793695980784674,1,GB,GB,1,GB was projected ahead because the strongest inputs for this specific matchup were: Closing spread +6.5 favored GB; Season offensive EPA +0.106 favored GB; Season QB EPA +0.178 favored MIN.,"[{""feature"": ""spread_line_clean"", ""label"": ""Closing spread"", ""value"": ""+6.5"", ""direction"": ""GB"", ""impact"": 0.6232612894375685}, {""feature"": ""diff_season_epa_per_play"", ""label"": ""Season offensive EPA"", ""value"": ""+0.106"", ""direction"": ""GB"", ""impact"": 0.5647547018505696}, {""feature"": ""diff_season_qb_epa_per_play"", ""label"": ""Season QB EPA"", ""value"": ""+0.178"", ""direction"": ""MIN"", ""impact"": 0.4433093842298918}]",market_elo_form,5291,11
2025_12_NE_CIN,2025,12,CIN,NE,0.0,True,1,-3,0,-7.5,310.0,-395.0,0.2340978954835658,1,-7.5,1,1424.9905178147335,1543.4949285834325,-118.5044107686988,0.4096141290167164,0.0866056325453044,-0.0742061363194167,0.0030303666228926,9.525774470702658e-05,0.0339403050422003,0.0293262892874524,0.151800729851749,0.016970841573169,-0.0063529846528411,0.1897135581483977,-4.675497835497836,2.928917748917751,-7.604415584415584,-0.1954978354978355,-0.3883116883116883,-0.3946634932340362,0.1587713974839601,-0.0867114897198269,0.0319275032656891,-0.031433657423909,0.0083839560488451,-0.1069040625199336,-0.060503909707782,0.0085833682462317,-0.0075931018217249,-0.157643453989364,-0.3587923903984905,-0.3461142810659405,4.333333333333336,20.0,-15.666666666666668,-1.0,-0.6666666666666667,0.3177038226374096,1.543261353172686,-0.0193884419307083,0.3039752423230333,0.0324778215670055,0.0746990807330169,-0.1249999376346612,0.0978044643964314,-0.031271084570941,-0.0184343434343434,0.0032646313242635,-4.8253780626657505,-2.293887648745182,0.23206430221048255,0.7679356977895174,0,NE,NE,1,NE was projected ahead because the strongest inputs for this specific matchup were: Closing spread -7.5 favored NE; Season offensive EPA -0.087 favored NE; Season QB EPA -0.158 favored CIN.,"[{""feature"": ""spread_line_clean"", ""label"": ""Closing spread"", ""value"": ""-7.5"", ""direction"": ""NE"", ""impact"": 1.4019824705992119}, {""feature"": ""diff_season_epa_per_play"", ""label"": ""Season offensive EPA"", ""value"": ""-0.087"", ""direction"": ""NE"", ""impact"": 0.4681936274849401}, {""feature"": ""diff_season_qb_epa_per_play"", ""label"": ""Season QB EPA"", ""value"": ""-0.158"", ""direction"": ""CIN"", ""impact"": 0.39973483154529815}]",market_elo_form,5291,11
2025_12_NYG_DET,2025,12,DET,NYG,1.0,True,1,0,0,14.0,-1050.0,675.0,0.8761776581426649,1,14.0,1,1641.0495013536429,1356.9947864953026,284.0547148583403,0.8756379710596598,0.0574994946750027,-0.1437171354423058,0.0016287523233935,0.0017659687841336,-0.0053844907545383,-0.1065323758478554,-0.3922468934237374,-0.0722003174220986,0.0107448107448107,-0.1400230241275548,1.8286746987951792,1.7041149212233542,0.1245597775718256,-0.0243095458758109,-0.1023354958294717,0.1900073505985311,0.2071851562455178,0.0133415283330601,0.0275613917495503,0.006298662737928,0.0171775842671766,0.0373149197070238,-0.0372439298019432,0.0010096630733155,-0.0005266344558147,0.0227587496727898,-0.0224646172284105,1.472925990817623,4.333333333333336,-6.666666666666664,11.0,0.3333333333333333,0.6666666666666667,0.7937534337406458,-1.293325223698358,-0.0699592751160068,-0.2713615156240129,-0.0219650468883203,-0.0923781276766355,0.0046457165156303,-0.2319421173886217,-0.0128305885995308,0.0431757410252033,-0.0696037656138329,-6.432995472601256,5.747440850571616,0.8721404396033915,0.1278595603966085,1,DET,DET,1,DET was projected ahead because the strongest inputs for this specific matchup were: Closing spread +14.0 favored DET; Recent win rate +33.3% favored DET; Recent defensive EPA allowed -0.271 favored DET.,"[{""feature"": ""spread_line_clean"", ""label"": ""Closing spread"", ""value"": ""+14.0"", ""direction"": ""DET"", ""impact"": 1.7082133037429865}, {""feature"": ""diff_last3_win_pct"", ""label"": ""Recent win rate"", ""value"": ""+33.3%"", ""direction"": ""DET"", ""impact"": 0.09427624744847517}, {""feature"": ""diff_last3_epa_per_play_allowed"", ""label"": ""Recent defensive EPA allowed"", ""value"": ""-0.271"", ""direction"": ""DET"", ""impact"": 0.08199805870150467}]",market_elo_form,5291,11
2025_12_NYJ_BAL,2025,12,BAL,NYJ,1.0,True,1,-3,0,14.0,-1050.0,675.0,0.8761776581426649,1,14.0,1,1587.091876626386,1364.2257066042332,222.8661700221528,0.8319521619508663,0.1012861286471002,-0.0498780294249263,0.015237138347953,-0.0018866259518831,0.0824854384114495,-0.0768721927800047,-0.0511322795733658,-0.001934164962638,0.0234788242782888,-0.028910836673116,4.652316662928907,-3.646925319578383,8.299241982507288,0.2033370710921732,0.4849697241533977,0.4501913805508861,-0.1854248322376328,0.0928505037639418,-0.0563400959189019,0.0288703106590153,-0.0099614287797889,0.1273997582057688,0.0541042723344047,-0.0117617223144718,0.0046017049565402,0.1720917203344756,1.511072849673463,0.9363021053960208,-0.6666666666666679,-14.666666666666666,14.0,0.3333333333333333,1.3333333333333333,0.6506135633558721,-0.706072874493926,0.0378212179580938,-0.3651446909756512,0.0316420833504524,-0.1262403021956015,0.0657393376125094,0.0471619408971993,0.0055567002515136,-0.0116594055547544,0.1620613718463256,0.8711738715011927,10.29416190191646,0.8679844720486569,0.13201552795134308,1,BAL,BAL,1,BAL was projected ahead because the strongest inputs for this specific matchup were: Closing spread +14.0 favored BAL; Season offensive EPA +0.093 favored BAL; Season QB EPA +0.172 favored NYJ.,"[{""feature"": ""spread_line_clean"", ""label"": ""Closing spread"", ""value"": ""+14.0"", ""direction"": ""BAL"", ""impact"": 1.7082133037429865}, {""feature"": ""diff_season_epa_per_play"", ""label"": ""Season offensive EPA"", ""value"": ""+0.093"", ""direction"": ""BAL"", ""impact"": 0.49245190971119907}, {""feature"": ""diff_season_qb_epa_per_play"", ""label"": ""Season QB EPA"", ""value"": ""+0.172"", ""direction"": ""NYJ"", ""impact"": 0.42937314919049996}]",market_elo_form,5291,11
2025_12_PHI_DAL,2025,12,DAL,PHI,1.0,True,1,-1,1,-3.0,136.0,-162.0,0.4066302458405761,1,-3.0,1,1471.908953157961,1688.380005943052,-216.47105278509093,0.2830257389996628,0.1606128292185722,-0.0314537506350811,0.0303240040138767,-0.0113845374853981,0.1430130749499073,0.2434003962846801,0.2021425379149534,0.1242409283940757,-0.0341097715072264,0.2710051409209404,0.0819253838452738,0.6283101948241807,-0.5463848109789051,-0.0217327745833739,-0.0365638649431652,0.0814165269606572,0.1706694848372576,0.0054601302045896,0.0256409976910083,0.0076108589744072,0.0149959022043456,0.0286099488451184,-0.0064348737379602,-0.0075517838223544,-0.0010858046125422,0.019551918452834,0.3579469637950062,-1.5253768478197642,3.3333333333333357,17.0,-13.666666666666668,-0.6666666666666667,-1.3333333333333333,0.0800743602776785,0.7452634495177755,-0.0090886621217358,0.2658255104020043,0.0787554685096388,0.1181780403379282,-0.1036158455558111,0.0470299834903274,0.0010025261280189,-0.0229917724578846,0.0522145460080643,1.30800159187771,10.070330921289113,0.36922702249106315,0.6307729775089368,0,PHI,DAL,0,PHI was projected ahead because the strongest inputs for this specific matchup were: Closing spread -3.0 favored PHI; Recent win rate -66.7% favored PHI; Recent defensive EPA allowed +0.266 favored PHI.,"[{""feature"": ""spread_line_clean"", ""label"": ""Closing spread"", ""value"": ""-3.0"", ""direction"": ""PHI"", ""impact"": 0.751011262015961}, {""feature"": ""diff_last3_win_pct"", ""label"": ""Recent win rate"", ""value"": ""-66.7%"", ""direction"": ""PHI"", ""impact"": 0.17654935670493116}, {""feature"": ""diff_last3_epa_per_play_allowed"", ""label"": ""Recent defensive EPA allowed"", ""value"": ""+0.266"", ""direction"": ""PHI"", ""impact"": 0.08134278274585126}]",market_elo_form,5291,11
2025_12_PIT_CHI,2025,12,CHI,PIT,1.0,True,1,0,0,3.0,-155.0,130.0,0.5829926410466066,1,3.0,1,1490.4493454850408,1526.642444450265,-36.19309896522418,0.527038902282404,0.0289336431513669,-0.072865198831527,0.0003222655796087,-0.0004406978239598,-0.0419621289363407,0.3321079433311935,0.2384866009527591,0.077947743795507,-0.0467664449371767,0.3813033274070996,-1.4836156128737734,2.310769230769232,-3.794384843643004,-0.1436932207258617,-0.0423647569048162,-0.3667029382259938,0.3062180015599471,-0.0766102492522187,0.0203205722766605,-0.0242962598785095,0.0169543229520826,-0.1268172860939556,-0.0047076129338897,0.0101229715340872,-0.0122844155987962,-0.1464774924579087,-1.3771378456958776,-2.1395474439915527,6.333333333333332,7.333333333333332,-1.0000000000000004,0.3333333333333333,1.0,1.330680237867421,1.4817601732307626,0.2365959955335433,0.14293748009879,0.0781826915887233,0.0192548980784272,0.2729773293607777,0.1899701756157016,-0.0318204671145848,-0.0294841831952706,0.3392824030334065,-0.3101189669288948,-5.8101385273711985,0.6269624955602787,0.3730375044397213,1,CHI,CHI,1,CHI was projected ahead because the strongest inputs for this specific matchup were: Season offensive EPA -0.077 favored PIT; Season QB EPA -0.146 favored CHI; Closing spread +3.0 favored CHI.,"[{""feature"": ""diff_season_epa_per_play"", ""label"": ""Season offensive EPA"", ""value"": ""-0.077"", ""direction"": ""PIT"", ""impact"": 0.4141526169844078}, {""feature"": ""diff_season_qb_epa_per_play"", ""label"": ""Season QB EPA"", ""value"": ""-0.146"", ""direction"": ""CHI"", ""impact"": 0.3716583976698323}, {""feature"": ""spread_line_clean"", ""label"": ""Closing spread"", ""value"": ""+3.0"", ""direction"": ""CHI"", ""impact"": 0.11695034942837337}]",market_elo_form,5291,11
2025_12_SEA_TEN,2025,12,TEN,SEA,0.0,True,1,0,0,-12.5,625.0,-950.0,0.1322834645669291,1,-12.5,1,1264.8485260781574,1623.908741719696,-359.06021564153843,0.1480079383343789,0.0574590871057304,-0.0982670578620315,-0.0069945461992575,0.0073373549486501,-0.0007032721037785,0.1092839369568462,-0.104109117114082,-0.0509449603681108,0.037885628583303,-0.0779635488508395,-2.582734716206158,1.9835795062193424,-4.566314222425498,-0.1071412557059198,-0.2012340032464329,-0.169979404307889,0.0939167717234692,-0.0388723079197788,0.033619281044982,-0.0120331656770005,0.0086638780266844,-0.0689752401033584,-0.0154997000381514,-0.0039612303850763,-0.0025665457041566,-0.0674764973978513,-1.719062303710128,-4.05696670277304,-18.0,8.0,-26.0,-0.6666666666666666,2.0,-2.226323352210109,1.376269898073132,-0.2394018870055692,0.298731948318866,-0.1616073641558119,0.0587212152358762,-0.4130005107947436,-0.2133170703264877,0.0806428713405457,0.0398240057814526,-0.5325502228747272,-8.177035001466528,8.435077607060437,0.14292714318307684,0.8570728568169231,0,SEA,SEA,1,SEA was projected ahead because the strongest inputs for this specific matchup were: Closing spread -12.5 favored SEA; Season offensive EPA -0.039 favored SEA; Recent win rate -66.7% favored SEA.,"[{""feature"": ""spread_line_clean"", ""label"": ""Closing spread"", ""value"": ""-12.5"", ""direction"": ""SEA"", ""impact"": 2.1252838134694905}, {""feature"": ""diff_season_epa_per_play"", ""label"": ""Season offensive EPA"", ""value"": ""-0.039"", ""direction"": ""SEA"", ""impact"": 0.21225696957806986}, {""feature"": ""diff_last3_win_pct"", ""label"": ""Recent win rate"", ""value"": ""-66.7%"", ""direction"": ""SEA"", ""impact"": 0.17654935670493113}]",market_elo_form,5291,11
2025_12_TB_LA,2025,12,LA,TB,1.0,True,1,0,0,7.0,-375.0,295.0,0.7571884984025559,1,7.0,1,1654.2214602623585,1536.6629604624995,117.55849979985896,0.7297444819017235,0.0906157422320116,-0.085857777947889,0.0126900514589252,-0.0015522030497304,0.0556980212336602,0.2455998333917871,0.1363659548448718,0.1207804420145866,-0.0084201848907731,0.4475634989111977,1.753799392097264,-1.5883503083951034,3.3421497004923655,0.137986810999129,0.2895358964787856,0.1365014795378787,-0.1824165233504509,0.0245668037916571,-0.0384869930598435,0.0209370380666192,-0.0125383287882455,0.0089114227222835,0.0551075313670044,0.0010384598832076,0.0128332926676206,0.0454718612200794,-0.7667998590153768,-1.154426683936059,6.333333333333336,-6.666666666666668,13.0,0.6666666666666667,1.0,0.859374964668655,-0.4827551354478299,0.1902942327336019,-0.1194435986010536,0.1038555850143607,0.0401138923901343,0.2508548275998606,0.1101235208050718,-0.0327588092293974,-0.0237037037037037,0.4752697380160435,3.472186570153762,8.327163035472502,0.7482739894881394,0.2517260105118606,1,LA,LA,1,LA was projected ahead because the strongest inputs for this specific matchup were: Closing spread +7.0 favored LA; Recent win rate +66.7% favored LA; Season offensive EPA +0.025 favored LA.,"[{""feature"": ""spread_line_clean"", ""label"": ""Closing spread"", ""value"": ""+7.0"", ""direction"": ""LA"", ""impact"": 0.6955914237245964}, {""feature"": ""diff_last3_win_pct"", ""label"": ""Recent win rate"", ""value"": ""+66.7%"", ""direction"": ""LA"", ""impact"": 0.18455144883294394}, {""feature"": ""diff_season_epa_per_play"", ""label"": ""Season offensive EPA"", ""value"": ""+0.025"", ""direction"": ""LA"", ""impact"": 0.12713834658490783}]",market_elo_form,5291,11
2025_13_ARI_TB,2025,13,TB,ARI,1.0,True,1,0,0,4.5,-198.0,164.0,0.6369041816941223,1,4.5,1,1519.9619801154006,1413.2604539973888,106.70152611801176,0.7172434025911452,0.1043580007329497,-0.115991175831671,-0.0056442194924546,-0.009382801761784,0.0328858361283718,-0.2394861830998099,0.0343639330634747,-0.086393892112575,-0.01003256003256,-0.1812334471814148,0.0844984802431589,-0.3113475177304963,0.3958459979736575,-0.010472506217187,0.0505204015842313,0.1816816354474797,0.1234528442119557,0.036494541371303,0.0249168680160022,0.0072138382198609,0.0032054818744369,0.0681107196296002,-0.0206093349874661,-0.0069378522536719,-0.0070044145270072,0.0528422076385097,0.689988086039911,0.2480934762553616,-2.0,-2.0,0.0,0.0,0.0,-0.3549660863039134,0.7800390106192854,0.0309869787781571,0.1207056291056396,-0.0079976102459935,-0.0511076387049692,-0.1232574825860038,0.3505694203831481,-0.00811667930312,-0.0475986975986975,0.014606379956747,-5.551798986540076,-12.40201464674094,0.6672268753521375,0.33277312464786246,1,TB,TB,1,TB was projected ahead because the strongest inputs for this specific matchup were: Closing spread +4.5 favored TB; Season offensive EPA +0.036 favored TB; Season QB EPA +0.053 favored ARI.,"[{""feature"": ""spread_line_clean"", ""label"": ""Closing spread"", ""value"": ""+4.5"", ""direction"": ""TB"", ""impact"": 0.3323312265333092}, {""feature"": ""diff_season_epa_per_play"", ""label"": ""Season offensive EPA"", ""value"": ""+0.036"", ""direction"": ""TB"", ""impact"": 0.19089262060328144}, {""feature"": ""diff_season_qb_epa_per_play"", ""label"": ""Season QB EPA"", ""value"": ""+0.053"", ""direction"": ""ARI"", ""impact"": 0.13014142763528927}]",market_elo_form,5305,12
2025_13_ATL_NYJ,2025,13,NYJ,ATL,1.0,True,1,0,0,-3.0,140.0,-166.0,0.4003612281757977,1,-3.0,1,1356.3505974073848,1424.436933851964,-68.08633644457905,0.481176148883858,-0.0568141702525495,-0.1363694538820631,-0.0434071532087487,0.0189125885254253,-0.121380819807784,-0.1378623032112635,-0.2578685806189027,-0.094793704060119,-0.0103221125279948,-0.3874684232316591,-3.571055624965038,-0.3445279430137802,-3.2265276819512563,-0.0875212113301135,-0.3325283905495366,-0.6046764703940202,-0.447598664675259,-0.09247457844086,-0.0308134555804839,-0.0382535690208447,-0.0297671102119136,-0.1444778168220002,0.0006148048235817,0.0145420901920516,0.0089028987912588,-0.160690984066764,-1.8942786964163223,-2.2252228348597765,-8.333333333333332,-0.3333333333333357,-8.0,0.0,-1.3333333333333333,-0.8946095286855051,-1.189660664804089,-0.1456630542576108,0.0498983289332483,-0.1097411258084795,-0.0559264504560233,-0.1453488900711009,-0.2469170809020079,0.0424022464463641,-0.0554210076463484,-0.3436885169319834,-0.1834108462257071,-5.575613487143985,0.39099111882004056,0.6090088811799594,0,ATL,NYJ,0,ATL was projected ahead because the strongest inputs for this specific matchup were: Closing spread -3.0 favored ATL; Season offensive EPA -0.092 favored ATL; Season QB EPA -0.161 favored NYJ.,"[{""feature"": ""spread_line_clean"", ""label"": ""Closing spread"", ""value"": ""-3.0"", ""direction"": ""ATL"", ""impact"": 0.7472432897709069}, {""feature"": ""diff_season_epa_per_play"", ""label"": ""Season offensive EPA"", ""value"": ""-0.092"", ""direction"": ""ATL"", ""impact"": 0.49926930898509914}, {""feature"": ""diff_season_qb_epa_per_play"", ""label"": ""Season QB EPA"", ""value"": ""-0.161"", ""direction"": ""NYJ"", ""impact"": 0.40974820755674524}]",market_elo_form,5305,12
2025_13_BUF_PIT,2025,13,PIT,BUF,0.0,True,1,-3,0,-3.0,140.0,-166.0,0.4003612281757977,1,-3.0,1,1513.6403281734836,1601.1981594096046,-87.55783123612105,0.4532821833014037,0.1290276339260657,-0.0935355745879583,0.0042450267709566,-0.0005379047667843,0.0783457675668053,-0.1668086037423711,-0.0825088292817768,0.0234285803425116,0.0495968084203378,-0.1445976684468287,0.1008947030726439,-1.7626363441933393,1.863531047265987,0.0854245383902473,-0.0665324017965352,0.0636999000469753,-0.1547426189311496,0.0161548888481331,-0.0260657422076638,0.0023957400102368,-0.020571782675491,0.0535801187018196,-0.0446017108174989,2.9577001171260383e-05,0.0099004386393611,0.0367090265085476,0.8400484279752202,1.4189778822419048,-1.333333333333332,-5.666666666666664,4.333333333333333,0.0,0.6666666666666667,-1.1658857187696512,-0.9208810812532616,-0.0683101105007459,-0.197622954802236,0.0271604149712267,-0.0455476817004817,-0.150804701980169,0.1226606148424656,-0.0214152370597927,0.0492819474526791,-0.141193245582312,-2.0271492621684892,-5.061186438394021,0.38095042550444264,0.6190495744955573,0,BUF,BUF,1,BUF was projected ahead because the strongest inputs for this specific matchup were: Closing spread -3.0 favored BUF; Season QB EPA +0.037 favored BUF; Season offensive EPA +0.016 favored PIT.,"[{""feature"": ""spread_line_clean"", ""label"": ""Closing spread"", ""value"": ""-3.0"", ""direction"": ""BUF"", ""impact"": 0.7472432897709069}, {""feature"": ""diff_season_qb_epa_per_play"", ""label"": ""Season QB EPA"", ""value"": ""+0.037"", ""direction"": ""BUF"", ""impact"": 0.08935087322459934}, {""feature"": ""diff_season_epa_per_play"", ""label"": ""Season offensive EPA"", ""value"": ""+0.016"", ""direction"": ""PIT"", ""impact"": 0.0820475431692938}]",market_elo_form,5305,12
2025_13_CHI_PHI,2025,13,PHI,CHI,0.0,True,1,0,0,7.0,-340.0,270.0,0.740871613663133,1,7.0,1,1666.9266708977802,1503.4514617618222,163.47520913595804,0.7786203377335781,0.1264146325070972,-0.0306798432747949,0.0163191665477245,0.0030857174220957,0.1181685096330165,0.0941985774045039,-0.1732741331144492,-0.0899277172678705,-0.0321109689187002,-0.1496490207207425,3.552147239263803,-0.3252968822875175,3.877444121551322,0.1126896997093962,0.015767947476052,0.5130636098108639,-0.1648336439885822,0.0944966313087186,-0.0054514682861759,0.0331813050740051,-0.0061649317570403,0.1177573113881264,0.0625219635311407,-0.0086241346467296,0.0069142385062636,0.180348154362496,0.8383929855895818,2.7810873002350025,-9.000000000000002,-8.333333333333334,-0.6666666666666665,-0.3333333333333333,-0.3333333333333333,-0.761855969203209,0.1201853095331353,-0.0918067347970446,-0.1451981696925559,-0.0991162061298669,-0.0576136384832036,-0.0137925835282339,-0.1727379527531873,-0.0090229013709883,-0.0005843255317747,-0.1894825892069548,3.0931525520412997,0.1506253087821814,0.6991588400576769,0.3008411599423231,1,PHI,CHI,0,PHI was projected ahead because the strongest inputs for this specific matchup were: Closing spread +7.0 favored PHI; Season offensive EPA +0.094 favored PHI; Season QB EPA +0.180 favored CHI.,"[{""feature"": ""spread_line_clean"", ""label"": ""Closing spread"", ""value"": ""+7.0"", ""direction"": ""PHI"", ""impact"": 0.6921893986347146}, {""feature"": ""diff_season_epa_per_play"", ""label"": ""Season offensive EPA"", ""value"": ""+0.094"", ""direction"": ""PHI"", ""impact"": 0.5012834674173747}, {""feature"": ""diff_season_qb_epa_per_play"", ""label"": ""Season QB EPA"", ""value"": ""+0.180"", ""direction"": ""CHI"", ""impact"": 0.4525228734043491}]",market_elo_form,5305,12
2025_13_CIN_BAL,2025,13,BAL,CIN,0.0,True,1,0,1,7.0,-375.0,295.0,0.7571884984025559,1,7.0,1,1594.9669858232344,1409.4963218986352,185.4706639245992,0.7996743700610301,0.0869110779402822,-0.0646864426400135,-0.0065335236835304,0.0048263524207584,0.0678700539054623,-0.255876974291032,-0.169020002738652,-0.068997519185155,0.0415987818395722,-0.2319254666916017,1.9798180285252585,-3.3073139886180023,5.287132017143259,0.130216749806787,0.1359692264455842,0.1876033924798514,-0.506462812860403,0.0285203322900339,-0.071424174994412,-0.0011451018483419,-0.0317049816506483,0.0333721136135647,0.0411137637923743,-0.0028408180346953,0.0114520792727531,0.066654599038917,-0.2442459429098647,-3.774550990856983,-0.3333333333333357,-20.666666666666664,20.333333333333336,1.0,2.3333333333333335,-0.6949326576134682,-1.5951547360551783,0.0290897673485145,-0.4491326832678813,-0.0056415743976015,-0.1601331232475854,0.0660648263718788,0.0231628297571107,0.0385517610397764,0.0331964059905236,0.0079294854269357,-0.655123534265158,-3.542348624100458,0.7129710821240167,0.2870289178759833,1,BAL,CIN,0,BAL was projected ahead because the strongest inputs for this specific matchup were: Closing spread +7.0 favored BAL; Recent win rate +100.0% favored BAL; Season QB EPA +0.067 favored CIN.,"[{""feature"": ""spread_line_clean"", ""label"": ""Closing spread"", ""value"": ""+7.0"", ""direction"": ""BAL"", ""impact"": 0.6921893986347146}, {""feature"": ""diff_last3_win_pct"", ""label"": ""Recent win rate"", ""value"": ""+100.0%"", ""direction"": ""BAL"", ""impact"": 0.2705494048762407}, {""feature"": ""diff_season_qb_epa_per_play"", ""label"": ""Season QB EPA"", ""value"": ""+0.067"", ""direction"": ""CIN"", ""impact"": 0.16506418083699365}]",market_elo_form,5305,12
2025_13_DEN_WAS,2025,13,WAS,DEN,0.0,True,1,0,0,-6.5,250.0,-310.0,0.2742474916387959,1,-6.5,1,1448.7292726030464,1645.348277139094,-196.61900453604767,0.306778300584992,0.0622022859950214,-0.0844733930661789,0.0073751595532045,0.0002946860405747,0.0076001551284784,0.3639350629387539,0.0856597135597023,0.1263150631540231,-0.0327165519478083,0.2490664195540045,-1.693047034764824,1.8040713887339663,-3.4971184234987915,-0.1163413273842721,-0.053746049451571,-0.1147331350774321,0.3800870580274518,-0.0196815624869913,0.0498909037315643,-0.0021263318047498,0.0197971226518954,-0.0229245569063558,-0.0008722904117109,0.0109401167383253,-0.0048385649896466,-0.0226793853513702,0.0255155275692432,-0.2799974148086549,-0.3333333333333357,19.0,-19.333333333333332,-1.0,0.0,0.552276810392482,3.477863057461871,0.1731963217171084,0.459496785611022,0.1002588742793963,0.2260620563313004,0.3126945918049714,0.1001661246681451,0.0263875446294145,-0.0624415538648392,0.3565522182344784,5.183680421655991,-10.434741505985084,0.2753728406480565,0.7246271593519436,0,DEN,DEN,1,DEN was projected ahead because the strongest inputs for this specific matchup were: Closing spread -6.5 favored DEN; Recent win rate -100.0% favored DEN; Recent defensive EPA allowed +0.459 favored DEN.,"[{""feature"": ""spread_line_clean"", ""label"": ""Closing spread"", ""value"": ""-6.5"", ""direction"": ""DEN"", ""impact"": 1.2510447307128743}, {""feature"": ""diff_last3_win_pct"", ""label"": ""Recent win rate"", ""value"": ""-100.0%"", ""direction"": ""DEN"", ""impact"": 0.2625933010337263}, {""feature"": ""diff_last3_epa_per_play_allowed"", ""label"": ""Recent defensive EPA allowed"", ""value"": ""+0.459"", ""direction"": ""DEN"", ""impact"": 0.1322296591159227}]",market_elo_form,5305,12
2025_13_GB_DET,2025,13,DET,GB,0.0,True,1,0,1,2.5,-155.0,130.0,0.5829926410466066,1,2.5,1,1645.5309160224972,1621.6613224422958,23.869593580201354,0.6115921938797209,0.076461963999466,-0.1214210900396234,-0.0005632662915956,-0.0060029400001815,0.014870840699289,0.199088485520581,0.3272324804279903,0.0942005304537276,-0.0478222119632472,0.3308457336597782,-2.664719480750424,3.4605672623810797,-6.125286743131502,-0.2000444562994576,-0.7085889570552147,-0.2378183961403959,0.2908815793853874,-0.0966314852196396,0.0473954107628973,-0.0224029370628364,0.0145637863532427,-0.1295708221319401,-0.0627924342760859,0.0040612834700438,-0.0084238678198216,-0.1697646613676379,-1.8165027620561456,-2.4790646459419965,10.0,9.666666666666668,0.333333333333333,0.0,-0.6666666666666666,2.341083653487745,0.9638267556345036,0.0071839712541102,0.1510190082845786,0.0329616036137775,0.0072285228454525,-0.1506465370478841,0.2179103223544666,-0.0201515239660446,-0.0441809882670098,0.0409569414132304,-4.808440125123855,7.2006770022925695,0.5669662472219215,0.43303375277807854,1,DET,GB,0,DET was projected ahead because the strongest inputs for this specific matchup were: Season offensive EPA -0.097 favored GB; Season QB EPA -0.170 favored DET; Division matchup Yes favored GB.,"[{""feature"": ""diff_season_epa_per_play"", ""label"": ""Season offensive EPA"", ""value"": ""-0.097"", ""direction"": ""GB"", ""impact"": 0.5215144697471482}, {""feature"": ""diff_season_qb_epa_per_play"", ""label"": ""Season QB EPA"", ""value"": ""-0.170"", ""direction"": ""DET"", ""impact"": 0.43268976661225983}, {""feature"": ""div_game"", ""label"": ""Division matchup"", ""value"": ""Yes"", ""direction"": ""GB"", ""impact"": 0.06289051947897027}]",market_elo_form,5305,12
2025_13_HOU_IND,2025,13,IND,HOU,0.0,True,1,-3,1,3.0,-170.0,142.0,0.6037569709421778,1,3.0,1,1547.2195988081896,1573.372021110931,-26.152422302741343,0.5414198626138954,0.1163703711265602,-0.0711242868467216,0.0226951492957041,-0.0139590744879744,0.0921722835477913,0.0848239090090774,0.3276363519414942,0.1005436303009147,-0.0443837600814344,0.1607704123020422,2.2506707891323288,-0.0242283703822181,2.274899159514544,0.099578868809638,0.0313094159248005,0.1414073351287159,0.0612928577489988,0.0546457825525375,0.0109890203859885,0.0269783428394078,0.0205685122257006,0.0517109975204428,0.0379960760074225,-0.0161808403787153,-0.0023926879364716,0.0940486016657849,-0.1280434457491428,2.222527897634772,-1.333333333333332,4.666666666666668,-6.0,-0.6666666666666667,-2.6666666666666665,0.7318387204757633,0.53812978229741,0.012229333725564,0.1256380111557945,0.0324288186680259,0.0741417494009663,-0.0505700449203258,0.2188709332314273,0.0471956738852859,-0.0518866738343482,0.0529600674203364,0.7757814523066879,6.476134229478657,0.5579915409979553,0.44200845900204466,1,IND,HOU,0,IND was projected ahead because the strongest inputs for this specific matchup were: Season offensive EPA +0.055 favored IND; Season QB EPA +0.094 favored HOU; Recent win rate -66.7% favored HOU.,"[{""feature"": ""diff_season_epa_per_play"", ""label"": ""Season offensive EPA"", ""value"": ""+0.055"", ""direction"": ""IND"", ""impact"": 0.2880266915832978}, {""feature"": ""diff_season_qb_epa_per_play"", ""label"": ""Season QB EPA"", ""value"": ""+0.094"", ""direction"": ""HOU"", ""impact"": 0.23432619095616367}, {""feature"": ""diff_last3_win_pct"", ""label"": ""Recent win rate"", ""value"": ""-66.7%"", ""direction"": ""HOU"", ""impact"": 0.17373618338206512}]",market_elo_form,5305,12
2025_13_JAX_TEN,2025,13,TEN,JAX,0.0,True,1,0,1,-6.0,220.0,-270.0,0.299837925445705,1,-6.0,1,1259.7877665596566,1494.5969443123363,-234.80917775267991,0.2621033600227467,0.0085023344385583,-0.1480409463451421,-0.0191604387255679,0.0131757284351506,-0.0498756225523794,0.1775179831019759,-0.2401287897442655,-0.0663912461498035,0.022984331392624,-0.0663219102852215,1.0068270237917112,-0.7882126290588047,1.7950396528505164,0.0953351788119108,0.1382986682627561,0.1313137571627747,-0.1554245385407124,0.014854317940262,-0.0149284006204282,0.0008258546307521,-0.0032924086709013,0.0350031431609967,-0.0216513737159859,0.0028975405333692,0.0031710379582275,0.0269354438441362,0.871377860173054,-3.602857120391141,-11.333333333333332,2.333333333333332,-13.666666666666668,-0.6666666666666666,1.6666666666666667,-0.8031613940306239,1.4661070072387536,-0.0801234175736025,0.254981525121826,-0.1086442892120975,0.0696143629435673,0.0513647761038019,-0.299257487444228,0.0221280528257272,0.0137763241110558,-0.1796657577271856,1.070586134965645,1.6591994503800658,0.2672173231051917,0.7327826768948082,0,JAX,JAX,1,JAX was projected ahead because the strongest inputs for this specific matchup were: Closing spread -6.0 favored JAX; Recent win rate -66.7% favored JAX; Season offensive EPA +0.015 favored TEN.,"[{""feature"": ""spread_line_clean"", ""label"": ""Closing spread"", ""value"": ""-6.0"", ""direction"": ""JAX"", ""impact"": 1.1790730962925933}, {""feature"": ""diff_last3_win_pct"", ""label"": ""Recent win rate"", ""value"": ""-66.7%"", ""direction"": ""JAX"", ""impact"": 0.17373618338206512}, {""feature"": ""diff_season_epa_per_play"", ""label"": ""Season offensive EPA"", ""value"": ""+0.015"", ""direction"": ""TEN"", ""impact"": 0.07508770248301055}]",market_elo_form,5305,12
2025_13_KC_DAL,2025,13,DAL,KC,1.0,True,1,0,0,-3.5,154.0,-185.0,0.3775334481388264,1,-3.5,1,1493.3622882032323,1639.4905722836645,-146.12828408043197,0.3717827025059301,0.1322277913887544,-0.0604049669323348,0.0165640797647394,-0.0041631599733766,0.1141292536599679,0.0079318994837855,-0.1185772178152425,0.0210936285281538,0.004218427088478,-0.0110443358951068,1.508228880941633,1.185323426269921,0.3229054546717127,-0.0305371341272873,-0.2399656261935349,0.1536068909953272,-0.0412054733504305,0.0007232108302882,-0.0025836666437972,0.0087548849924374,0.0011146142912927,0.0160232515275417,0.0200403799092813,-0.0035023584192016,0.0060973682471888,0.0284950495009766,0.4016795658435121,-3.3901577510285015,3.666666666666668,-2.0,5.666666666666667,0.3333333333333333,-0.3333333333333335,0.9579933222206228,-0.8677038547900446,-0.0578180454917087,-0.0792002331913794,0.0345603865523835,-0.0250149152819243,-0.0477655044330465,-0.0179396334367203,-0.0164796901253186,0.0304143714483233,-0.0313941956624347,2.661612839896967,-1.4793373160889154,0.3886352220931287,0.6113647779068714,0,KC,DAL,0,KC was projected ahead because the strongest inputs for this specific matchup were: Closing spread -3.5 favored KC; Recent win rate +33.3% favored DAL; Season QB EPA +0.028 favored KC.,"[{""feature"": ""spread_line_clean"", ""label"": ""Closing spread"", ""value"": ""-3.5"", ""direction"": ""KC"", ""impact"": 0.819214924191188}, {""feature"": ""diff_last3_win_pct"", ""label"": ""Recent win rate"", ""value"": ""+33.3%"", ""direction"": ""DAL"", ""impact"": 0.09283516957291837}, {""feature"": ""diff_season_qb_epa_per_play"", ""label"": ""Season QB EPA"", ""value"": ""+0.028"", ""direction"": ""KC"", ""impact"": 0.06858294944339102}]",market_elo_form,5305,12
2025_13_LA_CAR,2025,13,CAR,LA,1.0,True,1,-1,0,-10.0,425.0,-575.0,0.182741116751269,1,-10.0,1,1395.1128653119758,1670.9224406094577,-275.8095752974816,0.2190720721965313,0.044719725610679,-0.0286800147603683,-0.0013100343607645,-0.0038729597305264,0.0129288662421328,0.0870011611490117,-0.0588680472050639,-0.0555033533294402,0.0345204178537512,-0.090495625819844,-3.158749290981284,1.4104509359047055,-4.5692002268859895,-0.1420873511060692,-0.2805587067498581,-0.3539002456222606,0.0847040195555264,-0.0482726571111856,0.0342370820913911,-0.0275960569154682,0.0091533334363153,-0.0870640517981506,0.017023772155469,0.0108211105318419,-0.0071514801564561,-0.0836935336527489,-0.2242934717560291,-2.803474908955734,-17.0,4.0,-21.0,-0.6666666666666667,-2.3333333333333335,-0.7737172615012167,0.7706658785942677,-0.2449980796935827,0.2333040012188051,-0.1186008866043882,0.0037391139692929,-0.2331900529277872,-0.2156645019551283,0.0479981813315146,-0.0102406554019457,-0.4834475644991787,0.3484078025319441,-7.297137170733033,0.18637111312089286,0.8136288868791072,0,LA,CAR,0,LA was projected ahead because the strongest inputs for this specific matchup were: Closing spread -10.0 favored LA; Season offensive EPA -0.048 favored LA; Season QB EPA -0.084 favored CAR.,"[{""feature"": ""spread_line_clean"", ""label"": ""Closing spread"", ""value"": ""-10.0"", ""direction"": ""LA"", ""impact"": 1.7548461716548418}, {""feature"": ""diff_season_epa_per_play"", ""label"": ""Season offensive EPA"", ""value"": ""-0.048"", ""direction"": ""LA"", ""impact"": 0.26272831870127744}, {""feature"": ""diff_season_qb_epa_per_play"", ""label"": ""Season QB EPA"", ""value"": ""-0.084"", ""direction"": ""CAR"", ""impact"": 0.21507062566532673}]",market_elo_form,5305,12
2025_13_LV_LAC,2025,13,LAC,LV,1.0,True,1,7,1,10.0,-600.0,440.0,0.8223350253807106,1,10.0,1,1519.0904573068071,1311.8559434997012,207.2345138071059,0.8189935001203067,0.0944338388832894,-0.153381417720966,-0.0019549821611786,0.0035333949690449,0.0510203028134785,-0.0625493923942359,0.0343272533286253,0.0299811831061832,0.0762995582848523,-0.147150467263101,2.3852040816326543,-2.7659438775510203,5.151147959183674,0.1211734693877551,0.6413690476190477,0.2879195191602628,-0.0072179074067326,0.0856944649291646,-0.0448164988369018,0.0144549685652858,-0.0089060005537253,0.1010718103785134,0.0672399776968166,-0.0064699262392224,0.0124315309871867,0.1505600100120225,0.7728279719996591,2.331842626469536,8.333333333333332,-0.6666666666666643,9.0,0.6666666666666666,0.3333333333333333,0.7461443521534004,-0.3924325195367331,0.144843323159226,-0.0365183989139296,0.0739779421132686,0.0160338129308794,0.1386118326935678,0.1969796009650696,-0.0196788330716901,0.0327946563240681,0.2212399917904993,-1.378013104380554,-0.2939620343178639,0.828131687021118,0.17186831297888205,1,LAC,LAC,1,LAC was projected ahead because the strongest inputs for this specific matchup were: Closing spread +10.0 favored LAC; Season offensive EPA +0.086 favored LAC; Season QB EPA +0.151 favored LV.,"[{""feature"": ""spread_line_clean"", ""label"": ""Closing spread"", ""value"": ""+10.0"", ""direction"": ""LAC"", ""impact"": 1.124019205156401}, {""feature"": ""diff_season_epa_per_play"", ""label"": ""Season offensive EPA"", ""value"": ""+0.086"", ""direction"": ""LAC"", ""impact"": 0.4541797875448691}, {""feature"": ""diff_season_qb_epa_per_play"", ""label"": ""Season QB EPA"", ""value"": ""+0.151"", ""direction"": ""LV"", ""impact"": 0.3772076015349425}]",market_elo_form,5305,12
2025_13_MIN_SEA,2025,13,SEA,MIN,1.0,True,1,0,0,12.5,-900.0,600.0,0.863013698630137,1,12.5,1,1628.9695012381967,1477.090422558487,151.87907867970966,0.7669005073010455,0.1435812306198344,-0.0653550928958068,0.0010432912941296,0.0073578220577214,0.0843691549850338,0.1743804815085696,0.0322994251127565,0.0225386592009884,-0.0042246243226635,0.1301075424882542,0.6552897395002653,-1.120574162679425,1.7758639021796916,0.0459330143540669,0.2215311004784688,0.0617413342166948,-0.0452288406959446,0.0287424750675922,0.0165154763606487,0.0049592547575362,-0.0042274057174435,0.0533325227674297,0.0005680342623268,0.0038983005487975,-0.0037821037780614,0.0504250413613898,1.1180267879934425,1.565594213974602,17.0,-0.6666666666666679,17.666666666666664,0.6666666666666666,-0.3333333333333335,1.7235643371785194,-0.0696271840263884,0.280699165443897,-0.1393975564504851,0.0963616905582664,-0.0804955499096511,0.5362831820115919,0.0402152312093548,-0.0356244064577397,0.0147583679936621,0.5561205905796107,7.278626182713597,-4.606003849369772,0.8590430596694903,0.14095694033050965,1,SEA,SEA,1,SEA was projected ahead because the strongest inputs for this specific matchup were: Closing spread +12.5 favored SEA; Recent win rate +66.7% favored SEA; Season offensive EPA +0.029 favored SEA.,"[{""feature"": ""spread_line_clean"", ""label"": ""Closing spread"", ""value"": ""+12.5"", ""direction"": ""SEA"", ""impact"": 1.4838773772578064}, {""feature"": ""diff_last3_win_pct"", ""label"": ""Recent win rate"", ""value"": ""+66.7%"", ""direction"": ""SEA"", ""impact"": 0.18169228722457956}, {""feature"": ""diff_season_epa_per_play"", ""label"": ""Season offensive EPA"", ""value"": ""+0.029"", ""direction"": ""SEA"", ""impact"": 0.14940841844497887}]",market_elo_form,5305,12
2025_13_NO_MIA,2025,13,MIA,NO,1.0,True,1,7,0,5.5,-250.0,205.0,0.6853932584269663,1,5.5,1,1465.76405897956,1334.432921653649,131.3311373259112,0.7450926159377245,0.0417099859556157,-0.1228578441835881,-2.9172271429789287e-05,0.0049914147170027,-0.0263123683083459,0.1830537541659046,-0.0546012273803262,-0.0151989906980833,-0.0234094628809035,0.1921876463048547,-5.530913681261978,0.1945304437564523,-5.725444125018429,-0.1164399970514521,-0.1515737874097008,-0.5782094339796213,-0.1080870976500758,-0.0895694220990893,0.0182712706327524,-0.0352713381737053,0.0043458070038118,-0.1153335996139083,-0.0584864106387832,0.0229329284008312,0.002284749112742,-0.1667016818294526,-1.349733671846926,-1.0270654866054232,4.999999999999998,-3.666666666666668,8.666666666666668,0.3333333333333333,-0.3333333333333333,0.8826841629080961,0.9979430919460884,0.1499729079989443,0.1162990550934752,0.0677474820250454,0.0183925131451367,0.1297357026589881,0.2409551358281216,-0.0075387149861202,-0.0263761191874458,0.3472685813945774,0.985187632020188,-1.6885386726255849,0.7125415624294519,0.2874584375705481,1,MIA,MIA,1,MIA was projected ahead because the strongest inputs for this specific matchup were: Season offensive EPA -0.090 favored NO; Closing spread +5.5 favored MIA; Season QB EPA -0.167 favored MIA.,"[{""feature"": ""diff_season_epa_per_play"", ""label"": ""Season offensive EPA"", ""value"": ""-0.090"", ""direction"": ""NO"", ""impact"": 0.4837227323354902}, {""feature"": ""spread_line_clean"", ""label"": ""Closing spread"", ""value"": ""+5.5"", ""direction"": ""MIA"", ""impact"": 0.47627449537387134}, {""feature"": ""diff_season_qb_epa_per_play"", ""label"": ""Season QB EPA"", ""value"": ""-0.167"", ""direction"": ""MIA"", ""impact"": 0.4249454394083}]",market_elo_form,5305,12
2025_13_NYG_NE,2025,13,NE,NYG,1.0,True,1,0,0,7.0,-375.0,295.0,0.7571884984025559,1,7.0,1,1558.989124499531,1352.5133718264483,206.47575267308275,0.8183451042650183,0.1589749547706542,-0.0494182859924342,0.0329123413817764,-0.0062621997690612,0.1563977757270076,0.0491164704701793,-0.2538098925581561,-0.0466587216346485,-0.0186627593604337,0.0034093491851423,5.403788403788404,-4.001232001232001,9.405020405020403,0.2337722337722338,0.5496265496265496,0.3251070724199678,-0.1404907723826189,0.1011995156346965,-0.0351494355441273,0.0379344479197272,-0.0015015946104278,0.1378260025654388,0.0579192448176243,-0.0068837225311398,0.0022036504855435,0.1840752745911933,1.286653885476593,2.3226984806710345,4.666666666666668,-9.333333333333332,14.0,1.0,0.6666666666666667,0.3725443337441758,-1.400681776674106,0.0290556797852943,-0.2469273307021056,0.0416628528390922,-0.0202454065965458,0.0085630666413666,-0.0093799085932471,-0.0342448600138022,-0.0016892713343141,0.0105800649603784,1.0986166393620054,13.631455307215733,0.7617854832653548,0.23821451673464522,1,NE,NE,1,NE was projected ahead because the strongest inputs for this specific matchup were: Closing spread +7.0 favored NE; Season offensive EPA +0.101 favored NE; Season QB EPA +0.184 favored NYG.,"[{""feature"": ""spread_line_clean"", ""label"": ""Closing spread"", ""value"": ""+7.0"", ""direction"": ""NE"", ""impact"": 0.6921893986347146}, {""feature"": ""diff_season_epa_per_play"", ""label"": ""Season offensive EPA"", ""value"": ""+0.101"", ""direction"": ""NE"", ""impact"": 0.5371531049473685}, {""feature"": ""diff_season_qb_epa_per_play"", ""label"": ""Season QB EPA"", ""value"": ""+0.184"", ""direction"": ""NYG"", ""impact"": 0.46194639002262544}]",market_elo_form,5305,12
2025_13_SF_CLE,2025,13,CLE,SF,0.0,True,1,1,0,-5.5,205.0,-250.0,0.3146067415730336,1,-5.5,1,1385.9291063494306,1538.863106442833,-152.93400009340235,0.3626794359329788,-0.0282798051825198,-0.0847192764264385,-0.0276808617437684,0.0047978831119686,-0.0864248455253691,-0.2787664715241098,-0.2855485582296745,-0.1887287499421893,0.0741548555502044,-0.4315755851486015,-3.642254293021555,1.9655644866642312,-5.607818779685788,-0.1761965655827548,-0.2848922177566679,-0.5134567586750434,0.222790599985017,-0.0741655440546039,0.0366014691856685,-0.0304095579239153,0.0057377940361432,-0.1347894442964274,-0.0125302321534838,-0.005421920455309,-0.0020873431496812,-0.1430158150972097,-1.1571541372570509,0.858062147721742,-9.0,-4.333333333333332,-4.666666666666667,-0.3333333333333333,0.3333333333333333,-1.4349399449323164,-1.5019641098784344,-0.3272167350611445,-0.2738502895036748,-0.2135161389165967,-0.1603374086229664,-0.3949611965257621,-0.2021800014743614,0.080782912178261,0.157254431851206,-0.6194986321866657,-10.803995964305953,-5.4578003785697335,0.27058430898226155,0.7294156910177385,0,SF,SF,1,SF was projected ahead because the strongest inputs for this specific matchup were: Closing spread -5.5 favored SF; Season offensive EPA -0.074 favored SF; Season QB EPA -0.143 favored CLE.,"[{""feature"": ""spread_line_clean"", ""label"": ""Closing spread"", ""value"": ""-5.5"", ""direction"": ""SF"", ""impact"": 1.1071014618723123}, {""feature"": ""diff_season_epa_per_play"", ""label"": ""Season offensive EPA"", ""value"": ""-0.074"", ""direction"": ""SF"", ""impact"": 0.40129082762985296}, {""feature"": ""diff_season_qb_epa_per_play"", ""label"": ""Season QB EPA"", ""value"": ""-0.143"", ""direction"": ""CLE"", ""impact"": 0.3650589466005313}]",market_elo_form,5305,12
2025_14_CHI_GB,2025,14,GB,CHI,1.0,True,1,1,1,6.5,-305.0,245.0,0.7220792588780237,1,6.5,1,1648.042486593988,1543.2616836704588,104.78080292352934,0.7149956952275597,0.2175607714345911,-0.0478284198998034,0.0280571278840727,-0.002221037654964,0.1964211619215862,0.525427837318351,0.1180260610486329,0.0421405171405172,0.0165032679738561,0.5331188190036015,4.417174877587456,-0.5023421894610323,4.919517067048488,0.1534973749801134,0.5229357798165137,0.623126546048641,-0.0080504588001195,0.1446710195517065,0.0107257374172243,0.0447508737934809,0.006006613194059,0.2090254264252119,0.0441922778330196,-0.0140479849774015,0.0080937926651982,0.2579042717486502,1.737000379475209,5.03824322274129,2.333333333333332,-3.333333333333332,5.666666666666667,0.0,0.6666666666666667,0.555238429641518,-0.5850545350545353,0.2481124106459458,-0.0008995429453097,0.0599526059146846,-0.0280329436579437,0.4678287770658221,0.0299821230089121,-0.008083083083083,0.1008222643896268,0.4756844279667144,4.164736268333012,0.7275721595606304,0.6984261176898698,0.30157388231013016,1,GB,GB,1,GB was projected ahead because the strongest inputs for this specific matchup were: Season offensive EPA +0.145 favored GB; Closing spread +6.5 favored GB; Season QB EPA +0.258 favored CHI.,"[{""feature"": ""diff_season_epa_per_play"", ""label"": ""Season offensive EPA"", ""value"": ""+0.145"", ""direction"": ""GB"", ""impact"": 0.6886511060791135}, {""feature"": ""spread_line_clean"", ""label"": ""Closing spread"", ""value"": ""+6.5"", ""direction"": ""GB"", ""impact"": 0.6119064919341654}, {""feature"": ""diff_season_qb_epa_per_play"", ""label"": ""Season QB EPA"", ""value"": ""+0.258"", ""direction"": ""CHI"", ""impact"": 0.5745308518092097}]",market_elo_form,5321,13
2025_14_CIN_BUF,2025,14,BUF,CIN,1.0,True,1,-3,0,6.0,-285.0,230.0,0.7095435684647302,1,6.0,1,1627.96034673033,1462.3672144491964,165.59313228113365,0.7807146973510539,0.0553255408977116,-0.069370780443704,-0.0052103658774688,0.0067398887908883,0.0215909879982946,0.1697982362156312,0.1098414418418696,-0.008383884189424,0.0142954511375564,0.2354195142260613,0.7234161872716101,-0.7402131046709357,1.4636292919425449,0.04360685987192,0.0223506639169289,0.1813561921137712,-0.2543888307897628,0.0119892232443599,-0.0219071871508394,0.000133770181,-0.0074238786640395,0.0004074089390145,0.0356805321474062,-0.0007291455032908,0.0074257865295107,0.0193392633764785,-0.3009543242727168,-2.3791933763247544,8.333333333333336,-4.0,12.333333333333334,0.3333333333333333,-1.0,1.1623100248860876,-1.0822346144047217,0.1668109457957176,-0.1006401833450737,0.0329090562356281,-0.0417956721441697,0.2859103050165972,0.0736675398557986,0.0354128036894404,-0.02210666526456,0.3120411864765778,2.9921171164323743,-2.3976994405111443,0.6917759348038613,0.30822406519613865,1,BUF,BUF,1,BUF was projected ahead because the strongest inputs for this specific matchup were: Closing spread +6.0 favored BUF; Recent win rate +33.3% favored BUF; Season offensive EPA +0.012 favored BUF.,"[{""feature"": ""spread_line_clean"", ""label"": ""Closing spread"", ""value"": ""+6.0"", ""direction"": ""BUF"", ""impact"": 0.5409412897027037}, {""feature"": ""diff_last3_win_pct"", ""label"": ""Recent win rate"", ""value"": ""+33.3%"", ""direction"": ""BUF"", ""impact"": 0.0979723951587678}, {""feature"": ""diff_season_epa_per_play"", ""label"": ""Season offensive EPA"", ""value"": ""+0.012"", ""direction"": ""BUF"", ""impact"": 0.05343449053490288}]",market_elo_form,5321,13
2025_14_DAL_DET,2025,14,DET,DAL,1.0,True,1,0,0,3.5,-192.0,160.0,0.6309403437815976,1,3.5,1,1619.149751870805,1511.5328293423588,107.61692252844614,0.7183108496194149,0.0669020291168508,-0.1324482806857422,-0.0032238593124748,-0.0039177732132489,0.004669305342931,-0.0329196358297764,0.001908109485358,0.0115998253927777,0.0126450732253968,-0.0873498440131938,-1.9123894536738568,2.638592721161526,-4.550982174835386,-0.1426013169132435,-0.1538694657960713,-0.2175557971007791,0.2835968607002437,-0.05253240349524,0.0377436100200914,-0.0187909864967947,0.0121468160052131,-0.0682794123749242,-0.0741413750187079,0.006537167835483,-0.0066272431299188,-0.1125101395156883,-1.2771053013699505,1.2310361122049758,-7.0,3.0,-10.0,-0.6666666666666667,0.6666666666666667,-0.2567492353739267,0.5899779652647981,-0.1917614215577825,0.0820639442116785,-0.0699811641272908,0.0114355299998235,-0.3219452327316001,0.1072318007498059,0.0542569654479985,-0.040663125619186,-0.3191338823274058,-8.69494142090825,-12.06334473980635,0.5895522092870001,0.41044779071299986,1,DET,DET,1,DET was projected ahead because the strongest inputs for this specific matchup were: Season offensive EPA -0.053 favored DAL; Season QB EPA -0.113 favored DET; Closing spread +3.5 favored DET.,"[{""feature"": ""diff_season_epa_per_play"", ""label"": ""Season offensive EPA"", ""value"": ""-0.053"", ""direction"": ""DAL"", ""impact"": 0.2554640208478989}, {""feature"": ""diff_season_qb_epa_per_play"", ""label"": ""Season QB EPA"", ""value"": ""-0.113"", ""direction"": ""DET"", ""impact"": 0.2551056569489312}, {""feature"": ""spread_line_clean"", ""label"": ""Closing spread"", ""value"": ""+3.5"", ""direction"": ""DET"", ""impact"": 0.18611527854539522}]",market_elo_form,5321,13
2025_14_DEN_LV,2025,14,LV,DEN,0.0,True,1,0,1,-8.5,360.0,-470.0,0.2086383601756954,1,-8.5,1,1302.5068148193,1649.3439188735538,-346.8371040542538,0.1571021674953654,0.0539767586781233,-0.1658922503588295,0.0143361846088039,-0.0035412080841867,-0.0426506971274053,-0.0799180374170184,-0.3850518903789497,0.0098016446928034,0.0568027210884353,-0.327353581571972,-1.229420375619025,2.7997321456380213,-4.029152521257046,-0.1278848849160619,-0.2891269816550907,-0.119813192129599,0.2500652766616484,-0.044752843354924,0.0613991829060407,0.0047538405472067,0.0302156842478209,-0.0312696620168208,-0.0824602684670581,0.0071170187515796,-0.0141777792947252,-0.073288202715477,-0.2578592608622969,0.0012813124444682,-6.333333333333334,12.0,-18.333333333333332,-1.0,-0.3333333333333333,-1.4082509090995243,1.3592654787169272,-0.2164604600304882,0.0917251778481664,-0.0158556837829629,0.0298523505016706,-0.1198330831023807,-0.3549060345345871,0.1008316741330678,-0.0280645591569961,-0.2497707024685753,2.8802991403722458,0.286944584957622,0.1889592809808454,0.8110407190191546,0,DEN,DEN,1,DEN was projected ahead because the strongest inputs for this specific matchup were: Closing spread -8.5 favored DEN; Recent win rate -100.0% favored DEN; Season offensive EPA -0.045 favored DEN.,"[{""feature"": ""spread_line_clean"", ""label"": ""Closing spread"", ""value"": ""-8.5"", ""direction"": ""DEN"", ""impact"": 1.5170495750096857}, {""feature"": ""diff_last3_win_pct"", ""label"": ""Recent win rate"", ""value"": ""-100.0%"", ""direction"": ""DEN"", ""impact"": 0.2772402829445545}, {""feature"": ""diff_season_epa_per_play"", ""label"": ""Season offensive EPA"", ""value"": ""-0.045"", ""direction"": ""DEN"", ""impact"": 0.2182192291712237}]",market_elo_form,5321,13
2025_14_HOU_KC,2025,14,KC,HOU,0.0,True,1,3,0,4.5,-218.0,180.0,0.6574752261956054,1,4.5,1,1621.3200311445382,1591.031210929813,30.28882021472532,0.6203330087559302,0.1277740193393493,-0.0696446085890164,0.0159556647012654,-0.0028229258214279,0.097214809617021,0.3413675025446691,-0.0044607559650107,0.0729596955012806,-0.0247692476097791,0.2828052572799034,1.9451269874045032,-1.354721591300159,3.2998485787046596,0.1190205795305939,0.2104928074884713,0.1850693747316292,0.0649112433434115,0.0650852491293805,0.01171969077978,0.0201249378039214,0.008325895244959,0.0624759665738842,0.0396748525311381,-0.0050929492045312,-0.0023795403636729,0.098838565268765,0.4223204790940595,4.251478003239716,3.666666666666664,8.333333333333332,-4.666666666666666,-0.6666666666666667,-1.0,0.4657796867190225,1.04194316884408,0.1382686395386239,0.1846099991325838,0.0226138940424653,0.0589102295304132,0.2031345979164169,0.0029314533283395,0.0232637751634712,-0.0781596725158835,0.2297773814536162,0.7215335510454475,5.555087852825195,0.649210361947731,0.35078963805226904,1,KC,HOU,0,KC was projected ahead because the strongest inputs for this specific matchup were: Closing spread +4.5 favored KC; Season offensive EPA +0.065 favored KC; Season QB EPA +0.099 favored HOU.,"[{""feature"": ""spread_line_clean"", ""label"": ""Closing spread"", ""value"": ""+4.5"", ""direction"": ""KC"", ""impact"": 0.3280456830083186}, {""feature"": ""diff_season_epa_per_play"", ""label"": ""Season offensive EPA"", ""value"": ""+0.065"", ""direction"": ""KC"", ""impact"": 0.3076327211904754}, {""feature"": ""diff_season_qb_epa_per_play"", ""label"": ""Season QB EPA"", ""value"": ""+0.099"", ""direction"": ""HOU"", ""impact"": 0.21826307881226803}]",market_elo_form,5321,13
2025_14_IND_JAX,2025,14,JAX,IND,1.0,True,1,0,1,-2.5,114.0,-135.0,0.448558885283451,1,-2.5,1,1509.7915394876234,1529.5604089893077,-19.76886950168432,0.5505286019274818,-0.0019842260049658,-0.1028662016272825,-0.0314147050022804,0.0072898129284612,-0.0524291805504829,0.0592132435524632,-0.1260616404849392,0.0054149385094127,-0.0136890136890137,0.05186232140307,-3.98598143487321,0.8980541798598161,-4.884035614733024,-0.199399204351709,-0.1980731238667424,-0.3594341612860772,0.0413391677474637,-0.0770518640518462,0.0226789705793333,-0.0334354633972507,-0.0118741330920815,-0.1074412841170384,-0.0200922244204237,0.0188761799572155,-0.0030252044554904,-0.133087535192856,-0.9063061788094392,-1.7595670806176256,6.666666666666668,-11.666666666666668,18.333333333333332,0.6666666666666667,-1.3333333333333333,-0.5051388512381108,-1.5948474459732456,-0.008102409340447,-0.3368507152608184,0.0289335075299141,-0.1077840658241407,-2.9120775697319412e-05,-0.0507584663901866,-0.0104166666666667,0.0154473866338273,0.0359689057114535,1.889054501916819,-0.3528243025101609,0.37995447795943793,0.6200455220405621,0,IND,JAX,0,IND was projected ahead because the strongest inputs for this specific matchup were: Closing spread -2.5 favored IND; Season offensive EPA -0.077 favored IND; Season QB EPA -0.133 favored JAX.,"[{""feature"": ""spread_line_clean"", ""label"": ""Closing spread"", ""value"": ""-2.5"", ""direction"": ""IND"", ""impact"": 0.6654671482321451}, {""feature"": ""diff_season_epa_per_play"", ""label"": ""Season offensive EPA"", ""value"": ""-0.077"", ""direction"": ""IND"", ""impact"": 0.3728514031656552}, {""feature"": ""diff_season_qb_epa_per_play"", ""label"": ""Season QB EPA"", ""value"": ""-0.133"", ""direction"": ""JAX"", ""impact"": 0.3011939250880381}]",market_elo_form,5321,13
2025_14_LA_ARI,2025,14,ARI,LA,0.0,True,1,0,1,-9.5,380.0,-500.0,0.1999999999999999,1,-9.5,1,1405.957545319986,1646.8549114588052,-240.89736613881928,0.2553819261261748,0.0510888738492154,-0.0817306028869682,-0.0019503310861475,-0.0086332174656181,-0.0053972452096897,0.1591729820834332,-0.1896087352687137,0.0982650023030453,-0.0104739892875485,0.0657843360500483,-1.9809248554913277,1.9529865125240848,-3.9339113680154143,-0.1292695743562795,-0.3462778069714486,-0.336538613352987,0.0679251912180349,-0.0632433410617798,0.0145458287163063,-0.0292928336952189,0.0103702290905784,-0.0781706475898088,-0.0382582448504373,0.0060722550881045,-0.0061497632131321,-0.1017237584903101,0.0394480379511237,0.8159340770528035,-6.666666666666668,10.333333333333332,-17.0,-0.6666666666666666,-1.3333333333333333,-0.5774623744975118,0.7664504750526255,-0.0562179032713847,0.1452849126391187,-0.0052032579820134,0.0821897934801161,0.1133962291443449,-0.4398827482741904,0.0175683387547794,0.0011544011544011,-0.1117196302571883,6.956321302578079,1.0344419301591783,0.1799875381158027,0.8200124618841973,0,LA,LA,1,LA was projected ahead because the strongest inputs for this specific matchup were: Closing spread -9.5 favored LA; Season offensive EPA -0.063 favored LA; Season QB EPA -0.102 favored ARI.,"[{""feature"": ""spread_line_clean"", ""label"": ""Closing spread"", ""value"": ""-9.5"", ""direction"": ""LA"", ""impact"": 1.658979979472609}, {""feature"": ""diff_season_epa_per_play"", ""label"": ""Season offensive EPA"", ""value"": ""-0.063"", ""direction"": ""LA"", ""impact"": 0.3067428375332141}, {""feature"": ""diff_season_qb_epa_per_play"", ""label"": ""Season QB EPA"", ""value"": ""-0.102"", ""direction"": ""ARI"", ""impact"": 0.23094683584506298}]",market_elo_form,5321,13
2025_14_MIA_NYJ,2025,14,NYJ,MIA,0.0,True,1,0,1,-2.5,124.0,-148.0,0.4279403644395361,1,-2.5,1,1370.8215269245975,1473.328530847146,-102.5070039225484,0.4320548504337607,-0.0472504082808674,-0.1271158878356947,-0.027498311757893,0.0071350871585289,-0.1118782201569647,0.0704873531431221,-0.1892144824895931,-0.0453488794449891,0.0051951778518042,-0.1120504584932533,-1.2660267300940085,-0.1224091063540591,-1.1436176237399476,-0.0500339789330614,-0.1901404462566541,-0.3031386186744385,-0.2416157481595631,-0.0407730224664676,-0.0210136289155179,-0.0230594816265823,-0.0135251579207282,-0.0700758549760559,0.0127701796903914,0.0042642426792258,-0.0028184189087502,-0.0670772654530601,-1.5626757431677971,-3.518931043632366,-5.333333333333332,10.333333333333334,-15.666666666666668,-0.6666666666666667,-1.0,-1.6475415126444872,-0.0260155303633542,-0.1372946051952724,0.1818509961938679,-0.0418646951827728,0.0070057157013679,-0.0477493873147635,-0.3190718328515529,-0.0252233609790842,-0.021127888727533,-0.2916620441126388,-2.424136425581188,3.7836952795076737,0.3739420562324378,0.6260579437675622,0,MIA,MIA,1,MIA was projected ahead because the strongest inputs for this specific matchup were: Closing spread -2.5 favored MIA; Season offensive EPA -0.041 favored MIA; Recent win rate -66.7% favored MIA.,"[{""feature"": ""spread_line_clean"", ""label"": ""Closing spread"", ""value"": ""-2.5"", ""direction"": ""MIA"", ""impact"": 0.6654671482321451}, {""feature"": ""diff_season_epa_per_play"", ""label"": ""Season offensive EPA"", ""value"": ""-0.041"", ""direction"": ""MIA"", ""impact"": 0.19916576120805707}, {""feature"": ""diff_last3_win_pct"", ""label"": ""Recent win rate"", ""value"": ""-66.7%"", ""direction"": ""MIA"", ""impact"": 0.18343711341872396}]",market_elo_form,5321,13
2025_14_NO_TB,2025,14,TB,NO,0.0,True,1,0,1,7.5,-425.0,330.0,0.7768331562167907,1,7.5,1,1527.2648887928035,1326.8684497860631,200.39643900674037,0.813084756240646,0.0871341923319011,-0.1328171576394759,0.001141705060719,-0.0064673332217146,0.0157470084610158,-0.0122328324654123,0.2133229053457721,0.003306443264243,-0.049300082633416,0.0188600886831581,-3.972818632504687,0.5860041058925844,-4.558822738397268,-0.1196356692694559,-0.1563735465767792,-0.4089528471618635,-0.0634666305815452,-0.064845280932655,0.0078378796740269,-0.0340702545826229,0.0104616977498624,-0.0692622594360622,-0.0687623940749668,0.0115868187631053,-0.0041419064171079,-0.1237683661486742,-1.543125321654345,-0.0688619919250379,5.000000000000002,14.333333333333336,-9.333333333333334,0.0,0.0,-0.3561272959613415,1.918391204703969,-0.0191709912814304,0.2946699299415127,-0.0087179382902861,0.1316802542755354,-0.150442138371271,0.1076251617379801,-0.0210703041698834,-0.086361169694503,-0.0516716580612828,-6.032090883824884,-1.5382004290028233,0.740441641755611,0.259558358244389,1,TB,NO,0,TB was projected ahead because the strongest inputs for this specific matchup were: Closing spread +7.5 favored TB; Season offensive EPA -0.065 favored NO; Season QB EPA -0.124 favored TB.,"[{""feature"": ""spread_line_clean"", ""label"": ""Closing spread"", ""value"": ""+7.5"", ""direction"": ""TB"", ""impact"": 0.7538368963970888}, {""feature"": ""diff_season_epa_per_play"", ""label"": ""Season offensive EPA"", ""value"": ""-0.065"", ""direction"": ""NO"", ""impact"": 0.3144121550387258}, {""feature"": ""diff_season_qb_epa_per_play"", ""label"": ""Season QB EPA"", ""value"": ""-0.124"", ""direction"": ""TB"", ""impact"": 0.280321295311157}]",market_elo_form,5321,13
2025_14_PHI_LAC,2025,14,LAC,PHI,1.0,True,1,-2,0,-1.5,100.0,-120.0,0.4782608695652174,1,-1.5,1,1528.4395859872084,1627.1164489891437,-98.67686300193532,0.4374729776492266,0.1600512512052631,-0.0876419363259398,0.0230466653627128,-0.0103437276850762,0.1170090236409922,-0.0105170456802849,0.0569183495318264,-0.0268305317875706,0.06632326007326,-0.0853768445849082,-1.4100346702387512,0.2007131037743299,-1.6107477740130802,-0.0569892049483886,0.2264202978488693,-0.0182556531070581,0.1843497740068285,-0.0010867978051396,0.0182276536896537,0.0007394951789269,0.0163793957752236,0.0285484704182115,-0.0616474915540403,-0.0063805958752062,-0.001023088724972,-0.0057052917891696,0.022860508799089,0.2930945989153445,3.3333333333333357,0.6666666666666679,2.666666666666667,0.3333333333333333,0.6666666666666666,-0.7344351460272174,-1.378681330201475,-0.0689354662954365,-0.0297422582443134,-0.0044450588696112,0.0518034186177309,-0.0966384823176461,0.1020402244768502,0.0901263262244132,0.0466278819219996,-0.0417320520796116,-3.0292567113266835,-3.352399092412331,0.4596594558800868,0.5403405441199132,0,PHI,LAC,0,PHI was projected ahead because the strongest inputs for this specific matchup were: Closing spread -1.5 favored PHI; Recent win rate +33.3% favored LAC; Division matchup No favored LAC.,"[{""feature"": ""spread_line_clean"", ""label"": ""Closing spread"", ""value"": ""-1.5"", ""direction"": ""PHI"", ""impact"": 0.5235367437692218}, {""feature"": ""diff_last3_win_pct"", ""label"": ""Recent win rate"", ""value"": ""+33.3%"", ""direction"": ""LAC"", ""impact"": 0.0979723951587678}, {""feature"": ""div_game"", ""label"": ""Division matchup"", ""value"": ""No"", ""direction"": ""LAC"", ""impact"": 0.03724095074304637}]",market_elo_form,5321,13
2025_14_PIT_BAL,2025,14,BAL,PIT,0.0,True,1,3,1,5.5,-270.0,220.0,0.7001620745542949,1,5.5,1,1542.0960932726732,1486.8781408527582,55.21795241991504,0.6535013181205314,0.1324713399830822,-0.016741895648555,0.0210581860840754,-0.0123706355829803,0.1143804060624616,-0.2063993785434356,0.1106708252437488,-0.018781068368219,0.0744343928976404,-0.0768791007500493,1.1529819161215826,-0.803770681031164,1.9567525971527515,0.0010773374374759,0.1649865332820315,-0.0511733971376466,-0.10301843856623,0.0008416889304151,-0.0238018125630832,-0.0033221827640963,-0.0040133127120196,-0.0205220145116236,0.0518159751306485,-0.0020810778505994,-0.0059325602148689,0.0126716790976936,-0.7481905627618072,-2.855120406896926,-3.0,-3.666666666666668,0.6666666666666666,0.3333333333333333,-1.0,0.5326014008819948,-0.656865955037393,-0.0613829622088476,-0.1587203906718081,-0.0470517752256221,-0.0636285530345128,-0.1757436920508948,0.1454298870097006,0.0485312966358641,0.049520149143535,-0.0137765810299271,1.0232821577251068,-0.3092580467613608,0.667725343036325,0.332274656963675,1,BAL,PIT,0,BAL was projected ahead because the strongest inputs for this specific matchup were: Closing spread +5.5 favored BAL; Recent win rate +33.3% favored BAL; Division matchup Yes favored PIT.,"[{""feature"": ""spread_line_clean"", ""label"": ""Closing spread"", ""value"": ""+5.5"", ""direction"": ""BAL"", ""impact"": 0.469976087471242}, {""feature"": ""diff_last3_win_pct"", ""label"": ""Recent win rate"", ""value"": ""+33.3%"", ""direction"": ""BAL"", ""impact"": 0.0979723951587678}, {""feature"": ""div_game"", ""label"": ""Division matchup"", ""value"": ""Yes"", ""direction"": ""PIT"", ""impact"": 0.06694364384357285}]",market_elo_form,5321,13
2025_14_SEA_ATL,2025,14,ATL,SEA,0.0,True,1,0,0,-7.0,280.0,-355.0,0.2522172949002217,1,-7.0,1,1409.9660043347512,1643.0139740015914,-233.04796966684012,0.2640688891735867,0.1356429916589791,-0.0883460420728049,0.0180376681029683,-0.005690055696163,0.0880138458144069,0.4012286409243485,0.2891028177005724,0.1712250930732712,-0.0083731954320189,0.3740826717467522,-0.5383956179874545,2.31811114056012,-2.856506758547575,-0.0835497835497835,-0.1343051506316812,0.1175385885159663,0.3934526290045186,0.0115189630816768,0.0476859631012038,0.0122546539540727,0.0228042193455009,0.0077098678158994,-0.0084916198252785,-0.0168432361928032,-0.0100726506083385,0.0192290392989141,-0.8776202557755829,-0.7072178843449454,0.0,7.333333333333332,-7.333333333333334,-0.3333333333333333,0.3333333333333333,0.3683352195790492,0.6384539982034445,0.073349377701767,0.247502744554439,0.0474918399370156,0.0941206973512236,0.1577095227561661,-0.0255059423202211,0.0007190340523674,0.0144803737630136,0.1456332708826069,1.4272821230531012,-1.1110777192674677,0.28520845196330574,0.7147915480366942,0,SEA,SEA,1,SEA was projected ahead because the strongest inputs for this specific matchup were: Closing spread -7.0 favored SEA; Recent win rate -33.3% favored SEA; Recent defensive EPA allowed +0.248 favored SEA.,"[{""feature"": ""spread_line_clean"", ""label"": ""Closing spread"", ""value"": ""-7.0"", ""direction"": ""SEA"", ""impact"": 1.3041539683153005}, {""feature"": ""diff_last3_win_pct"", ""label"": ""Recent win rate"", ""value"": ""-33.3%"", ""direction"": ""SEA"", ""impact"": 0.08963394389289338}, {""feature"": ""diff_last3_epa_per_play_allowed"", ""label"": ""Recent defensive EPA allowed"", ""value"": ""+0.248"", ""direction"": ""SEA"", ""impact"": 0.08544180956176892}]",market_elo_form,5321,13
2025_14_TEN_CLE,2025,14,CLE,TEN,0.0,True,1,0,0,4.5,-205.0,170.0,0.644729178800233,1,4.5,1,1365.4815875805589,1244.5931713843695,120.88841619618891,0.7335081628624857,-0.0612048756624259,-0.1173216145213539,-0.0343147821196164,0.0075160676467867,-0.1198701833884535,-0.3848749277124066,-0.3347855263635644,-0.0965080108684974,0.0075449061707926,-0.5748604691264291,-2.164096097565565,0.6498724909896794,-2.8139685885552423,-0.1215052650399465,-0.22682488448907,-0.2515761879897784,0.0588249159829077,-0.0442805527721642,0.0042124599425525,-0.0181127198781088,-0.0011751822954024,-0.0829749055951664,0.0155781187489379,-0.0023903671491383,0.0004363777831698,-0.0834849258848876,-1.34696849851003,3.0521866102684374,2.666666666666666,-4.0,6.666666666666668,0.3333333333333333,0.0,0.5558227135871303,-0.7657816008549867,-0.0927084195446519,-0.2271961483389581,0.0005190857380243,-0.0596537211334589,-0.19212118563039,0.0209465194403682,0.0057773750797006,0.0514237871464478,-0.2623473735089292,-3.686140833585118,-11.00042884466751,0.652228998984604,0.34777100101539604,1,CLE,TEN,0,CLE was projected ahead because the strongest inputs for this specific matchup were: Closing spread +4.5 favored CLE; Season offensive EPA -0.044 favored TEN; Season QB EPA -0.083 favored CLE.,"[{""feature"": ""spread_line_clean"", ""label"": ""Closing spread"", ""value"": ""+4.5"", ""direction"": ""CLE"", ""impact"": 0.3280456830083186}, {""feature"": ""diff_season_epa_per_play"", ""label"": ""Season offensive EPA"", ""value"": ""-0.044"", ""direction"": ""TEN"", ""impact"": 0.21595812905136144}, {""feature"": ""diff_season_qb_epa_per_play"", ""label"": ""Season QB EPA"", ""value"": ""-0.083"", ""direction"": ""CLE"", ""impact"": 0.19009636959312082}]",market_elo_form,5321,13
2025_14_WAS_MIN,2025,14,MIN,WAS,1.0,True,1,0,0,-1.5,-105.0,-115.0,0.4891657638136511,1,-1.5,1,1463.0459497950924,1444.7336308685867,18.312318926505668,0.6039664288521754,0.0200331145364519,-0.133920685551093,-0.0122814874939349,0.0072606501825324,-0.0364130191072978,-0.8261418156776416,-0.3091216660993393,-0.1754191312543714,0.0554596476271668,-0.8905759330130942,2.165072941785155,-1.979997597863946,4.145070539649103,0.1220469894767962,0.1018967635836173,0.0923378473066813,-0.2982583229376923,0.0052448872936611,-0.0677508113670579,0.0002133862260558,-0.0078305406116469,0.0079603186480927,0.0002185733087157,0.002097589668058,0.003858970957653,0.0058501261053346,0.337165706449896,-0.8665710813140186,-12.666666666666664,-6.333333333333332,-6.333333333333334,0.0,-3.0,-1.3671347171347166,-2.461715815929035,-0.5124985577212154,-0.2611579839536702,-0.0993487993487992,-0.0844475755769334,-0.8812768955237993,-0.0494472030546657,0.0588695663450565,0.0264291465378421,-0.8552428851023133,-6.952318640188513,-0.4782320275496419,0.4536862161104311,0.5463137838895689,0,WAS,MIN,0,WAS was projected ahead because the strongest inputs for this specific matchup were: Closing spread -1.5 favored WAS; Recent offensive EPA -0.512 favored WAS; Recent defensive EPA allowed -0.261 favored MIN.,"[{""feature"": ""spread_line_clean"", ""label"": ""Closing spread"", ""value"": ""-1.5"", ""direction"": ""WAS"", ""impact"": 0.5235367437692218}, {""feature"": ""diff_last3_epa_per_play"", ""label"": ""Recent offensive EPA"", ""value"": ""-0.512"", ""direction"": ""WAS"", ""impact"": 0.10690300201866011}, {""feature"": ""diff_last3_epa_per_play_allowed"", ""label"": ""Recent defensive EPA allowed"", ""value"": ""-0.261"", ""direction"": ""MIN"", ""impact"": 0.08900547594578558}]",market_elo_form,5321,13
2025_15_ARI_HOU,2025,15,HOU,ARI,1.0,True,1,0,0,10.5,-625.0,455.0,0.827123695976155,1,10.5,1,1621.980930472099,1390.0986712910617,231.88225918103765,0.8390838248280602,0.0764343455181543,-0.0983025314701381,-0.0109497178400782,-0.0005069541946859,0.0090510540119183,-0.0401233359514155,-0.1738193751490371,-0.1182001824953659,-0.0021840021840021,-0.1810717706626469,-0.4398160256121208,-1.018478603959057,0.5786625783469361,0.0184695856067096,0.1692744735536817,0.1070240331971126,0.0307125493356439,0.0215592078915081,0.0103664337250898,0.0021037431043487,-0.0066771361177422,0.0413664914098507,-0.0007497474970553,0.0017877282926868,-0.002880451531599,0.0304703133001207,0.5640664480126619,-2.220593999967264,1.666666666666668,-15.666666666666668,17.333333333333336,1.0,1.3333333333333333,-0.8032350601095581,-1.3046888595275687,0.0182410407330828,-0.2332129511092289,-0.0840838343432016,-0.1286509189734998,0.0439533005985755,0.154385836899048,-0.0224603736468143,0.0386507349921983,-0.0114929375751983,-2.00748642336771,-9.71586961571621,0.8148796294244899,0.18512037057551012,1,HOU,HOU,1,HOU was projected ahead because the strongest inputs for this specific matchup were: Closing spread +10.5 favored HOU; Market win probability 82.7% favored HOU; Recent win rate +100.0% favored HOU.,"[{""feature"": ""spread_line_clean"", ""label"": ""Closing spread"", ""value"": ""+10.5"", ""direction"": ""HOU"", ""impact"": 0.5797002304455486}, {""feature"": ""mkt_home_prob"", ""label"": ""Market win probability"", ""value"": ""82.7%"", ""direction"": ""HOU"", ""impact"": 0.40978992429414945}, {""feature"": ""diff_last3_win_pct"", ""label"": ""Recent win rate"", ""value"": ""+100.0%"", ""direction"": ""HOU"", ""impact"": 0.20051086791917694}]",market_elo_form,5335,14
2025_15_ATL_TB,2025,15,TB,ATL,0.0,True,1,0,1,6.0,-278.0,225.0,0.705033164260632,1,6.0,1,1497.6553497615723,1393.5135544472118,104.14179531436048,0.7142455252499451,0.0589168532047827,-0.1604834731958702,-0.0192463999904498,0.0029506708972903,-0.0127970982722024,-0.2049675899901411,-0.0658344172289129,-0.0541892428443777,-0.015971235842111,-0.3025400620323531,-0.7195974229243269,0.1346958832308082,-0.8542933061551341,-0.0406217013067375,-0.143158737669712,-0.1419009534974931,-0.1543023667634493,-0.0270580911670699,-0.019786654821424,-0.0141711080962037,-0.0099855037997159,-0.0272313832741655,-0.0237955311722871,-0.0013384253447709,0.0056455994283891,-0.0506943270743925,-0.5099989559035851,2.2840713985964283,-3.333333333333334,0.3333333333333321,-3.666666666666667,0.0,0.3333333333333333,-1.2667994223055397,1.1967554802845486,-0.0996458128155944,0.0454178946764845,-0.0574051087955425,0.066263737619726,-0.1256587828676646,-0.0605650255842378,-0.0163137937331486,-0.0018418467127219,-0.1430803471842203,-3.691815573455048,3.9902434607607065,0.6699000039940157,0.3300999960059843,1,TB,ATL,0,TB was projected ahead because the strongest inputs for this specific matchup were: Closing spread +6.0 favored TB; Market win probability 70.5% favored TB; Division matchup Yes favored ATL.,"[{""feature"": ""spread_line_clean"", ""label"": ""Closing spread"", ""value"": ""+6.0"", ""direction"": ""TB"", ""impact"": 0.266014154635613}, {""feature"": ""mkt_home_prob"", ""label"": ""Market win probability"", ""value"": ""70.5%"", ""direction"": ""TB"", ""impact"": 0.21862766921271498}, {""feature"": ""div_game"", ""label"": ""Division matchup"", ""value"": ""Yes"", ""direction"": ""ATL"", ""impact"": 0.0634738680231882}]",market_elo_form,5335,14
2025_15_BAL_CIN,2025,15,CIN,BAL,0.0,True,1,0,1,-2.5,136.0,-162.0,0.4066302458405761,1,-2.5,1,1455.225210062447,1517.4426344322835,-62.21742436983641,0.4896147852153958,0.1248984078533462,-0.0356572135777675,0.026460175759481,-0.003695589484401,0.072293925043709,0.0391969982507921,-0.0931824054835092,0.0740004783720632,-0.0118679050567595,-0.0067145682774815,-1.8792029023242875,3.2717544133729106,-5.1509573156972,-0.1265687652970889,-0.1237480254821295,-0.1897609417205235,0.510210417678465,-0.0269896431133425,0.0700971476995564,0.0013215749508769,0.0319573907118306,-0.0302504566624694,-0.0421617837131411,0.002579370058947,-0.0109777339110079,-0.0650018249290216,0.26192751955947,3.842391766532054,9.0,3.333333333333332,5.666666666666667,0.0,1.0,-0.1095717648425678,1.0482721289261026,0.0942704831122746,-0.0291486580622023,0.0557180267182344,0.0952965012281071,0.1672929661396222,-0.1045465586187287,-0.0299884049203468,0.0255336158973929,0.0308950266377497,1.067705200178909,10.461658771325936,0.3840611540669543,0.6159388459330457,0,BAL,BAL,1,BAL was projected ahead because the strongest inputs for this specific matchup were: Closing spread -2.5 favored BAL; Market win probability 40.7% favored BAL; Division matchup Yes favored BAL.,"[{""feature"": ""spread_line_clean"", ""label"": ""Closing spread"", ""value"": ""-2.5"", ""direction"": ""BAL"", ""impact"": 0.32650398856093205}, {""feature"": ""mkt_home_prob"", ""label"": ""Market win probability"", ""value"": ""40.7%"", ""direction"": ""BAL"", ""impact"": 0.24859426852913308}, {""feature"": ""div_game"", ""label"": ""Division matchup"", ""value"": ""Yes"", ""direction"": ""BAL"", ""impact"": 0.0634738680231882}]",market_elo_form,5335,14
2025_15_BUF_NE,2025,15,NE,BUF,0.0,True,1,6,1,-2.5,120.0,-142.0,0.4365079365079364,1,-2.5,1,1568.550200706687,1635.1023511170793,-66.55215041039219,0.4833812429896805,0.1846705472077486,-0.0243321477084698,0.033327008767745,-0.0081969968071568,0.1819185139279275,0.4164500969029222,-0.0670223316573167,0.0610277156919838,0.0232285321759005,0.3057284603699212,3.895634866630374,-2.2220842406096892,6.117719107240065,0.1521842678279804,0.3593494828524768,0.2142295059865935,0.087584294650437,0.0742923959791417,-0.0100649029083647,0.0309515022837664,-0.0011008987033215,0.1060556002626355,0.0248188388120548,-0.0076771205935225,0.000191344769733,0.1376837389159309,0.6805330586670998,2.765316436296936,0.6666666666666679,-5.0,5.666666666666667,0.3333333333333333,1.0,0.1781071750829834,-0.2210607367199228,0.0427144970140707,0.0184002489601101,0.0133302741165646,0.0360815506199111,0.0715136092792464,-0.0712101037698961,-0.040952490952491,0.0283740632127728,-0.008015770041661,3.587538769006411,10.65143019300027,0.451382544984694,0.548617455015306,0,BUF,BUF,1,BUF was projected ahead because the strongest inputs for this specific matchup were: Closing spread -2.5 favored BUF; Market win probability 43.7% favored BUF; Rest differential +6 days favored NE.,"[{""feature"": ""spread_line_clean"", ""label"": ""Closing spread"", ""value"": ""-2.5"", ""direction"": ""BUF"", ""impact"": 0.32650398856093205}, {""feature"": ""mkt_home_prob"", ""label"": ""Market win probability"", ""value"": ""43.7%"", ""direction"": ""BUF"", ""impact"": 0.20181351784892332}, {""feature"": ""rest_diff"", ""label"": ""Rest differential"", ""value"": ""+6 days"", ""direction"": ""NE"", ""impact"": 0.08474566231821334}]",market_elo_form,5335,14
2025_15_CAR_NO,2025,15,NO,CAR,1.0,True,1,-7,1,-2.5,124.0,-148.0,0.4279403644395361,1,-2.5,1,1356.4779888172943,1419.180394462628,-62.70240564533378,0.4889171628358287,0.1544336194079742,-0.0658610832295905,0.0287424262540173,-0.0196339493095051,0.1372312288071998,-0.1972041965553773,-0.1778624674268926,-0.1108334103356195,0.0804812337421033,-0.3025053227434021,5.229672128199134,-0.332449056671642,5.562121184870776,0.1212388266398086,0.1280462581608245,0.6077718143111843,0.169536004302671,0.0861265026395609,-0.0021881538154935,0.0398094223312285,-0.0063348824886554,0.142485220017415,-0.0024461192979557,-0.0229531631890542,-0.0020030344607348,0.1574087837565698,2.4691320705444344,3.941004226629391,-6.333333333333332,-3.333333333333332,-3.0,-0.3333333333333333,-1.6666666666666663,-1.65176237467518,-0.9836638707211174,-0.157125466676719,-0.2122427512084835,0.0164112459330443,-0.1177409419457125,-0.3326559491477948,0.0065152475098139,0.0333505866114561,0.0638583638583638,-0.3384619175050055,-0.2786729363828519,-1.5927092262976537,0.36613982510430615,0.6338601748956938,0,CAR,NO,0,CAR was projected ahead because the strongest inputs for this specific matchup were: Closing spread -2.5 favored CAR; Market win probability 42.8% favored CAR; Rest differential -7 days favored CAR.,"[{""feature"": ""spread_line_clean"", ""label"": ""Closing spread"", ""value"": ""-2.5"", ""direction"": ""CAR"", ""impact"": 0.32650398856093205}, {""feature"": ""mkt_home_prob"", ""label"": ""Market win probability"", ""value"": ""42.8%"", ""direction"": ""CAR"", ""impact"": 0.2152281239953218}, {""feature"": ""rest_diff"", ""label"": ""Rest differential"", ""value"": ""-7 days"", ""direction"": ""CAR"", ""impact"": 0.09864649999822982}]",market_elo_form,5335,14
2025_15_CLE_CHI,2025,15,CHI,CLE,1.0,True,1,0,0,7.5,-375.0,295.0,0.7571884984025559,1,7.5,1,1532.211254424083,1347.9642689345344,184.24698548954893,0.7985435626920323,-0.0275415581437328,-0.1272973015463213,-0.0201638157269417,0.0113415833907563,-0.0969847667541685,0.1389424408806392,0.2605223770111528,0.122842484591077,-0.0468963882756986,0.2268602756413368,2.7536510087323087,-1.3342366757000903,4.0878876844324,0.1300436615477266,0.2502634748569707,0.0767212424498273,0.0184820917228867,0.0198634781995252,-0.0355298572181135,0.0126661862234698,-0.0034859767715334,0.0371096866168121,-0.0053785554113421,0.0042615718660828,-0.0004102192361234,0.0262454245459506,1.1641348347306235,-0.277459854193296,5.0,1.3333333333333357,3.666666666666667,0.3333333333333333,1.0,-0.0390774742786863,1.782176017362351,0.2038490390544492,0.1986377535082016,0.0946454391763181,0.1444799950310417,0.0902750172557217,0.3885038876805315,-0.0288725538725539,-0.0486907165406151,0.332879559873845,-0.5282808399948948,3.0294293666587175,0.7692012304868434,0.2307987695131566,1,CHI,CHI,1,CHI was projected ahead because the strongest inputs for this specific matchup were: Closing spread +7.5 favored CHI; Market win probability 75.7% favored CHI; Elo rating edge +184 Elo favored CHI.,"[{""feature"": ""spread_line_clean"", ""label"": ""Closing spread"", ""value"": ""+7.5"", ""direction"": ""CHI"", ""impact"": 0.37057617990559155}, {""feature"": ""mkt_home_prob"", ""label"": ""Market win probability"", ""value"": ""75.7%"", ""direction"": ""CHI"", ""impact"": 0.30028945861606365}, {""feature"": ""elo_diff"", ""label"": ""Elo rating edge"", ""value"": ""+184 Elo"", ""direction"": ""CHI"", ""impact"": 0.09870937838944834}]",market_elo_form,5335,14
2025_15_DET_LA,2025,15,LA,DET,1.0,True,1,-3,0,5.5,-245.0,200.0,0.6805555555555556,1,5.5,1,1662.7137854877294,1633.3562224732773,29.35756301445213,0.6190696337668529,0.0583002452344358,-0.1143566769185688,0.0024817369483201,-0.0032273123225679,0.0275975383271958,0.0647479440883124,0.1096371094683768,0.1415363769022308,-0.0073685573685573,0.2743010403744229,0.9420030838239412,-3.5367605831230726,4.478763666947014,0.1654751892346509,0.3763316512475469,0.1111981791171965,-0.4132195487792955,0.0295282558317329,-0.0737350424283505,0.0177518456456745,-0.0261686289462492,0.0282244411092595,0.0544178467869306,-0.0057384678116331,0.0117384736072828,0.0591764311424973,-0.1428951358924736,-0.7608510589847075,1.6666666666666643,-11.0,12.666666666666664,0.0,-0.6666666666666666,0.5366833058009535,-1.3193533556879355,0.056602199121684,-0.2344428287175512,0.1266114672364672,-0.082167170894059,0.0197545099930515,0.0071445888185562,-0.0335562065119454,0.0406737706737706,0.1577893835711032,0.7540742865167567,11.174289495515971,0.6593778896926001,0.34062211030739986,1,LA,LA,1,LA was projected ahead because the strongest inputs for this specific matchup were: Closing spread +5.5 favored LA; Market win probability 68.1% favored LA; Recent defensive EPA allowed -0.234 favored LA.,"[{""feature"": ""spread_line_clean"", ""label"": ""Closing spread"", ""value"": ""+5.5"", ""direction"": ""LA"", ""impact"": 0.23116014621228684}, {""feature"": ""mkt_home_prob"", ""label"": ""Market win probability"", ""value"": ""68.1%"", ""direction"": ""LA"", ""impact"": 0.1803020528580732}, {""feature"": ""diff_last3_epa_per_play_allowed"", ""label"": ""Recent defensive EPA allowed"", ""value"": ""-0.234"", ""direction"": ""LA"", ""impact"": 0.06837190492439846}]",market_elo_form,5335,14
2025_15_GB_DEN,2025,15,DEN,GB,1.0,True,1,0,0,-1.5,102.0,-122.0,0.4739134147382802,1,-1.5,1,1655.1124059087765,1659.0929158403635,-3.980509931587221,0.5728997038428374,0.0737758642423511,-0.0948549752567701,-0.0076182254079385,-0.0110222442935591,0.0194006622032969,0.2744730747737404,0.071372135959554,0.039121706359012,-0.0610113187302454,0.2511417987965185,-3.5928179577098014,0.4759556959827797,-4.06877365369258,-0.1013940488177493,-0.6265060240963856,-0.314279403059003,-0.2058213940066657,-0.095305158902781,-0.0118079074605356,-0.0296382667558985,-0.0176314406589507,-0.1329340023658845,-0.0367400481371182,-0.0007740864320155,-0.0002806366161908,-0.1666679682471779,-1.3326487424460287,-4.151536389147691,-3.0,3.666666666666668,-6.666666666666668,0.0,-0.3333333333333333,-0.2716732909715365,0.0895492111235887,-0.0860868827564138,0.1626814485571101,-0.0269406681687383,-0.0251480301529739,-0.1994056525878716,-0.0480907011361517,0.0197510192901571,-0.0391227785237001,-0.2086443885509135,-1.2099244626364845,10.641510191180906,0.47144364775230674,0.5285563522476933,0,GB,DEN,0,GB was projected ahead because the strongest inputs for this specific matchup were: Closing spread -1.5 favored GB; Market win probability 47.4% favored GB; Season offensive EPA -0.095 favored GB.,"[{""feature"": ""spread_line_clean"", ""label"": ""Closing spread"", ""value"": ""-1.5"", ""direction"": ""GB"", ""impact"": 0.2567959717142797}, {""feature"": ""mkt_home_prob"", ""label"": ""Market win probability"", ""value"": ""47.4%"", ""direction"": ""GB"", ""impact"": 0.1432461951381575}, {""feature"": ""diff_season_epa_per_play"", ""label"": ""Season offensive EPA"", ""value"": ""-0.095"", ""direction"": ""GB"", ""impact"": 0.06291488714236111}]",market_elo_form,5335,14
2025_15_IND_SEA,2025,15,SEA,IND,1.0,True,1,0,0,13.5,-1000.0,650.0,0.8720930232558138,1,13.5,1,1659.4664238891307,1503.9871542333324,155.47926965579836,0.7705847694048717,0.1014359679764813,-0.1071839573280335,-0.0180006740469713,0.01423391967192,0.042239845613445,0.1109274051887588,-0.0315658309814763,0.0251307605660902,0.0341375243336027,0.1045839585674279,-0.3414842681258534,-1.957489740082078,1.6160054719562242,0.00796853625171,0.1597469220246238,-0.0484943642991595,-0.2179390274993364,-0.0225192324723046,-0.0279526504449877,-0.0199850675353118,-0.0240778064889214,-0.0034779717660701,-0.0234729049646626,0.025712679738825,0.0030359360229572,-0.0373134894953155,1.6418729787975015,-1.3435489706597017,12.666666666666668,-15.333333333333332,28.0,1.0,1.6666666666666663,0.5753452365143579,-1.3427117916544602,0.1543986687666545,-0.3542656477065908,0.0733983109184373,-0.0989906788074082,0.0776769926051591,0.2917639945657858,0.0561598713559497,0.0343745988527771,0.2711403283206356,0.912149566471032,-3.494167659806298,0.8463315230828371,0.1536684769171629,1,SEA,SEA,1,SEA was projected ahead because the strongest inputs for this specific matchup were: Closing spread +13.5 favored SEA; Market win probability 87.2% favored SEA; Recent win rate +100.0% favored SEA.,"[{""feature"": ""spread_line_clean"", ""label"": ""Closing spread"", ""value"": ""+13.5"", ""direction"": ""SEA"", ""impact"": 0.7888242809855057}, {""feature"": ""mkt_home_prob"", ""label"": ""Market win probability"", ""value"": ""87.2%"", ""direction"": ""SEA"", ""impact"": 0.4802002820138192}, {""feature"": ""diff_last3_win_pct"", ""label"": ""Recent win rate"", ""value"": ""+100.0%"", ""direction"": ""SEA"", ""impact"": 0.20051086791917694}]",market_elo_form,5335,14
2025_15_LAC_KC,2025,15,KC,LAC,0.0,True,1,1,1,5.5,-258.0,210.0,0.690792883054068,1,5.5,1,1590.3703116022518,1544.3520589974064,46.01825260484543,0.6414142787261035,0.1266165731045121,-0.069019536524324,0.0052027851616151,-0.0064793873119601,0.0960667671699615,0.1496827643792848,-0.0315383940498189,-0.0369815699281859,-0.0017731606642554,0.0757941408546005,0.0055383550316356,-0.7294667410242113,0.735005096055845,0.0639026172573604,-0.0467298705794119,-0.041983595891275,0.022554578175284,0.0071237394209846,0.0118926885794352,-0.0011697388938941,-0.0025162332667232,-0.0140800285641671,0.0361007938026196,0.0017889259278508,-0.0059314447984697,-0.0008015710435698,-0.0550290940003578,1.6384838449757455,0.6666666666666643,1.0,-0.3333333333333335,-0.3333333333333333,-2.0,1.095472963446205,0.5466230878264469,0.1647922321511837,0.1536261390000432,0.0544089479737421,-0.0652615542391608,0.2235444225415153,-0.024743872099886,-0.0583722679759265,-0.0387043189368771,0.2416021957928134,1.1732413805519433,8.290569648637979,0.6558314978945061,0.3441685021054939,1,KC,LAC,0,KC was projected ahead because the strongest inputs for this specific matchup were: Closing spread +5.5 favored KC; Market win probability 69.1% favored KC; Division matchup Yes favored LAC.,"[{""feature"": ""spread_line_clean"", ""label"": ""Closing spread"", ""value"": ""+5.5"", ""direction"": ""KC"", ""impact"": 0.23116014621228684}, {""feature"": ""mkt_home_prob"", ""label"": ""Market win probability"", ""value"": ""69.1%"", ""direction"": ""KC"", ""impact"": 0.19633106496183494}, {""feature"": ""div_game"", ""label"": ""Division matchup"", ""value"": ""Yes"", ""direction"": ""LAC"", ""impact"": 0.0634738680231882}]",market_elo_form,5335,14
2025_15_LV_PHI,2025,15,PHI,LV,1.0,True,1,-1,0,12.5,-1000.0,650.0,0.8720930232558138,1,12.5,1,1611.2039759789457,1296.7383277840777,314.4656481948682,0.8934822884484697,0.0635188025478113,-0.0924144525276171,-0.0039241465329615,0.0094057788125788,0.054797576122006,-0.112306740582807,-0.1445135794766117,-0.0330550951020029,-0.0593392395717977,-0.1414314234599019,3.943284290460369,-3.072911722828664,7.016196013289036,0.1878262933080209,0.3878144280968201,0.3254583067329619,-0.2016138268414078,0.0878484377624346,-0.0670944365384133,0.0133507824867529,-0.0262747546367875,0.0717672234146891,0.1348906310467205,-0.0015134872452771,0.0137860988827794,0.1589579271052215,0.6409256918215961,1.878839739095059,4.666666666666666,-3.0,7.666666666666666,0.0,-1.6666666666666667,1.547630401506766,0.0256700445299831,0.097117556606878,-0.084964086687324,-0.006957634689505,-0.0141973381876676,-0.0347786908221781,0.3123626498566685,-0.1395797791146628,0.0072811287785762,0.1707573319125169,-4.203387872781349,0.9207743236863276,0.8402964119548892,0.15970358804511076,1,PHI,PHI,1,PHI was projected ahead because the strongest inputs for this specific matchup were: Closing spread +12.5 favored PHI; Market win probability 87.2% favored PHI; Elo rating edge +314 Elo favored PHI.,"[{""feature"": ""spread_line_clean"", ""label"": ""Closing spread"", ""value"": ""+12.5"", ""direction"": ""PHI"", ""impact"": 0.7191162641388533}, {""feature"": ""mkt_home_prob"", ""label"": ""Market win probability"", ""value"": ""87.2%"", ""direction"": ""PHI"", ""impact"": 0.4802002820138192}, {""feature"": ""elo_diff"", ""label"": ""Elo rating edge"", ""value"": ""+314 Elo"", ""direction"": ""PHI"", ""impact"": 0.16930546996343196}]",market_elo_form,5335,14
2025_15_MIA_PIT,2025,15,PIT,MIA,1.0,True,1,0,0,3.0,-175.0,145.0,0.6092362344582594,1,3.0,1,1511.531599693148,1500.5552135976984,10.97638609544947,0.5938225990848437,0.1003302884266604,-0.1211612315289037,0.0046882473490167,-0.0029904425429537,0.0493765684221739,0.0984758975268065,0.1484935036220326,-0.0033126549202287,-0.0564609974424552,0.0791828466534362,2.1777375565610875,-2.913348416289594,5.091085972850679,0.150497737556561,0.1145701357466063,0.1993662579584549,-0.3171193853959666,0.050419474169354,-0.0530016316120928,0.008468974678764,-0.019478388663942,0.0760906696817563,0.0161180007628565,-0.0055307753329499,0.0074159106078613,0.0910998867862157,0.6976852093583932,0.3430047417343508,-3.0,12.999999999999998,-16.0,-0.6666666666666667,-2.0,-0.5541326293745321,0.8581424280136414,-0.0567986419454328,0.2168793450260035,-0.073545225989857,0.0232829567397165,-0.0220157185494732,-0.1246661951584716,-0.0733076471695398,-0.0637264982373678,-0.1653801207107994,-1.5468962289863737,8.311811593793442,0.5939596378255673,0.40604036217443273,1,PIT,PIT,1,PIT was projected ahead because the strongest inputs for this specific matchup were: Recent win rate -66.7% favored MIA; Market win probability 60.9% favored PIT; Recent defensive EPA allowed +0.217 favored MIA.,"[{""feature"": ""diff_last3_win_pct"", ""label"": ""Recent win rate"", ""value"": ""-66.7%"", ""direction"": ""MIA"", ""impact"": 0.12868607941081506}, {""feature"": ""mkt_home_prob"", ""label"": ""Market win probability"", ""value"": ""60.9%"", ""direction"": ""PIT"", ""impact"": 0.06863440705239393}, {""feature"": ""diff_last3_epa_per_play_allowed"", ""label"": ""Recent defensive EPA allowed"", ""value"": ""+0.217"", ""direction"": ""MIA"", ""impact"": 0.0641580321065979}]",market_elo_form,5335,14
2025_15_MIN_DAL,2025,15,DAL,MIN,0.0,True,1,3,0,5.5,-265.0,215.0,0.6957699520733487,1,5.5,1,1497.3263587398865,1489.6116360018702,7.714722738016235,0.5892861060521715,0.1753267735403279,-0.0173304993992612,0.0236975867552932,-0.0108621534600035,0.1574998021862944,0.3112554112803978,0.0534250011925665,0.030429549732599,-0.0403166278166278,0.2683588215073628,2.342634009090254,0.6524060313108713,1.690227977779381,0.0357838539787894,0.0124089171055479,0.3137787960324241,0.1379439013492938,0.0642191492219132,0.0414497208706175,0.0276062145470539,0.0082298077845544,0.085522236214153,0.0468662598089215,-0.0144807885742138,-0.000625154337578,0.1232671101641305,0.4311702403581001,1.5805948450511305,15.999999999999998,14.666666666666668,1.3333333333333337,0.3333333333333333,0.0,2.156024614881918,1.7765874600912972,0.3185033342332232,0.2981689592605137,0.0628681083524498,-0.0004492760247236,0.5222908877128476,-0.0308087299828705,-0.1130093255853904,-0.036890919158361,0.4812419005069077,2.624412315555449,3.448063159512102,0.7212091973754606,0.27879080262453937,1,DAL,MIN,0,DAL was projected ahead because the strongest inputs for this specific matchup were: Closing spread +5.5 favored DAL; Market win probability 69.6% favored DAL; Recent defensive EPA allowed +0.298 favored MIN.,"[{""feature"": ""spread_line_clean"", ""label"": ""Closing spread"", ""value"": ""+5.5"", ""direction"": ""DAL"", ""impact"": 0.23116014621228684}, {""feature"": ""mkt_home_prob"", ""label"": ""Market win probability"", ""value"": ""69.6%"", ""direction"": ""DAL"", ""impact"": 0.20412387021915418}, {""feature"": ""diff_last3_epa_per_play_allowed"", ""label"": ""Recent defensive EPA allowed"", ""value"": ""+0.298"", ""direction"": ""MIN"", ""impact"": 0.08802857976086652}]",market_elo_form,5335,14
2025_15_NYJ_JAX,2025,15,JAX,NYJ,1.0,True,1,0,0,13.5,-1050.0,675.0,0.8761776581426649,1,13.5,1,1535.364794243599,1343.594844174045,191.76995006955372,0.8054202397996645,0.0079767608828874,-0.0944128187322786,-0.0012743815588825,0.005357200033064,-0.0431217141743142,-0.0224290176253381,-0.3663542991482065,-0.0717361174796779,0.014128041498731,-0.1821744691237116,0.5762195121951237,0.7682926829268268,-0.1920731707317076,-0.0335365853658536,0.1310975609756097,0.1905094098014732,0.298965076593384,0.0288772787513466,0.0311071007830309,0.0132947217494397,0.018175080955678,0.0362757517934751,0.0122097218924459,-0.0048846961210388,-0.0048501496149608,0.0499164428944501,0.2414753493260422,2.484722419400243,13.666666666666666,-11.666666666666666,25.333333333333336,0.6666666666666667,0.6666666666666667,1.2040724189990897,-1.2806632325991982,0.1750490035748338,-0.3501355004202216,0.0442255105318218,-0.1210902470088495,0.242617453076481,0.0262941185608075,-0.0358504987360798,0.0203477751549054,0.2826501620667009,3.518452692985406,4.329601377180893,0.8424445364974058,0.1575554635025942,1,JAX,JAX,1,JAX was projected ahead because the strongest inputs for this specific matchup were: Closing spread +13.5 favored JAX; Market win probability 87.6% favored JAX; Recent win rate +66.7% favored JAX.,"[{""feature"": ""spread_line_clean"", ""label"": ""Closing spread"", ""value"": ""+13.5"", ""direction"": ""JAX"", ""impact"": 0.7888242809855057}, {""feature"": ""mkt_home_prob"", ""label"": ""Market win probability"", ""value"": ""87.6%"", ""direction"": ""JAX"", ""impact"": 0.48659576580099867}, {""feature"": ""diff_last3_win_pct"", ""label"": ""Recent win rate"", ""value"": ""+66.7%"", ""direction"": ""JAX"", ""impact"": 0.13467147845317853}]",market_elo_form,5335,14
2025_15_TEN_SF,2025,15,SF,TEN,1.0,True,1,7,0,12.5,-900.0,600.0,0.863013698630137,1,12.5,1,1559.310625211705,1262.110490030394,297.200135181311,0.8836467907316892,0.0742828507967204,-0.1041456936092387,-0.0040949223280687,0.0127653963190862,0.024346623303917,0.0320571337517131,-0.0429832089848957,0.0339397347955869,-0.0354787958954626,0.0694810236796629,1.4912023460410566,-1.3813294232649085,2.8725317693059624,0.0555229716520038,0.0585532746823069,0.2621374620812338,-0.1642094040709958,0.0305527633472116,-0.0326971645236138,0.0122615885469124,-0.0066492926604425,0.0533227351952617,0.0279355089345789,0.0029107504408639,0.0027799527907066,0.0612761232911146,-0.1743184899246657,2.2414644595868483,9.666666666666668,-15.0,24.666666666666664,0.6666666666666667,0.6666666666666666,0.907026233031976,-0.5022815911744489,0.2445025354564845,-0.2290480622379875,0.1263876904158364,-0.0012571451853263,0.3249832782128335,0.1103381299705697,-0.0399646713439817,-0.0146274250440917,0.3905677290564941,3.6690559446529134,-0.1023091292215827,0.86090858518039,0.13909141481960996,1,SF,SF,1,SF was projected ahead because the strongest inputs for this specific matchup were: Closing spread +12.5 favored SF; Market win probability 86.3% favored SF; Elo rating edge +297 Elo favored SF.,"[{""feature"": ""spread_line_clean"", ""label"": ""Closing spread"", ""value"": ""+12.5"", ""direction"": ""SF"", ""impact"": 0.7191162641388533}, {""feature"": ""mkt_home_prob"", ""label"": ""Market win probability"", ""value"": ""86.3%"", ""direction"": ""SF"", ""impact"": 0.46598440347128917}, {""feature"": ""elo_diff"", ""label"": ""Elo rating edge"", ""value"": ""+297 Elo"", ""direction"": ""SF"", ""impact"": 0.1599452314810635}]",market_elo_form,5335,14
2025_15_WAS_NYG,2025,15,NYG,WAS,0.0,True,1,6,1,2.5,-148.0,124.0,0.5720596355604638,1,2.5,1,1342.9522956192925,1418.1679446618089,-75.21564904251659,0.4709401293823838,0.0013046538864012,-0.126429454582482,-0.0100289799638275,-0.0020508976142876,-0.0475041020387563,0.0474469892054646,-0.2000968726083799,-0.0866604405395968,-0.0448419555730819,-0.0096715740274075,0.8019022929750257,-0.5080692273988632,1.3099715203738862,0.0407295165766029,0.0842339710822257,-0.0029603801045796,-0.0863175060615315,0.0054383975942377,-0.0189718544170494,0.0029631624069337,-0.0049041495036798,-0.0080912502148735,0.0081884532916089,-0.0069682444245021,-0.0026142205947399,-0.0026274747893362,-0.465887709814303,0.5197067349115286,7.666666666666668,6.666666666666664,1.0,0.0,0.6666666666666666,0.3871974496238577,0.8030552161905886,0.1364039032128176,0.0736418252649823,-0.0072676015695359,-0.0249628939151154,0.2638500433774068,-0.0514198865864227,0.0084029993304187,-0.0231439028547741,0.2538926911046414,1.362786193659533,-8.987249801048833,0.5688512469006335,0.4311487530993665,1,NYG,WAS,0,NYG was projected ahead because the strongest inputs for this specific matchup were: Rest differential +6 days favored NYG; Division matchup Yes favored WAS; Elo rating edge -75 Elo favored WAS.,"[{""feature"": ""rest_diff"", ""label"": ""Rest differential"", ""value"": ""+6 days"", ""direction"": ""NYG"", ""impact"": 0.08474566231821334}, {""feature"": ""div_game"", ""label"": ""Division matchup"", ""value"": ""Yes"", ""direction"": ""WAS"", ""impact"": 0.0634738680231882}, {""feature"": ""elo_diff"", ""label"": ""Elo rating edge"", ""value"": ""-75 Elo"", ""direction"": ""WAS"", ""impact"": 0.041954390742505086}]",market_elo_form,5335,14
2025_16_ATL_ARI,2025,16,ARI,ATL,0.0,True,1,-3,0,-2.5,124.0,-148.0,0.4279403644395361,1,-2.5,1,1381.4307225853368,1404.1872014063135,-22.75647882097678,0.5462693993114346,-0.0086978156297646,-0.1404623622395756,-0.0260895448753081,0.0097211701576399,-0.0648211094991966,-0.0811344756580029,-0.2277505935619425,0.0036175026664154,-0.0262153819399156,-0.1284450939293464,-0.8463855421686759,0.5512048192771104,-1.3975903614457832,-0.036144578313253,-0.2078313253012048,-0.3172678604179477,-0.2685427560940434,-0.0633577445119572,-0.0429599118293567,-0.0208095966864156,-0.0130782539026927,-0.094887812174036,-0.0039242244846322,0.0057468365219626,0.0119691925142121,-0.1032223680749624,-1.1806407453426702,2.1350851890551024,-2.666666666666668,4.333333333333332,-7.0,-0.3333333333333333,-0.6666666666666666,0.0386689699189704,1.2644106846026544,-0.0406074680312729,0.1023120392544734,0.0227553696303695,0.0334333745185778,-0.0057141861076039,-0.1401370534006017,0.013256346271774,-0.0455637038688827,-0.0671696959126294,1.164534911965086,14.669910961999218,0.39854006119845964,0.6014599388015404,0,ATL,ATL,1,ATL was projected ahead because the strongest inputs for this specific matchup were: Closing spread -2.5 favored ATL; Season offensive EPA -0.063 favored ATL; Season QB EPA -0.103 favored ARI.,"[{""feature"": ""spread_line_clean"", ""label"": ""Closing spread"", ""value"": ""-2.5"", ""direction"": ""ATL"", ""impact"": 0.6865883596141624}, {""feature"": ""diff_season_epa_per_play"", ""label"": ""Season offensive EPA"", ""value"": ""-0.063"", ""direction"": ""ATL"", ""impact"": 0.3407246676946388}, {""feature"": ""diff_season_qb_epa_per_play"", ""label"": ""Season QB EPA"", ""value"": ""-0.103"", ""direction"": ""ARI"", ""impact"": 0.26151706626042653}]",market_elo_form,5351,15
2025_16_BUF_CLE,2025,16,CLE,BUF,0.0,True,1,0,0,-10.5,425.0,-575.0,0.182741116751269,1,-10.5,1,1335.7277095727788,1650.5805175863804,-314.8528080136016,0.1830478389158397,-0.0357813945463878,-0.0922663949429071,-0.0332729201992624,0.0051982747039772,-0.0946003309168012,-0.2085536403742652,-0.2699254364832458,-0.1100748543689196,0.0303167401261775,-0.3397040837032277,-4.258140068886338,1.8650746268656704,-6.12321469575201,-0.1899885189437428,-0.3665212399540757,-0.3872169832169554,0.1316534509558229,-0.0824606200141348,0.030331847805482,-0.0354982601467981,0.0001271923360063,-0.114496798658457,-0.0433486939401801,0.0058444862580365,-0.0019377909976899,-0.1397145939424003,-1.7444328150972543,-0.3596582728225725,-20.0,5.333333333333332,-25.333333333333336,-1.0,-2.0,-1.3484598158222418,-1.071488163609323,-0.4487439902730644,-0.0102091677739172,-0.1539167469907506,-0.0786650500919932,-0.6489154147387617,-0.2227964151095571,0.0396757146757146,-0.003742758804011,-0.7696641111146034,-3.7429193878616007,3.3871891312079474,0.1575296699769454,0.8424703300230546,0,BUF,BUF,1,BUF was projected ahead because the strongest inputs for this specific matchup were: Closing spread -10.5 favored BUF; Season offensive EPA -0.082 favored BUF; Season QB EPA -0.140 favored CLE.,"[{""feature"": ""spread_line_clean"", ""label"": ""Closing spread"", ""value"": ""-10.5"", ""direction"": ""BUF"", ""impact"": 1.8567475911604174}, {""feature"": ""diff_season_epa_per_play"", ""label"": ""Season offensive EPA"", ""value"": ""-0.082"", ""direction"": ""BUF"", ""impact"": 0.442083467582594}, {""feature"": ""diff_season_qb_epa_per_play"", ""label"": ""Season QB EPA"", ""value"": ""-0.140"", ""direction"": ""CLE"", ""impact"": 0.3527040130348331}]",market_elo_form,5351,15
2025_16_CIN_MIA,2025,16,MIA,CIN,0.0,True,1,-1,0,-3.5,170.0,-205.0,0.355270821199767,1,-3.5,1,1479.7409103428988,1423.808094629234,55.93281571366492,0.6544325372587431,0.0297348597178275,-0.1321269427104086,-0.0122111815066438,0.0118049348099571,-0.0364003884278136,-0.1209696353111814,0.0085175458081097,-0.0147551239336531,-0.0265510897089843,0.0160735419490146,-1.3847397230079714,0.4397523970463979,-1.8244921200543696,-0.022060174130267,-0.1490577127952683,0.0480454155920568,-0.1017516274402314,-0.0229101360618172,0.0060811305353345,-0.0065041571701462,-0.0080541469709852,-0.0232432970312553,-0.0253246445401397,0.005005792025467,0.0092285732423667,-0.0364721318955465,-0.1790509299416547,-1.225133898331448,1.333333333333332,-7.333333333333336,8.666666666666666,0.3333333333333333,1.6666666666666663,0.8048853119616632,-2.8571307481240975,0.0366414903806368,-0.167773190047144,0.026104376380605,-0.0340634730264278,-0.1120720226612538,0.2258839657245771,0.0624221538695223,-0.0150980499950751,0.1421912894835852,0.6884581665312308,-6.581143753983362,0.38315430972493847,0.6168456902750615,0,CIN,CIN,1,CIN was projected ahead because the strongest inputs for this specific matchup were: Closing spread -3.5 favored CIN; Season offensive EPA -0.023 favored CIN; Recent win rate +33.3% favored MIA.,"[{""feature"": ""spread_line_clean"", ""label"": ""Closing spread"", ""value"": ""-3.5"", ""direction"": ""CIN"", ""impact"": 0.8328582635574443}, {""feature"": ""diff_season_epa_per_play"", ""label"": ""Season offensive EPA"", ""value"": ""-0.023"", ""direction"": ""CIN"", ""impact"": 0.1261118964196146}, {""feature"": ""diff_last3_win_pct"", ""label"": ""Recent win rate"", ""value"": ""+33.3%"", ""direction"": ""MIA"", ""impact"": 0.09802155852720332}]",market_elo_form,5351,15
2025_16_GB_CHI,2025,16,CHI,GB,1.0,True,1,0,1,1.5,-118.0,-102.0,0.5173641257162701,1,1.5,1,1544.447813785839,1640.7496043047868,-96.30179051894788,0.4408403554217022,-0.0022493925152366,-0.102420105881765,-0.0226510996174559,0.0039773290623319,-0.0718171970320032,-0.0715724164106657,0.0117312522332365,-0.0064927931358179,0.0156586021505376,-0.0032246895511223,-4.396027670055549,0.4282307934178817,-4.824258463473431,-0.152604548789435,-0.5048911714355587,-0.6246845987798091,0.0056163357825465,-0.1441188105121474,-0.0120965978216494,-0.0443800377216919,-0.0066869195708149,-0.2083712988528168,-0.0434313724744199,0.0140086318975367,-0.0076618613406132,-0.2570334255393688,-1.7478823101302816,-5.040614204771702,-3.0,-10.999999999999998,8.0,0.0,1.6666666666666663,-1.0137623354218783,-0.173768291401541,-0.1333838153421122,-0.2107203700857701,-0.015487474534494,-0.0881067678766863,-0.287943146458247,0.1121289146784525,0.0219040319583797,0.0116979794399149,-0.2552244587089267,-4.093221441884949,-5.706352403007612,0.49378012798469495,0.506219872015305,0,GB,CHI,0,GB was projected ahead because the strongest inputs for this specific matchup were: Season offensive EPA -0.144 favored GB; Season QB EPA -0.257 favored CHI; Closing spread +1.5 favored CHI.,"[{""feature"": ""diff_season_epa_per_play"", ""label"": ""Season offensive EPA"", ""value"": ""-0.144"", ""direction"": ""GB"", ""impact"": 0.7692384129953443}, {""feature"": ""diff_season_qb_epa_per_play"", ""label"": ""Season QB EPA"", ""value"": ""-0.257"", ""direction"": ""CHI"", ""impact"": 0.6458608648895222}, {""feature"": ""spread_line_clean"", ""label"": ""Closing spread"", ""value"": ""+1.5"", ""direction"": ""CHI"", ""impact"": 0.10150874384103485}]",market_elo_form,5351,15
2025_16_JAX_DEN,2025,16,DEN,JAX,0.0,True,1,0,0,3.5,-175.0,145.0,0.6092362344582594,1,3.5,1,1673.455717444353,1547.1473220879366,126.30839535641644,0.7395623333912835,0.0412887284815148,-0.1294162356403751,-0.0091575636117304,6.542317321548557e-05,-0.0137076921775005,0.5432932532307673,0.1551162468439692,0.1364048235682853,-0.0263328426473633,0.4718938264482083,2.2909261845432063,-1.3895232618636868,3.680449446406893,0.1517018538295134,0.0440318738191078,0.2598834453072562,-0.2880608393907513,0.0374884554051022,-0.0455693150335491,0.009843459299229,-0.0193787988994303,0.0616415792397843,-0.0031986508705553,-0.0098884976561002,0.0109706217924065,0.0582656737800831,1.0803039998302622,0.0471331148482524,-8.000000000000004,9.0,-17.0,0.0,-0.6666666666666667,-0.2899503476580722,1.0914941142122323,0.0121356796277945,0.2660031422101725,0.0483397914167197,0.0470117560085737,-0.104431994783988,0.2626444842325721,-0.0010497416020671,0.0131468273302843,0.0181704113751913,0.357235437618226,3.5353286601072695,0.6781614537838534,0.3218385462161466,1,DEN,JAX,0,DEN was projected ahead because the strongest inputs for this specific matchup were: Season offensive EPA +0.037 favored DEN; Closing spread +3.5 favored DEN; Season QB EPA +0.058 favored JAX.,"[{""feature"": ""diff_season_epa_per_play"", ""label"": ""Season offensive EPA"", ""value"": ""+0.037"", ""direction"": ""DEN"", ""impact"": 0.19435968626499125}, {""feature"": ""spread_line_clean"", ""label"": ""Closing spread"", ""value"": ""+3.5"", ""direction"": ""DEN"", ""impact"": 0.19103106404552891}, {""feature"": ""diff_season_qb_epa_per_play"", ""label"": ""Season QB EPA"", ""value"": ""+0.058"", ""direction"": ""JAX"", ""impact"": 0.14201001731160834}]",market_elo_form,5351,15
2025_16_KC_TEN,2025,16,TEN,KC,1.0,True,1,0,0,-3.5,154.0,-185.0,0.3775334481388264,1,-3.5,1,1256.8167191530692,1571.7306469414686,-314.9139277883994,0.1829952311034535,0.0296701826027844,-0.1221362632786622,-0.0184995391434529,0.0095915688025525,-0.0273069254723183,-0.2910652418681047,0.0750222615635315,-0.0625646012050267,-0.0336716922923818,-0.1948828684785814,-2.652602503236946,1.6024600776866649,-4.2550625809236085,-0.1264997842037117,-0.2236426413465689,-0.2673469799952652,-0.1061276526050178,-0.0725680201394034,0.0093469439017101,-0.0260093785301708,-0.0021252096454819,-0.0845635449902975,-0.0409023198178457,0.0101271232551819,-6.99994323698494e-05,-0.1107493449052806,-0.6030586146971346,-7.445734101539092,2.333333333333332,8.0,-5.666666666666667,0.3333333333333333,0.6666666666666667,-0.1351340146921877,0.1885591101857819,-0.0334138870403266,0.0283644545625688,-0.0354490009925152,0.0091651340942217,-0.1773416837807228,0.2474705473118508,-0.0476230525852056,-0.0058185620685619,-0.0248088546008493,-0.0482120181518221,-8.679165291738933,0.39072061613277864,0.6092793838672214,0,KC,TEN,0,KC was projected ahead because the strongest inputs for this specific matchup were: Closing spread -3.5 favored KC; Season offensive EPA -0.073 favored KC; Season QB EPA -0.111 favored TEN.,"[{""feature"": ""spread_line_clean"", ""label"": ""Closing spread"", ""value"": ""-3.5"", ""direction"": ""KC"", ""impact"": 0.8328582635574443}, {""feature"": ""diff_season_epa_per_play"", ""label"": ""Season offensive EPA"", ""value"": ""-0.073"", ""direction"": ""KC"", ""impact"": 0.38959388029715053}, {""feature"": ""diff_season_qb_epa_per_play"", ""label"": ""Season QB EPA"", ""value"": ""-0.111"", ""direction"": ""TEN"", ""impact"": 0.28032551160140695}]",market_elo_form,5351,15
2025_16_LAC_DAL,2025,16,DAL,LAC,0.0,True,1,0,0,1.5,-122.0,102.0,0.5260865852617197,1,1.5,1,1470.670613304626,1562.9917236581896,-92.32111035356364,0.4464962363291449,0.1442581717940717,-0.0471065918911606,0.0143769753902676,-0.0104731983895954,0.1269205607145453,0.3215253467127133,0.2704853227289806,0.0417989232677613,-0.0619727172052753,0.3883969514846501,1.6253731343283595,0.6076616915422903,1.0177114427860696,0.0315422885572139,-0.2952238805970149,0.1228175717829787,-0.0015373327430321,0.0091757587462454,0.0114213296346738,0.0076103105208698,-0.0009567902493318,0.0031587761342715,0.0572892068808579,-0.0022347547127974,-0.0004160112048489,0.0300850275753628,0.3454005285687684,-1.683123926497843,6.0,20.0,-14.0,-0.6666666666666667,-2.0,1.4166157358153892,1.905555082600654,0.1350063456510533,0.4072126611823383,0.0440655810326533,0.0392692725739278,0.0898221120120765,0.1705942360107646,-0.0860591982543202,-0.0744186046511628,0.2426235753941616,0.0524044519130538,9.879050341473308,0.551630039141392,0.44836996085860803,1,DAL,LAC,0,DAL was projected ahead because the strongest inputs for this specific matchup were: Recent win rate -66.7% favored LAC; Recent defensive EPA allowed +0.407 favored LAC; Closing spread +1.5 favored DAL.,"[{""feature"": ""diff_last3_win_pct"", ""label"": ""Recent win rate"", ""value"": ""-66.7%"", ""direction"": ""LAC"", ""impact"": 0.18374763818462314}, {""feature"": ""diff_last3_epa_per_play_allowed"", ""label"": ""Recent defensive EPA allowed"", ""value"": ""+0.407"", ""direction"": ""LAC"", ""impact"": 0.12715086392201866}, {""feature"": ""spread_line_clean"", ""label"": ""Closing spread"", ""value"": ""+1.5"", ""direction"": ""DAL"", ""impact"": 0.10150874384103485}]",market_elo_form,5351,15
2025_16_LA_SEA,2025,16,SEA,LA,1.0,True,1,0,1,1.5,-122.0,102.0,0.5260865852617197,1,1.5,1,1664.067039777986,1677.9711985117387,-13.904158733752638,0.5588673885407698,0.1386450761126455,-0.0705865088750365,0.0076470971250464,0.0027363710903407,0.0790996620369056,-0.0321666739791616,-0.2750580667794994,0.0767947566494154,0.0173470108764226,-0.1297126703219783,-0.7869979296066241,-0.9503933747412,0.1633954451345758,-0.0146583850931676,0.0010766045548654,-0.1582882201301858,-0.058476161323778,-0.0137424926823367,0.0091377067835526,-0.0221519300837848,0.0013464302931029,0.0073175458342721,-0.030388995190311,0.0174739470206188,-0.0084039741750388,-0.0226182987185777,2.069874389943883,-0.5811123753371668,-11.0,-19.0,8.000000000000002,0.3333333333333333,2.666666666666667,-2.533526421885366,-2.0301320617852867,-0.2540393390107112,-0.4400181612776662,-0.1544165373960588,-0.0469224697047276,-0.1373360354447069,-0.5505535516785226,0.0345789117668601,0.006158850637029,-0.5235761204186256,-2.8340706165444915,-4.687711033797217,0.4927705808409807,0.5072294191590193,0,LA,SEA,0,LA was projected ahead because the strongest inputs for this specific matchup were: Recent defensive EPA allowed -0.440 favored SEA; Recent offensive success rate -15.4% favored LA; Closing spread +1.5 favored SEA.,"[{""feature"": ""diff_last3_epa_per_play_allowed"", ""label"": ""Recent defensive EPA allowed"", ""value"": ""-0.440"", ""direction"": ""SEA"", ""impact"": 0.13629024259016617}, {""feature"": ""diff_last3_success_rate"", ""label"": ""Recent offensive success rate"", ""value"": ""-15.4%"", ""direction"": ""LA"", ""impact"": 0.11540720149661517}, {""feature"": ""spread_line_clean"", ""label"": ""Closing spread"", ""value"": ""+1.5"", ""direction"": ""SEA"", ""impact"": 0.10150874384103485}]",market_elo_form,5351,15
2025_16_LV_HOU,2025,16,HOU,LV,1.0,True,1,0,0,14.5,-1600.0,900.0,0.9039548022598868,1,14.5,1,1630.6488791778245,1290.4167257309143,340.23215344690993,0.9067970390228788,0.0146483307631236,-0.1609774649927262,-0.0261637993579151,0.0108655337755438,-0.0525096595001166,0.0660399376679115,-0.3144984398982373,-0.1100702557996561,-0.0167794800577996,-0.0701931904386865,0.9014249639249634,-2.3705808080808097,3.2720057720057723,0.0893759018759018,0.4061147186147186,0.1040256635953502,-0.0599096473720823,0.0329105580526455,-0.0524604906896856,-0.0059996006373939,-0.0219011152904166,0.0309040280489498,0.0680108830405186,-0.0008311011895942,0.0085383756596882,0.0591718705347426,0.2562390188318766,-0.5547075000454866,16.333333333333336,-13.333333333333334,29.666666666666664,1.0,1.3333333333333333,1.642246928785291,-0.4536777165192838,0.2667889630157065,-0.2729575947677016,0.0302298787306802,-0.1080841235909212,0.3900628602530077,0.1822323918297976,-0.0826621552428003,-0.0308051751613861,0.430026670358264,0.2796206192216852,-3.6971467453414135,0.8883780467728414,0.11162195322715862,1,HOU,HOU,1,HOU was projected ahead because the strongest inputs for this specific matchup were: Closing spread +14.5 favored HOU; Recent win rate +100.0% favored HOU; Season offensive EPA +0.033 favored HOU.,"[{""feature"": ""spread_line_clean"", ""label"": ""Closing spread"", ""value"": ""+14.5"", ""direction"": ""HOU"", ""impact"": 1.8000000074216298}, {""feature"": ""diff_last3_win_pct"", ""label"": ""Recent win rate"", ""value"": ""+100.0%"", ""direction"": ""HOU"", ""impact"": 0.2858676896684209}, {""feature"": ""diff_season_epa_per_play"", ""label"": ""Season offensive EPA"", ""value"": ""+0.033"", ""direction"": ""HOU"", ""impact"": 0.17006961634319523}]",market_elo_form,5351,15
2025_16_MIN_NYG,2025,16,NYG,MIN,0.0,True,1,0,0,-2.5,124.0,-148.0,0.4279403644395361,1,-2.5,1,1322.4455065621655,1516.267381437131,-193.8218748749655,0.3102131598011478,0.07082856156288,-0.0574061182904745,-0.0017306218070298,-0.0057324594016571,0.021917430916487,0.3041959037020311,0.0014510407338996,-0.0002475045138589,-0.0443163019775922,0.1907312186021297,-1.48545560485859,1.5638205369548643,-3.049276141813455,-0.0867195553762718,-0.0323965756801578,-0.100488312822887,0.2135916743929833,-0.0023542432504127,0.050110760825281,0.0020778999344224,0.0034457663984091,-0.0198920985770624,0.0070305993277151,-0.0091900775936025,-0.0061323223009862,-0.0133189166912167,-0.8293804616236211,1.3236142571292806,-0.6666666666666679,14.666666666666668,-15.333333333333332,-0.6666666666666666,1.3333333333333337,0.4917618395284311,2.0432531524157627,0.0741262871271672,0.2244677844598029,-0.0082575721873832,0.0609790925517024,0.1615604919329319,-0.0976172910417417,-0.0475645553019105,-0.0052698270721526,0.0133491327478562,-0.361153003459884,-11.621916805568528,0.39729708091123755,0.6027029190887625,0,MIN,MIN,1,MIN was projected ahead because the strongest inputs for this specific matchup were: Closing spread -2.5 favored MIN; Recent win rate -66.7% favored MIN; Recent defensive EPA allowed +0.224 favored MIN.,"[{""feature"": ""spread_line_clean"", ""label"": ""Closing spread"", ""value"": ""-2.5"", ""direction"": ""MIN"", ""impact"": 0.6865883596141624}, {""feature"": ""diff_last3_win_pct"", ""label"": ""Recent win rate"", ""value"": ""-66.7%"", ""direction"": ""MIN"", ""impact"": 0.1837476381846231}, {""feature"": ""diff_last3_epa_per_play_allowed"", ""label"": ""Recent defensive EPA allowed"", ""value"": ""+0.224"", ""direction"": ""MIN"", ""impact"": 0.07032749152223772}]",market_elo_form,5351,15
2025_16_NE_BAL,2025,16,BAL,NE,0.0,True,1,0,0,3.5,-185.0,154.0,0.6224665518611737,1,3.5,1,1548.8597498654967,1553.072034237386,-4.2122843718891545,0.5725732123369323,0.1164008561563317,-0.0310437301301502,0.001783561978116,-0.0022543523927287,0.099625514548535,-0.1720432880927714,0.1567152579780523,-0.0196043297919006,0.0665772038437573,0.0709796219314221,-2.764578622102846,-0.3958086716575089,-2.368769950445339,-0.0690336432880783,-0.2603946412389482,-0.2046041785901859,-0.3433340299916807,-0.0594123933296778,-0.0393168141230471,-0.0326825958491923,-0.0235003845032521,-0.0769497405826585,-0.0177349640533455,0.0059888601279772,0.0035586032209831,-0.0921371656365872,-0.6376418452279822,-4.230075923457601,-10.0,-3.666666666666664,-6.333333333333334,-0.3333333333333333,-1.3333333333333337,0.1544558580100226,0.0285570550952583,-0.1585533790128216,-0.0276114805626531,-0.0543194286783147,-0.057786959240644,-0.346832413436186,0.1241202949913655,0.046248985268949,-0.0208076091989504,-0.1416571928354617,-3.427619059108803,-14.880676011566948,0.5938363931868882,0.4061636068131118,1,BAL,NE,0,BAL was projected ahead because the strongest inputs for this specific matchup were: Season offensive EPA -0.059 favored NE; Season QB EPA -0.092 favored BAL; Closing spread +3.5 favored BAL.,"[{""feature"": ""diff_season_epa_per_play"", ""label"": ""Season offensive EPA"", ""value"": ""-0.059"", ""direction"": ""NE"", ""impact"": 0.319790852734332}, {""feature"": ""diff_season_qb_epa_per_play"", ""label"": ""Season QB EPA"", ""value"": ""-0.092"", ""direction"": ""BAL"", ""impact"": 0.2338173099231842}, {""feature"": ""spread_line_clean"", ""label"": ""Closing spread"", ""value"": ""+3.5"", ""direction"": ""BAL"", ""impact"": 0.19103106404552891}]",market_elo_form,5351,15
2025_16_NYJ_NO,2025,16,NO,NYJ,1.0,True,1,0,0,6.5,-298.0,240.0,0.7179705215419501,1,6.5,1,1370.697999508459,1331.812316329707,38.885683178751606,0.6319169618864979,0.1579660575413309,-0.063024759312681,0.0434746139036821,-0.0166380485919862,0.1405358628666535,-0.1719320575186429,-0.3454122212171438,-0.1025398100429177,0.0781197063805759,-0.2762655863344411,6.770772251660972,-0.1946006043162889,6.965372855977262,0.1681057284521792,0.354323013332616,0.8758304445931904,0.3393642847447964,0.1311873986724118,0.0012276139343424,0.0583887569194874,0.0080731282310352,0.1877319518370646,0.044505726959038,-0.0270712178024819,0.0006672826274842,0.235050801016272,2.9362330812789734,4.51847748481527,1.333333333333332,-16.000000000000004,17.333333333333332,0.3333333333333333,1.6666666666666667,0.5918576749012256,-1.4569426380368269,0.1588395279196688,-0.2944946013216483,0.0508265350343159,-0.1557851099971468,0.2669833558823493,-0.0233207088569,0.021668434075645,0.0241726015919564,0.2472190513737648,5.102928063390507,-1.5546205247180511,0.7124466251798081,0.28755337482019194,1,NO,NO,1,NO was projected ahead because the strongest inputs for this specific matchup were: Season offensive EPA +0.131 favored NO; Closing spread +6.5 favored NO; Season QB EPA +0.235 favored NYJ.,"[{""feature"": ""diff_season_epa_per_play"", ""label"": ""Season offensive EPA"", ""value"": ""+0.131"", ""direction"": ""NO"", ""impact"": 0.6915210921099637}, {""feature"": ""spread_line_clean"", ""label"": ""Closing spread"", ""value"": ""+6.5"", ""direction"": ""NO"", ""impact"": 0.6298407758753746}, {""feature"": ""diff_season_qb_epa_per_play"", ""label"": ""Season QB EPA"", ""value"": ""+0.235"", ""direction"": ""NYJ"", ""impact"": 0.5837615302599434}]",market_elo_form,5351,15
2025_16_PHI_WAS,2025,16,WAS,PHI,0.0,True,1,0,1,-7.0,300.0,-380.0,0.24,1,-7.0,1,1438.6747337189356,1617.5255780321088,-178.85084431317318,0.3289489220379114,0.0661542243418033,-0.0779641563907821,0.0026833883947668,0.0003317177959149,0.0115758196915796,0.0685669622899348,0.2023416666001719,0.0673133459679395,-0.0596425593376812,0.016566806479744,-4.4178230033919235,2.161455442491519,-6.579278445883441,-0.1755957887317739,-0.1740275758777146,-0.3213012146277698,0.3480341386481917,-0.0654178455961508,0.0566305465413281,-0.0204816023794816,0.0155679659706847,-0.0683437845024719,-0.05348675017892,0.0049540624104882,-0.0047354115595445,-0.1136471176865283,-0.4244511538421938,-2.2140945746560927,-3.3333333333333357,10.999999999999998,-14.333333333333332,0.0,0.0,-0.7757958988932856,2.052458988759818,-0.0919214457878356,0.3619738361334872,-0.0334733863274316,0.1304686967358511,-0.3659685643685778,0.1412086322617464,0.0354756677431095,-0.0575244667023472,-0.291393509214742,-1.0591993173490477,3.2660362628320603,0.27616129470477796,0.723838705295222,0,PHI,PHI,1,PHI was projected ahead because the strongest inputs for this specific matchup were: Closing spread -7.0 favored PHI; Season offensive EPA -0.065 favored PHI; Season QB EPA -0.114 favored WAS.,"[{""feature"": ""spread_line_clean"", ""label"": ""Closing spread"", ""value"": ""-7.0"", ""direction"": ""PHI"", ""impact"": 1.3448029273589308}, {""feature"": ""diff_season_epa_per_play"", ""label"": ""Season offensive EPA"", ""value"": ""-0.065"", ""direction"": ""PHI"", ""impact"": 0.3516554500011002}, {""feature"": ""diff_season_qb_epa_per_play"", ""label"": ""Season QB EPA"", ""value"": ""-0.114"", ""direction"": ""WAS"", ""impact"": 0.2875664799470441}]",market_elo_form,5351,15
2025_16_PIT_DET,2025,16,DET,PIT,0.0,True,1,1,0,7.5,-425.0,330.0,0.7768331562167907,1,7.5,1,1618.098809449268,1532.3459029479477,85.75290650132047,0.6921604017468734,0.1091571468209446,-0.0908883442819804,0.0221319156889977,-0.010287439113664,0.0473961384879311,0.3256610559596399,-0.1093692627467506,-0.0275219535504345,-0.0050435227854583,0.2454392073917312,0.394432609257592,5.296330299762008,-4.901897690504416,-0.1875852356291615,-0.2150032534383941,0.02922846147968,0.5904500912018316,-0.0272178583835633,0.0786220346452505,-0.002334691703562,0.0380536839218934,-0.0449583942299566,-0.0232628073567965,0.0001302904627666,-0.0127150623246611,-0.0561855844793908,-1.429636591264484,0.3550544514439291,13.333333333333332,13.0,0.3333333333333333,-0.3333333333333333,0.6666666666666667,1.112218297780312,0.8954075919292244,0.1481844532152075,0.1355425390656684,-0.0125324628716101,0.0747589085846705,0.2817149342407208,-0.0242010137640232,0.0030517153097797,-0.0081987118572484,0.2353467980296638,4.046749260244047,-10.687507795219515,0.7143028534175562,0.28569714658244383,1,DET,PIT,0,DET was projected ahead because the strongest inputs for this specific matchup were: Closing spread +7.5 favored DET; Season offensive EPA -0.027 favored PIT; Season QB EPA -0.056 favored DET.,"[{""feature"": ""spread_line_clean"", ""label"": ""Closing spread"", ""value"": ""+7.5"", ""direction"": ""DET"", ""impact"": 0.7761106798186566}, {""feature"": ""diff_season_epa_per_play"", ""label"": ""Season offensive EPA"", ""value"": ""-0.027"", ""direction"": ""PIT"", ""impact"": 0.14896843258522843}, {""feature"": ""diff_season_qb_epa_per_play"", ""label"": ""Season QB EPA"", ""value"": ""-0.056"", ""direction"": ""DET"", ""impact"": 0.1439813287104767}]",market_elo_form,5351,15
2025_16_SF_IND,2025,16,IND,SF,0.0,True,1,0,0,-4.5,185.0,-225.0,0.3363518758085381,1,-4.5,1,1499.386538344477,1564.6043960890297,-65.2178577445527,0.4852995586156531,0.1278957528387588,-0.0603494277258078,0.0228840904612568,-0.0144358846685141,0.1021169994913059,0.1236143526718046,-0.1491897065108488,-0.0515637161745148,-0.0107142857142857,-0.0802527439473855,1.4469139613451991,1.201257052700175,0.2456569086450241,0.0455059937233112,-0.0043559534221673,-0.0376658084567864,0.2721687699120076,0.0316708101173172,0.0231736279170244,0.0202721174834084,0.0211494943056961,0.0202417508915278,0.011591779082075,-0.0245501837832261,-0.0030162624865186,0.044183714555217,0.2078860221627138,3.057256308485975,-10.666666666666668,11.000000000000002,-21.666666666666668,-1.0,-0.3333333333333333,-0.5387127465657038,0.3153401270980174,-0.1680217161544477,0.0931650033390718,-0.0594000733968381,-0.0091283693028514,-0.1347921413465695,-0.226841223915175,0.004023829023829,-0.0158301158301158,-0.3401185571950206,-5.239843179284684,-5.918981338526608,0.3265563735242599,0.6734436264757401,0,SF,SF,1,SF was projected ahead because the strongest inputs for this specific matchup were: Closing spread -4.5 favored SF; Recent win rate -100.0% favored SF; Season offensive EPA +0.032 favored IND.,"[{""feature"": ""spread_line_clean"", ""label"": ""Closing spread"", ""value"": ""-4.5"", ""direction"": ""SF"", ""impact"": 0.9791281675007262}, {""feature"": ""diff_last3_win_pct"", ""label"": ""Recent win rate"", ""value"": ""-100.0%"", ""direction"": ""SF"", ""impact"": 0.27767070375523195}, {""feature"": ""diff_season_epa_per_play"", ""label"": ""Season offensive EPA"", ""value"": ""+0.032"", ""direction"": ""IND"", ""impact"": 0.1634915824302316}]",market_elo_form,5351,15
2025_16_TB_CAR,2025,16,CAR,TB,1.0,True,1,-3,1,-3.0,130.0,-155.0,0.4170073589533933,1,-3.0,1,1404.9603837714635,1486.9817028024706,-82.0213190310069,0.4611914120784678,0.0064089664966067,-0.0702007204485443,-0.0153458530388282,0.0090818481101735,-0.0260847533806548,0.1759664818921014,-0.1192825215397905,-0.0958527353362191,-0.0160102831561457,0.0737472041013557,-1.2860223860223847,-0.2900081900081908,-0.996014196014196,0.001010101010101,0.0277368277368277,-0.19776908402509,-0.1117864503904817,-0.0212153489893462,-0.0061171911298757,-0.006332050175144,-0.0038730803194149,-0.0722324909213207,0.0704741447405767,0.011467746558364,0.0060537286226349,-0.033341954814165,-0.9030760005810268,-3.921871874212753,-3.666666666666668,-0.6666666666666643,-3.0,0.0,0.6666666666666666,0.7607979978730102,-0.0152009224712301,0.0169794181364343,0.0389791488636826,-0.0687877678253457,0.0414810561494263,0.1852893073663755,-0.004257308791419,-0.0127981512324549,-0.0001756697408871,0.1447843373423862,3.5049962711403575,-6.838035236370872,0.3514076306321604,0.6485923693678396,0,TB,CAR,0,TB was projected ahead because the strongest inputs for this specific matchup were: Closing spread -3.0 favored TB; Season offensive EPA -0.021 favored TB; Season QB EPA -0.033 favored CAR.,"[{""feature"": ""spread_line_clean"", ""label"": ""Closing spread"", ""value"": ""-3.0"", ""direction"": ""TB"", ""impact"": 0.7597233115858033}, {""feature"": ""diff_season_epa_per_play"", ""label"": ""Season offensive EPA"", ""value"": ""-0.021"", ""direction"": ""TB"", ""impact"": 0.11711945003573382}, {""feature"": ""diff_season_qb_epa_per_play"", ""label"": ""Season QB EPA"", ""value"": ""-0.033"", ""direction"": ""CAR"", ""impact"": 0.08689955874708556}]",market_elo_form,5351,15
2025_17_ARI_CIN,2025,17,CIN,ARI,1.0,True,1,0,0,7.0,-345.0,275.0,0.7440690150970525,1,7.0,1,1468.176045989302,1358.374095657501,109.80195033180098,0.7208488904071197,0.0805196463504942,-0.0800703772585008,-0.0002973347974712,-0.002443192322537,0.0279152200552801,-0.0658265775480477,-0.2950940170404782,-0.0255649716100535,0.0300057736390504,-0.1115717685654597,0.0712294383936154,-1.312554345390165,1.383783783783784,0.0271614898480569,0.2338846308995562,-0.0290844819649427,0.1700507177540897,0.0362986008425092,0.0257929183409503,0.0127770543659344,0.0047766858653376,0.046620941214127,0.0170512198864923,-0.0003005042157691,-0.0093878766376869,0.0498172902033839,1.094894137380677,0.4706004857417977,7.666666666666664,-9.0,16.666666666666664,0.3333333333333333,0.3333333333333333,0.2489357855207208,1.0639207056620048,0.0842671856381453,-0.0993712685179727,0.0704306060881105,-0.0503837214002748,0.1911521169352026,-0.1050042103064307,-0.0053358142831827,0.0810891536697988,0.1258198860144945,8.40284415391838,2.121617485103558,0.7319679951164492,0.26803200488355083,1,CIN,CIN,1,CIN was projected ahead because the strongest inputs for this specific matchup were: Closing spread +7.0 favored CIN; Market win probability 74.4% favored CIN; Recent win rate +33.3% favored CIN.,"[{""feature"": ""spread_line_clean"", ""label"": ""Closing spread"", ""value"": ""+7.0"", ""direction"": ""CIN"", ""impact"": 0.33689968536669035}, {""feature"": ""mkt_home_prob"", ""label"": ""Market win probability"", ""value"": ""74.4%"", ""direction"": ""CIN"", ""impact"": 0.27920855342515827}, {""feature"": ""diff_last3_win_pct"", ""label"": ""Recent win rate"", ""value"": ""+33.3%"", ""direction"": ""CIN"", ""impact"": 0.07157501367589825}]",market_elo_form,5367,16
2025_17_BAL_GB,2025,17,GB,BAL,0.0,True,1,1,0,2.5,-142.0,120.0,0.5634920634920635,1,2.5,1,1618.571759068189,1529.993802625047,88.57795644314206,0.6956146096907326,0.2608316357343622,-0.0053632406223668,0.048971934489307,-0.0082742157361482,0.2392852911796419,0.2258548455760307,-0.1332623700232652,0.0390382984859912,0.007696721231083,0.1573983928768007,1.833761486019167,2.598170470638607,-0.764408984619438,0.0154628989230313,0.3132430919210882,0.3040365200116133,0.3982081650967215,0.0684020865118843,0.0543125547902709,0.0239187772329605,0.0271548363252676,0.1057163745364213,-0.0132610314793105,-0.0023875372033132,0.0015434841424162,0.1005306535283684,1.1329207444651084,5.86281377238884,0.0,7.333333333333336,-7.333333333333334,0.0,-0.6666666666666667,-0.8340496967807658,0.0872726122117972,0.0057328548584041,0.0557756857497199,0.016094418300715,0.0441419063176465,0.2038970894239269,-0.237515664257995,-0.0498272362928744,-0.0398212898212898,-0.0471844327332592,1.925349968672716,12.574639372224102,0.5976500144809213,0.40234998551907875,1,GB,BAL,0,GB was projected ahead because the strongest inputs for this specific matchup were: Season offensive EPA +0.068 favored GB; Elo rating edge +89 Elo favored GB; Division matchup No favored GB.,"[{""feature"": ""diff_season_epa_per_play"", ""label"": ""Season offensive EPA"", ""value"": ""+0.068"", ""direction"": ""GB"", ""impact"": 0.04432424268902427}, {""feature"": ""elo_diff"", ""label"": ""Elo rating edge"", ""value"": ""+89 Elo"", ""direction"": ""GB"", ""impact"": 0.043968096692447896}, {""feature"": ""div_game"", ""label"": ""Division matchup"", ""value"": ""No"", ""direction"": ""GB"", ""impact"": 0.035246659068846414}]",market_elo_form,5367,16
2025_17_CHI_SF,2025,17,SF,CHI,1.0,True,1,-2,0,3.5,-205.0,170.0,0.644729178800233,1,3.5,1,1594.467329036076,1566.6256590224366,27.84167001363926,0.6170096772212413,0.1094127766950086,-0.0707665750312346,0.0016929174085774,0.0123852285443179,0.0602428030297134,0.4355767182404503,0.0875882880510315,0.0458953933377592,-0.0366301414688511,0.4712589439426305,0.987454722148602,-0.6011396766498827,1.5885943987984803,0.0492534676208145,0.0251258945136495,0.4332155266567934,-0.2295375762917526,0.0558878196933609,0.0002986155104298,0.017767802361064,-0.0010278794266754,0.0991289770257873,0.019900523704583,0.000976811836631,0.0023728772438459,0.1195434209043682,0.0378949757724428,-0.494033258735493,12.333333333333332,4.000000000000002,8.333333333333332,0.3333333333333333,-1.3333333333333333,0.1829714476523287,-0.0556530281052296,0.1537443675268008,0.0312833890464672,-0.0054855660142147,0.044069855590491,0.2347113606484485,0.0307130961132451,-0.0024187211687211,-0.0231312358646823,0.2926679390046779,5.187480341011814,7.41262722169388,0.6387034454212047,0.3612965545787953,1,SF,SF,1,SF was projected ahead because the strongest inputs for this specific matchup were: Market win probability 64.5% favored SF; Closing spread +3.5 favored SF; Recent win rate +33.3% favored SF.,"[{""feature"": ""mkt_home_prob"", ""label"": ""Market win probability"", ""value"": ""64.5%"", ""direction"": ""SF"", ""impact"": 0.12386443184407636}, {""feature"": ""spread_line_clean"", ""label"": ""Closing spread"", ""value"": ""+3.5"", ""direction"": ""SF"", ""impact"": 0.09185623536395686}, {""feature"": ""diff_last3_win_pct"", ""label"": ""Recent win rate"", ""value"": ""+33.3%"", ""direction"": ""SF"", ""impact"": 0.07157501367589825}]",market_elo_form,5367,16
2025_17_DAL_WAS,2025,17,WAS,DAL,0.0,True,1,1,1,-8.5,380.0,-500.0,0.1999999999999999,1,-8.5,1,1423.19786948913,1445.2903651842723,-22.09249569514236,0.5472165964033759,0.0351993638061742,-0.1077088924635519,-0.013260620632819,0.0023819546729747,-0.0191487122082069,-0.4980893709511508,-0.2808835930707167,-0.0775263493842729,0.0636172161172161,-0.5537601525249812,-4.555735930735928,1.3533549783549788,-5.909090909090909,-0.156547619047619,-0.1343614718614718,-0.4122569463421444,0.1554848633422692,-0.0715969743383145,0.0272400172894196,-0.0282854716768794,-9.241607536913944e-05,-0.0966610129834849,-0.0473371264034189,0.0123265377953328,-0.002748443823668,-0.133164154999565,-0.792261969106184,-0.7721943574203617,-8.666666666666666,-10.333333333333336,1.666666666666666,0.3333333333333333,-0.6666666666666667,-0.9522748004442088,-1.1862253910491445,-0.1678620590764771,-0.0576827359630001,-0.0323585488595284,0.0090349164562202,-0.2613115658059426,0.0086876766233767,0.0169120694120694,0.0620469775642189,-0.3165713658503273,-3.4676912607658497,-4.959845085486853,0.2410770741140899,0.75892292588591,0,DAL,DAL,1,DAL was projected ahead because the strongest inputs for this specific matchup were: Closing spread -8.5 favored DAL; Market win probability 20.0% favored DAL; Recent win rate +33.3% favored WAS.,"[{""feature"": ""spread_line_clean"", ""label"": ""Closing spread"", ""value"": ""-8.5"", ""direction"": ""DAL"", ""impact"": 0.7482927360739865}, {""feature"": ""mkt_home_prob"", ""label"": ""Market win probability"", ""value"": ""20.0%"", ""direction"": ""DAL"", ""impact"": 0.5715873244460636}, {""feature"": ""diff_last3_win_pct"", ""label"": ""Recent win rate"", ""value"": ""+33.3%"", ""direction"": ""WAS"", ""impact"": 0.07157501367589825}]",market_elo_form,5367,16
2025_17_DEN_KC,2025,17,KC,DEN,0.0,True,1,0,1,-13.5,700.0,-1100.0,0.12,1,-13.5,1,1518.174419755477,1629.8027074815234,-111.62828772604644,0.4192194054264302,0.1366253517274047,-0.0575252220396152,0.0263534462176986,-0.0081812452503768,0.1056152620401371,-0.3471731954243282,-0.162229486475236,-0.0156949790229131,0.0044027255631654,-0.430485361044564,1.1699592268454566,-0.8675128375727184,2.0374720644181723,0.0630875002132487,0.3095091867546957,0.1137552957677474,0.2524384272462017,0.0468105522367421,0.0237693589985096,0.016022662911683,0.0190560218065777,0.0504444815480088,0.0269950031015262,0.0029783417157692,-0.0078310232293283,0.0744962473415156,0.3400604044385317,3.7168915690225575,-15.333333333333334,-5.0,-10.333333333333334,-0.6666666666666666,-1.0,-2.126608101775384,-0.4784755928483326,-0.3047245700931395,-0.0890222317950248,-0.1086035589630916,0.0155596218074722,-0.536454992054894,0.0423602438464012,0.070879046914541,-0.0060540110737443,-0.5147308809405106,-6.961857413325156,-4.1494137958030235,0.13803962203129974,0.8619603779687003,0,DEN,DEN,1,DEN was projected ahead because the strongest inputs for this specific matchup were: Closing spread -13.5 favored DEN; Market win probability 12.0% favored DEN; Recent win rate -66.7% favored DEN.,"[{""feature"": ""spread_line_clean"", ""label"": ""Closing spread"", ""value"": ""-13.5"", ""direction"": ""DEN"", ""impact"": 1.0983548075064629}, {""feature"": ""mkt_home_prob"", ""label"": ""Market win probability"", ""value"": ""12.0%"", ""direction"": ""DEN"", ""impact"": 0.6966884942260708}, {""feature"": ""diff_last3_win_pct"", ""label"": ""Recent win rate"", ""value"": ""-66.7%"", ""direction"": ""DEN"", ""impact"": 0.13397734433634426}]",market_elo_form,5367,16
2025_17_DET_MIN,2025,17,MIN,DET,1.0,True,1,0,1,-7.0,285.0,-360.0,0.2491874322860238,1,-7.0,1,1524.3578039644226,1591.5997369723982,-67.2419330079756,0.4823897294088375,0.0112682448115791,-0.1427213444692599,-0.0241257963556689,0.0107336631649318,-0.044076393879225,0.123014025308861,-0.0349243049654254,0.0300375560098156,0.0305760152690346,0.1892009964263902,-0.500526220286698,-3.3155507167483194,2.8150244964616222,0.108764289602613,0.1160587915078933,-0.1034138345288759,-0.4304586647143908,-0.0129200589870682,-0.0793528065104849,-0.0083172499702712,-0.0208039563242177,-0.019086125026862,0.0278249080007357,0.0082885868894138,0.0076613278425852,-0.0126139407827449,0.84550481265507,-2.81088536408893,-7.0,-20.333333333333336,13.333333333333334,0.6666666666666667,-1.0,-0.7559004105588798,-2.2044287097244,-0.0095892207830181,-0.2806365305270127,0.0935740487755514,-0.0912187265010517,-0.037698975372891,0.1742473797982403,0.0569498458790654,0.0638412905261429,0.0449716272287282,0.727850326989333,-0.5688296772438877,0.2914399958804433,0.7085600041195568,0,DET,MIN,0,DET was projected ahead because the strongest inputs for this specific matchup were: Closing spread -7.0 favored DET; Market win probability 24.9% favored DET; Recent win rate +66.7% favored MIN.,"[{""feature"": ""spread_line_clean"", ""label"": ""Closing spread"", ""value"": ""-7.0"", ""direction"": ""DET"", ""impact"": 0.6432741146442436}, {""feature"": ""mkt_home_prob"", ""label"": ""Market win probability"", ""value"": ""24.9%"", ""direction"": ""DET"", ""impact"": 0.4946697579778574}, {""feature"": ""diff_last3_win_pct"", ""label"": ""Recent win rate"", ""value"": ""+66.7%"", ""direction"": ""MIN"", ""impact"": 0.14009246634664577}]",market_elo_form,5367,16
2025_17_HOU_LAC,2025,17,LAC,HOU,0.0,True,1,0,0,1.5,-118.0,-102.0,0.5173641257162701,1,1.5,1,1588.3719717785432,1632.3848827942577,-44.01291101571428,0.5158064234101281,0.145068206569458,-0.103793423116044,0.0180704400652406,-0.0046639373026989,0.1008492610165822,0.3017696306398864,-0.0047351453243712,0.0534310718521245,0.0274413932950518,0.199499264315837,1.8662723288855716,-0.6728634032267564,2.539135732112327,0.0550238764320946,0.2402381747794132,0.2332741524039603,0.0357179448188142,0.0586110165210517,-0.0002600723814646,0.0222267691433152,0.0107627495429145,0.0775419538446638,0.0057608563805523,-0.0066418023221139,0.0037039059376818,0.1011294749202221,0.5149970836187171,2.53806827438312,-3.666666666666668,-0.6666666666666679,-2.999999999999999,0.0,-0.6666666666666667,0.3325538869225806,0.0944064658118088,0.0248507959622008,-0.0164562657864929,0.056146299526797,0.0145292818778555,-0.0138295508902046,0.1309622467494105,0.0579904927662598,-0.0111953523042575,0.050198496930548,1.2937126503477172,-5.562773545914884,0.5449388154371719,0.45506118456282807,1,LAC,HOU,0,LAC was projected ahead because the strongest inputs for this specific matchup were: Market win probability 51.7% favored LAC; Closing spread +1.5 favored LAC; Season offensive EPA +0.059 favored LAC.,"[{""feature"": ""mkt_home_prob"", ""label"": ""Market win probability"", ""value"": ""51.7%"", ""direction"": ""LAC"", ""impact"": 0.07530453227962967}, {""feature"": ""spread_line_clean"", ""label"": ""Closing spread"", ""value"": ""+1.5"", ""direction"": ""LAC"", ""impact"": 0.048168593209033696}, {""feature"": ""diff_season_epa_per_play"", ""label"": ""Season offensive EPA"", ""value"": ""+0.059"", ""direction"": ""LAC"", ""impact"": 0.03790521692418198}]",market_elo_form,5367,16
2025_17_JAX_IND,2025,17,IND,JAX,0.0,True,1,-1,1,-3.5,185.0,-225.0,0.3363518758085381,1,-3.5,1,1469.5236053974309,1590.8003320507662,-121.27672665333534,0.405760462790171,0.0829337124161692,-0.105048272000956,0.0137598581813853,-0.0084961180663105,0.0569952647701699,0.0957354193869905,-0.0641038131260449,-0.0021706173508831,-0.0017443434369896,-0.0589941201808876,3.7810738968633686,-0.7631578947368425,4.544231791600213,0.188676236044657,0.1723019670388091,0.3405449281993551,-0.0311696604706144,0.074016165272257,-0.0203348844495199,0.0328451515483878,0.0121471133481145,0.1021159860194591,0.0213738165598926,-0.0187103933976651,0.002817441474306,0.1278189296075253,0.8704826141802932,1.6431908609311834,-18.666666666666668,14.333333333333332,-33.0,-1.0,-2.6666666666666665,-1.754250328199885,1.1059086654061554,-0.2608711489598005,0.2397629433626225,-0.0327106851922951,0.0423221702878983,-0.482502911939735,0.1579021580461725,-0.0009777350352625,-0.0212580300559394,-0.4551794612217745,-3.0546645013809655,-11.301329118888008,0.3299062826856474,0.6700937173143526,0,JAX,JAX,1,JAX was projected ahead because the strongest inputs for this specific matchup were: Closing spread -3.5 favored JAX; Market win probability 33.6% favored JAX; Recent win rate -100.0% favored JAX.,"[{""feature"": ""spread_line_clean"", ""label"": ""Closing spread"", ""value"": ""-3.5"", ""direction"": ""JAX"", ""impact"": 0.3982306646415101}, {""feature"": ""mkt_home_prob"", ""label"": ""Market win probability"", ""value"": ""33.6%"", ""direction"": ""JAX"", ""impact"": 0.3583650848792334}, {""feature"": ""diff_last3_win_pct"", ""label"": ""Recent win rate"", ""value"": ""-100.0%"", ""direction"": ""JAX"", ""impact"": 0.20249479700709175}]",market_elo_form,5367,16
2025_17_LA_ATL,2025,17,ATL,LA,1.0,True,1,-3,0,-7.5,300.0,-380.0,0.24,1,-7.5,1,1427.2438283341494,1671.967942385315,-244.72411405116551,0.2512155558038793,0.1448984434372929,-0.078480438388552,0.019096834496459,-0.0143486974920419,0.0968120993575493,0.0153301090797961,-0.1409320630927459,0.0114237272389445,-0.0331985088968634,-0.0830480408687946,-1.435384247884251,1.3675095550095548,-2.802893802893803,-0.0957377832377832,-0.1589714714714714,-0.0509025892263554,0.3357161027065833,-0.0038379105248977,0.0581721559696497,-0.0102332837244151,0.0242587558484306,0.0117419836261284,-0.0375051486405298,0.000859465936415,-0.0182125127599595,-0.0062696222591906,1.185655736612336,-1.3503769917115958,-19.666666666666668,-1.666666666666668,-18.0,0.0,-1.6666666666666663,-1.9870209385161308,-0.3189236235057073,-0.2887026508674891,0.063985341526682,-0.1325255579292303,0.0600763606292093,-0.3425497968581196,-0.2439543779820636,0.0109981616412704,0.0200034367035802,-0.5756801098684399,-1.5574368846556723,-9.390659102597745,0.2513039976062456,0.7486960023937543,0,LA,ATL,0,LA was projected ahead because the strongest inputs for this specific matchup were: Closing spread -7.5 favored LA; Market win probability 24.0% favored LA; Elo rating edge -245 Elo favored LA.,"[{""feature"": ""spread_line_clean"", ""label"": ""Closing spread"", ""value"": ""-7.5"", ""direction"": ""LA"", ""impact"": 0.6782803217874912}, {""feature"": ""mkt_home_prob"", ""label"": ""Market win probability"", ""value"": ""24.0%"", ""direction"": ""LA"", ""impact"": 0.5090367395560598}, {""feature"": ""elo_diff"", ""label"": ""Elo rating edge"", ""value"": ""-245 Elo"", ""direction"": ""LA"", ""impact"": 0.12581715924419382}]",market_elo_form,5367,16
2025_17_NE_NYJ,2025,17,NYJ,NE,0.0,True,1,0,1,-12.5,625.0,-950.0,0.1322834645669291,1,-12.5,1,1309.374119177775,1571.9379814778356,-262.5638623000609,0.2323955583293301,-0.0120989481589593,-0.0885898666797863,-0.0276145104204363,0.009692248283147,-0.0769828123814308,-0.4836470044479796,-0.1923107702627824,-0.1080539746082446,0.0781373928108782,-0.5764405744252401,-7.455007704160245,3.3936825885978443,-10.84869029275809,-0.2751412429378531,-0.7501797637390858,-0.6789020211776391,-0.1503171711519062,-0.1546328692617011,0.0190805431572549,-0.0621387601855945,-0.0124005502383648,-0.2054572151687828,-0.0754551537693972,0.0178232807360868,-0.001091919282052,-0.2688477885090274,-2.186497699051065,-5.1454319521582095,-18.666666666666668,12.333333333333332,-31.0,-0.6666666666666666,-1.6666666666666663,-3.100804960497537,1.0247577251003408,-0.5044483782025407,0.0862880895124981,-0.1554849358090095,0.042407877168649,-0.5873688447776937,-0.3118701492887722,0.0470947424690066,-0.0231888780275876,-0.8054840387588321,-9.874865223789584,-11.370983648851205,0.13431120633067617,0.8656887936693238,0,NE,NE,1,NE was projected ahead because the strongest inputs for this specific matchup were: Closing spread -12.5 favored NE; Market win probability 13.2% favored NE; Elo rating edge -263 Elo favored NE.,"[{""feature"": ""spread_line_clean"", ""label"": ""Closing spread"", ""value"": ""-12.5"", ""direction"": ""NE"", ""impact"": 1.0283423932199676}, {""feature"": ""mkt_home_prob"", ""label"": ""Market win probability"", ""value"": ""13.2%"", ""direction"": ""NE"", ""impact"": 0.6774800468976445}, {""feature"": ""elo_diff"", ""label"": ""Elo rating edge"", ""value"": ""-263 Elo"", ""direction"": ""NE"", ""impact"": 0.13490479022647925}]",market_elo_form,5367,16
2025_17_NO_TEN,2025,17,TEN,NO,0.0,True,1,0,0,-1.5,100.0,-120.0,0.4782608695652174,1,-1.5,1,1310.372946339061,1393.136196660391,-82.76325032133013,0.4601302970429414,0.0385955306892175,-0.1140820172389071,-0.0087552205231456,0.0072159659669178,-0.0187555177133914,0.1636225424287013,0.2294246029821242,0.0753241065353529,-0.0383591195604543,0.1944697080549026,-5.26144578313253,0.2500708717221833,-5.511516654854713,-0.1097448618001417,-0.0832742735648476,-0.5562130407436934,-0.193995611343162,-0.0880420004934432,0.0167323079501335,-0.0443874483199426,0.0073678374490851,-0.1192898107409764,-0.0500739944315364,0.0248417598188682,-0.0022221754690069,-0.1587789902001421,-1.837674885298924,-5.682196285405338,2.666666666666668,10.666666666666666,-8.0,-0.3333333333333333,0.0,0.1995710799578827,0.6579047105295186,0.0048912165063107,0.1315391752606098,-0.0075182438328942,0.0827830296435544,-0.1615147377253894,0.2881820807376151,-0.0688522226342026,0.0035589108169753,-0.0026300926216619,-0.7764591694616453,-10.633138299617936,0.4356997128095809,0.564300287190419,0,NO,NO,1,NO was projected ahead because the strongest inputs for this specific matchup were: Closing spread -1.5 favored NO; Market win probability 47.8% favored NO; Recent win rate -33.3% favored NO.,"[{""feature"": ""spread_line_clean"", ""label"": ""Closing spread"", ""value"": ""-1.5"", ""direction"": ""NO"", ""impact"": 0.25820583606851955}, {""feature"": ""mkt_home_prob"", ""label"": ""Market win probability"", ""value"": ""47.8%"", ""direction"": ""NO"", ""impact"": 0.13645282086342916}, {""feature"": ""diff_last3_win_pct"", ""label"": ""Recent win rate"", ""value"": ""-33.3%"", ""direction"": ""NO"", ""impact"": 0.06545989166559675}]",market_elo_form,5367,16
2025_17_NYG_LV,2025,17,LV,NYG,0.0,True,1,0,0,-3.0,136.0,-162.0,0.4066302458405761,1,-3.0,1,1288.6807221144811,1314.355084034874,-25.674361920392812,0.5421030472672184,0.0178478694838928,-0.1951080199281108,-0.0036411113803943,0.0050974846160237,-0.0786576342726623,-0.1363288458464094,-0.1257605340517221,-0.119075138323952,0.0195462040289626,-0.2288912333528241,-0.5035714285714263,1.5188095238095265,-2.022380952380953,-0.0574999999999999,-0.3058333333333334,-0.0202276289239167,-0.0533901537423302,-0.0315091902690349,0.0323217032009994,0.0019923208166919,0.0166372348266059,-0.001825206840294,-0.0878710532183085,0.0043261127959959,-0.0076360301533091,-0.0484522546808077,0.2193492620424461,-0.1503701962012135,-3.666666666666666,0.0,-3.666666666666668,0.0,-0.3333333333333333,-0.007197680943495,-0.4492619379813654,-0.0463346003939892,0.106140561354482,-0.04558455796282,0.0434325802478396,0.0078203006235592,-0.0296861824703638,0.0021415867765612,-0.0609884858080527,0.0819089070102836,1.6988456694712597,11.532456778377162,0.41127594814937046,0.5887240518506296,0,NYG,NYG,1,NYG was projected ahead because the strongest inputs for this specific matchup were: Closing spread -3.0 favored NYG; Market win probability 40.7% favored NYG; Division matchup No favored LV.,"[{""feature"": ""spread_line_clean"", ""label"": ""Closing spread"", ""value"": ""-3.0"", ""direction"": ""NYG"", ""impact"": 0.36322445749826243}, {""feature"": ""mkt_home_prob"", ""label"": ""Market win probability"", ""value"": ""40.7%"", ""direction"": ""NYG"", ""impact"": 0.24846625611373133}, {""feature"": ""div_game"", ""label"": ""Division matchup"", ""value"": ""No"", ""direction"": ""LV"", ""impact"": 0.035246659068846414}]",market_elo_form,5367,16
2025_17_PHI_BUF,2025,17,BUF,PHI,0.0,True,1,-1,0,3.0,-170.0,142.0,0.6037569709421778,1,3.0,1,1655.119553494306,1633.0024422619144,22.117111232391608,0.6091931138850601,0.0902778615402294,-0.0346666912140398,0.012965562648379,-0.0057627109405589,0.0581757996196052,0.4609414947013551,0.3084432551203271,0.1891523571637043,-0.051807125741378,0.6100459314267144,-2.071944673823289,-0.124002202036884,-1.9479424717864025,-0.0512489677952106,0.1067987888797137,-0.2096154885212628,0.0343288706779016,-0.0325457239544231,0.0124052616713816,-0.0104402272319596,0.0105047716811064,-0.0451912418091726,-0.0113904613195946,-0.0010787374204036,-0.0051359090657024,-0.0686735667604382,-0.2721996905409982,-2.0829740847788987,6.0000000000000036,14.999999999999998,-9.0,0.3333333333333333,2.0,0.3756402579029556,2.465905944476301,0.0784178081455166,0.3120431227795651,0.0401377153108354,0.1592436881385375,-0.1280104882767851,0.0209369173591621,0.0352930833213947,-0.057739964744524,0.010422406443545,2.404885027238963,2.6989272879930057,0.627203075022593,0.372796924977407,1,BUF,PHI,0,BUF was projected ahead because the strongest inputs for this specific matchup were: Recent defensive EPA allowed +0.312 favored PHI; Recent win rate +33.3% favored BUF; Market win probability 60.4% favored BUF.,"[{""feature"": ""diff_last3_epa_per_play_allowed"", ""label"": ""Recent defensive EPA allowed"", ""value"": ""+0.312"", ""direction"": ""PHI"", ""impact"": 0.07756064087830598}, {""feature"": ""diff_last3_win_pct"", ""label"": ""Recent win rate"", ""value"": ""+33.3%"", ""direction"": ""BUF"", ""impact"": 0.07157501367589825}, {""feature"": ""mkt_home_prob"", ""label"": ""Market win probability"", ""value"": ""60.4%"", ""direction"": ""BUF"", ""impact"": 0.05979354270017257}]",market_elo_form,5367,16
2025_17_PIT_CLE,2025,17,CLE,PIT,1.0,True,1,0,1,-4.5,170.0,-205.0,0.355270821199767,1,-4.5,1,1331.1886736648532,1558.8449754248172,-227.656301759964,0.2701445003372015,-0.0112014175668068,-0.0664153406566884,-0.0125985404836082,-0.004501112265348,-0.0698082328178442,-0.244244742884084,-0.2022555015066272,-0.0671760851067401,0.008292691187428,-0.2965538683278497,-4.258762960571165,3.6252825314820782,-7.884045492053241,-0.273831306282065,-0.3026764252143652,-0.45008926247095,0.2885977281585985,-0.0972807654025231,0.0557171977362736,-0.0369309138152498,0.0209486173585435,-0.1648526884272615,-4.70507407219628e-05,0.0059100951032654,-0.0115972653708197,-0.1740413975639142,-2.525491691262191,-1.8592710334595497,-10.666666666666668,8.0,-18.666666666666668,-1.0,-2.3333333333333335,-1.4899597885105127,-0.2522888409134989,-0.4181697155065479,-0.0156883467520194,-0.0860849650704724,0.0102514860000417,-0.472240563074145,-0.3833098491364549,0.0324503074503074,-0.0005760042910875,-0.6860485023610495,-3.483168467941516,-5.553465478879787,0.2672579162900593,0.7327420837099408,0,PIT,CLE,0,PIT was projected ahead because the strongest inputs for this specific matchup were: Closing spread -4.5 favored PIT; Market win probability 35.5% favored PIT; Recent win rate -100.0% favored PIT.,"[{""feature"": ""spread_line_clean"", ""label"": ""Closing spread"", ""value"": ""-4.5"", ""direction"": ""PIT"", ""impact"": 0.4682430789280054}, {""feature"": ""mkt_home_prob"", ""label"": ""Market win probability"", ""value"": ""35.5%"", ""direction"": ""PIT"", ""impact"": 0.3287803073861482}, {""feature"": ""diff_last3_win_pct"", ""label"": ""Recent win rate"", ""value"": ""-100.0%"", ""direction"": ""PIT"", ""impact"": 0.20249479700709175}]",market_elo_form,5367,16
2025_17_SEA_CAR,2025,17,CAR,SEA,0.0,True,1,-3,0,-6.5,245.0,-305.0,0.2779207411219763,1,-6.5,1,1420.0850979726736,1670.07029590441,-249.98519793173637,0.2455617433670877,0.035723297970921,-0.0407516018608273,-0.002087027680676,0.00487582655733,0.0033872863668895,0.4107072280066517,-0.0019851061950666,0.0025018362296188,0.0343915343915344,0.318767905322906,-2.6275518222936256,2.2138553690864953,-4.8414071913801235,-0.1280145993049613,-0.2507116288004471,-0.2310345524102359,0.1320849449292209,-0.037108389343464,0.0231840368720588,-0.0085218803156241,0.0093316970477435,-0.092479327949792,0.0383146497034112,-0.0065142893159812,0.0018904237785486,-0.066206150435979,-2.2863940475705435,-2.3453637356313815,-7.333333333333332,2.0,-9.333333333333334,-0.3333333333333333,1.0,-0.5414718233212188,0.8492011918398772,0.086807604734035,0.1733111115410023,-0.0784598833106837,0.1183729187845247,0.2516915312098511,-0.0130330360867345,-0.0040881928811766,0.0634536610343061,0.156721072330066,2.7617920206207582,-11.625517510702409,0.26356323823764743,0.7364367617623526,0,SEA,SEA,1,SEA was projected ahead because the strongest inputs for this specific matchup were: Closing spread -6.5 favored SEA; Market win probability 27.8% favored SEA; Elo rating edge -250 Elo favored SEA.,"[{""feature"": ""spread_line_clean"", ""label"": ""Closing spread"", ""value"": ""-6.5"", ""direction"": ""SEA"", ""impact"": 0.6082679075009959}, {""feature"": ""mkt_home_prob"", ""label"": ""Market win probability"", ""value"": ""27.8%"", ""direction"": ""SEA"", ""impact"": 0.44973762614000895}, {""feature"": ""elo_diff"", ""label"": ""Elo rating edge"", ""value"": ""-250 Elo"", ""direction"": ""SEA"", ""impact"": 0.1284971740183058}]",market_elo_form,5367,16
2025_17_TB_MIA,2025,17,MIA,TB,1.0,True,1,0,0,-5.5,205.0,-250.0,0.3146067415730336,1,-5.5,1,1435.3729589828308,1471.8569886012608,-36.484029618429986,0.5266214250095872,0.0324556920040895,-0.1294248415409759,-0.0103131355103063,0.0089156969806137,-0.0336672711127262,-0.0367239168738195,-0.1088585373883083,0.0094276027626516,-0.014184808750026,0.0595244544953047,-1.5095313959237515,-0.3791499569667991,-1.1303814389569486,0.009485615924115,0.0112618799099049,-0.149297283776046,-0.0503878830763042,-0.0243268013689083,0.0099345430767154,-0.0013071071692695,-0.0055377762902026,-0.0462220139629091,0.0111671749014763,0.0112611852205427,0.006517108859883,-0.0412847372223115,0.2166583914748943,-0.9764141610486125,0.6666666666666643,2.3333333333333357,-1.6666666666666663,0.3333333333333333,0.3333333333333333,1.3776542308874251,-0.2368531683964159,-0.0207560268157073,-0.0263809068772412,-0.016207101970739,0.0505481035724111,-0.0471486846142231,0.0247801762815561,-0.0096258754795339,0.0344202898550725,0.0840871037925874,3.878965532837248,-3.2919199144135005,0.34589136273669635,0.6541086372633036,0,TB,MIA,0,TB was projected ahead because the strongest inputs for this specific matchup were: Closing spread -5.5 favored TB; Market win probability 31.5% favored TB; Recent win rate +33.3% favored MIA.,"[{""feature"": ""spread_line_clean"", ""label"": ""Closing spread"", ""value"": ""-5.5"", ""direction"": ""TB"", ""impact"": 0.5382554932145006}, {""feature"": ""mkt_home_prob"", ""label"": ""Market win probability"", ""value"": ""31.5%"", ""direction"": ""TB"", ""impact"": 0.39236935650279464}, {""feature"": ""diff_last3_win_pct"", ""label"": ""Recent win rate"", ""value"": ""+33.3%"", ""direction"": ""MIA"", ""impact"": 0.07157501367589825}]",market_elo_form,5367,16
2025_18_ARI_LA,2025,18,LA,ARI,1.0,True,1,-1,1,14.5,-1350.0,800.0,0.8933823529411765,1,14.5,1,1649.2478923477497,1341.867462139893,307.38043020785676,0.8895378806198965,0.1155470149463349,-0.057845985238411,0.0176250457087573,-0.008755997573994,0.0852268963761069,-0.0189508460106343,-0.2350363720363781,0.0120772937309661,-0.0037517848296762,-0.0270808410341681,2.3223214587773597,-1.9487127440035188,4.271034202780879,0.1328191075476166,0.3459690787915694,0.3688912721262118,-0.0617800881281382,0.0664105605484488,-0.0160165326399953,0.0311541764061342,-0.0116933795212611,0.0827571293943296,0.040407073056176,-0.0066927493834214,0.0059528500627353,0.108202762412439,0.0048560889567749,-0.7937499729782553,16.333333333333332,-1.3333333333333357,17.666666666666668,0.3333333333333333,-0.3333333333333333,1.563019193135073,0.5386181676527784,0.0878698378147715,-0.1231534691625081,0.0780886538371539,-0.0559885729551061,0.1995951324822683,-0.0595197136024652,-0.0272234540527223,-0.0039453581939813,0.1676406362124766,2.057792788287139,4.091481014838877,0.8557210462942648,0.14427895370573518,1,LA,LA,1,LA was projected ahead because the strongest inputs for this specific matchup were: Closing spread +14.5 favored LA; Market win probability 89.3% favored LA; Elo rating edge +307 Elo favored LA.,"[{""feature"": ""spread_line_clean"", ""label"": ""Closing spread"", ""value"": ""+14.5"", ""direction"": ""LA"", ""impact"": 0.8619715122419567}, {""feature"": ""mkt_home_prob"", ""label"": ""Market win probability"", ""value"": ""89.3%"", ""direction"": ""LA"", ""impact"": 0.5126440793090898}, {""feature"": ""elo_diff"", ""label"": ""Elo rating edge"", ""value"": ""+307 Elo"", ""direction"": ""LA"", ""impact"": 0.14886397142857935}]",market_elo_form,5383,17
2025_18_BAL_PIT,2025,18,PIT,BAL,1.0,True,1,-1,1,-4.5,185.0,-225.0,0.3363518758085381,1,-4.5,1,1525.906090293227,1573.0130517404227,-47.10696144719577,0.5113570418193233,0.1751334516756785,-0.0433040018457074,0.0278806189598778,-0.0043472643053288,0.1257357781026321,0.0205778883443798,0.1482679640298561,-0.0218567343312314,-0.0043868168868168,0.1475321436678686,-1.200013365968573,0.7799209737108086,-1.979934339679384,0.0018294669484658,-0.1542516310658525,0.0422639369991308,0.0924614293343779,-0.0015466578534915,0.0222480784536573,0.0027013107033663,0.0034424914379317,0.0195468363868913,-0.0517908185664184,0.001582241318625,0.0060960636582115,-0.0155374752468281,0.7186265999020107,3.0314064954611935,-8.666666666666668,0.0,-8.666666666666668,0.0,0.3333333333333333,-1.1725198576378242,-0.9008186323070246,-0.1522295883039368,-0.0816988456480073,-0.0517309682463945,-0.0770638995383967,-0.1854959827604463,-0.0888379588664347,-0.0382996632996632,0.010246989852253,-0.4524798324644017,-4.0082229921768215,13.239002988482994,0.33162744227278684,0.6683725577272132,0,BAL,PIT,0,BAL was projected ahead because the strongest inputs for this specific matchup were: Closing spread -4.5 favored BAL; Market win probability 33.6% favored BAL; Division matchup Yes favored BAL.,"[{""feature"": ""spread_line_clean"", ""label"": ""Closing spread"", ""value"": ""-4.5"", ""direction"": ""BAL"", ""impact"": 0.46640741926069307}, {""feature"": ""mkt_home_prob"", ""label"": ""Market win probability"", ""value"": ""33.6%"", ""direction"": ""BAL"", ""impact"": 0.35691507808872264}, {""feature"": ""div_game"", ""label"": ""Division matchup"", ""value"": ""Yes"", ""direction"": ""BAL"", ""impact"": 0.06181726152793509}]",market_elo_form,5383,17
2025_18_CAR_TB,2025,18,TB,CAR,1.0,True,1,0,1,3.0,-155.0,130.0,0.5829926410466066,1,3.0,1,1458.8416889371626,1407.045498374196,51.796190562966785,0.6490277448927387,0.0848679964391889,-0.1344355562984273,-0.0049339987909181,-0.008499998302295,0.0138674840557437,0.1033162937688274,-0.1052776402593952,0.0245068021084735,-0.0132743246787306,0.1112697077371402,1.2905232871785657,0.2763172091350476,1.0142060780435174,-0.003992087754001,-0.0395432476173349,0.2029039833933037,0.1158562458151148,0.0226056334827937,0.0062115287921868,0.0065903038396306,0.0037287764123261,0.0738504856800321,-0.0697206244826515,-0.0113792460591038,-0.0061018100272613,0.0357794831539614,0.914663266290528,3.880577422441198,5.0,1.666666666666668,3.3333333333333335,-0.3333333333333333,-1.3333333333333337,0.726803060145504,0.9716497582480486,0.189801325928565,0.029865628087151,0.0861823900883781,-0.0330224786371403,0.1943862362534594,0.1020004361838499,0.0320960456916396,-0.0437153914082385,0.3233924151590008,0.9154662096551252,5.413597789426253,0.5642278527128464,0.43577214728715363,1,TB,TB,1,TB was projected ahead because the strongest inputs for this specific matchup were: Recent win rate -33.3% favored CAR; Division matchup Yes favored CAR; Closing spread +3.0 favored TB.,"[{""feature"": ""diff_last3_win_pct"", ""label"": ""Recent win rate"", ""value"": ""-33.3%"", ""direction"": ""CAR"", ""impact"": 0.06628703729582364}, {""feature"": ""div_game"", ""label"": ""Division matchup"", ""value"": ""Yes"", ""direction"": ""CAR"", ""impact"": 0.06181726152793509}, {""feature"": ""spread_line_clean"", ""label"": ""Closing spread"", ""value"": ""+3.0"", ""direction"": ""TB"", ""impact"": 0.05795268527982658}]",market_elo_form,5383,17
2025_18_CLE_CIN,2025,18,CIN,CLE,0.0,True,1,0,1,9.5,-455.0,350.0,0.7867435158501441,1,9.5,1,1484.6826795069098,1364.1275587964435,120.55512071046633,0.7331329579903113,0.0480886781214759,-0.1131659179464074,0.0019105910639045,0.0018381506625536,-0.0039567339470001,0.275998061927247,0.0371572811779414,0.0263900636571444,-0.0112661387648131,0.286009502127653,3.54538007863696,-1.108972258628221,4.6543523372651805,0.1427752293577981,0.3454565312363478,0.207467740684069,0.1303934820773902,0.0713135215105096,-0.0080018738740293,0.0355404978441721,0.0064785638631045,0.1144102515564634,0.0089489809065556,-0.005301832468371,-0.005013274937663,0.1218210078218787,2.046509683715087,2.7570160411367155,15.333333333333332,-0.3333333333333321,15.666666666666668,0.3333333333333333,2.666666666666667,1.2669805655312896,1.3132096704308696,0.407347019244682,0.0767961155013313,0.146409692061866,-0.0721878425432663,0.5227151322020249,0.1804566735731683,-0.0248830553708602,0.0296922253642826,0.6869226945225778,4.289291644379789,2.3057147045558772,0.7756646049712249,0.2243353950287751,1,CIN,CLE,0,CIN was projected ahead because the strongest inputs for this specific matchup were: Closing spread +9.5 favored CIN; Market win probability 78.7% favored CIN; Recent win rate +33.3% favored CIN.,"[{""feature"": ""spread_line_clean"", ""label"": ""Closing spread"", ""value"": ""+9.5"", ""direction"": ""CIN"", ""impact"": 0.5123981092149436}, {""feature"": ""mkt_home_prob"", ""label"": ""Market win probability"", ""value"": ""78.7%"", ""direction"": ""CIN"", ""impact"": 0.34617423406096276}, {""feature"": ""diff_last3_win_pct"", ""label"": ""Recent win rate"", ""value"": ""+33.3%"", ""direction"": ""CIN"", ""impact"": 0.07259517415242725}]",market_elo_form,5383,17
2025_18_DAL_NYG,2025,18,NYG,DAL,1.0,True,1,-3,1,-3.0,140.0,-166.0,0.4003612281757977,1,-3.0,1,1349.7258179681069,1468.3940475167997,-118.6682295486928,0.4093860983690142,0.0266346878530131,-0.0997693416270305,-0.0104101723679481,-0.0042085737937619,-0.0224817374375242,-0.2835418222483211,-0.2618637243042332,-0.0651083710757879,0.088701649227965,-0.3669121035511441,-3.77448071216617,0.7922848664688438,-4.566765578635015,-0.1186943620178042,-0.0415430267062315,-0.418869191267512,0.0561535793788658,-0.0662328353040833,0.0057759483177379,-0.0255703821099948,-0.0051921954592804,-0.1052088258793268,-0.0393598109009383,0.0055391106949681,-0.0048080933023272,-0.1368715407472429,-1.2439705384794957,-0.2587196009175476,-1.6666666666666643,-12.0,10.333333333333332,0.0,0.3333333333333333,-1.121581029777964,-2.2441889547496583,-0.0886885697760397,-0.3692223055933958,-0.0460258733567793,-0.0495200895652307,-0.1889846676200927,-0.0200576294530314,0.0439723044986203,0.0840722495894909,-0.2964576221975158,-0.1433496372335756,-3.2455085906390293,0.3344117139427058,0.6655882860572941,0,DAL,NYG,0,DAL was projected ahead because the strongest inputs for this specific matchup were: Closing spread -3.0 favored DAL; Market win probability 40.0% favored DAL; Recent defensive EPA allowed -0.369 favored NYG.,"[{""feature"": ""spread_line_clean"", ""label"": ""Closing spread"", ""value"": ""-3.0"", ""direction"": ""DAL"", ""impact"": 0.3615353983525892}, {""feature"": ""mkt_home_prob"", ""label"": ""Market win probability"", ""value"": ""40.0%"", ""direction"": ""DAL"", ""impact"": 0.2569925050967239}, {""feature"": ""diff_last3_epa_per_play_allowed"", ""label"": ""Recent defensive EPA allowed"", ""value"": ""-0.369"", ""direction"": ""NYG"", ""impact"": 0.08708004764951369}]",market_elo_form,5383,17
2025_18_DET_CHI,2025,18,CHI,DET,0.0,True,1,-3,1,3.5,-180.0,150.0,0.6164383561643836,1,3.5,1,1554.7450442774114,1564.1267998317303,-9.38175555431917,0.5652752538346527,-0.0473060219382983,-0.148650561785172,-0.0365418916853344,0.0112306077607076,-0.1164925276540673,0.2372357791608706,-0.0378171719278559,0.0298907105786201,-0.0931583107497741,0.1961154565953269,-1.719033232628398,-3.036253776435043,1.3172205438066462,0.0513595166163141,0.202416918429003,-0.3755810500274226,-0.2796336136162525,-0.0453651374423358,-0.0578693294453741,-0.0207794704384391,-0.0203858755909239,-0.0776661527006792,0.0227660937688609,0.0091945533968092,-6.383853555520097e-05,-0.0831457350194342,0.084932390525923,-2.4852846695820903,7.666666666666664,-10.666666666666668,18.333333333333336,0.6666666666666666,3.0,1.1531609574000896,-0.3196934779657141,0.2280022316227099,-0.054861783654199,0.0994793039086516,-0.0110059061293867,0.1757892693974512,0.4224725657325217,-0.043249975428768,-0.054448464898587,0.4227526294768872,2.8461787334341033,-0.6956166960004584,0.6041171304659105,0.39588286953408947,1,CHI,DET,0,CHI was projected ahead because the strongest inputs for this specific matchup were: Recent win rate +66.7% favored CHI; Closing spread +3.5 favored CHI; Market win probability 61.6% favored CHI.,"[{""feature"": ""diff_last3_win_pct"", ""label"": ""Recent win rate"", ""value"": ""+66.7%"", ""direction"": ""CHI"", ""impact"": 0.1420362798765527}, {""feature"": ""spread_line_clean"", ""label"": ""Closing spread"", ""value"": ""+3.5"", ""direction"": ""CHI"", ""impact"": 0.0929100255825279}, {""feature"": ""mkt_home_prob"", ""label"": ""Market win probability"", ""value"": ""61.6%"", ""direction"": ""CHI"", ""impact"": 0.08031730659236572}]",market_elo_form,5383,17
2025_18_GB_MIN,2025,18,MIN,GB,1.0,True,1,2,1,12.5,-650.0,470.0,0.8316498316498315,1,12.5,1,1551.8307411050905,1575.5525099528134,-23.72176884772307,0.5448917806575346,0.0561551106395337,-0.0955639398206771,-0.0102178728103048,0.0032753023854135,0.0008236502607004,-0.2815566667653471,-0.1807071516866401,-0.0743708340542153,0.1254214559386973,-0.3102855287578481,-3.051684434968017,0.1055863539445631,-3.1572707889125797,-0.0887846481876332,-0.5528784648187633,-0.3512292111979826,-0.1391574208095622,-0.1094293976378573,-0.0339860865002449,-0.0317752653901216,-0.0069075640193687,-0.1500066256734437,-0.0326750494981848,0.0130054278833726,-0.0001847011194651,-0.1830126137921139,-1.005424191323974,-5.316021250359883,2.333333333333332,-16.000000000000004,18.333333333333336,1.0,1.6666666666666667,-1.8316655831722564,-1.8617025556590423,-0.1141736347594301,-0.4089548832772733,-0.0424151857854631,-0.1372744946878707,-0.4243179989267878,0.4343701490977365,0.0752325047153842,0.139516683866529,-0.2359114128146131,-4.5730808496618565,-4.280410505883345,0.7981763987702357,0.20182360122976428,1,MIN,MIN,1,MIN was projected ahead because the strongest inputs for this specific matchup were: Closing spread +12.5 favored MIN; Market win probability 83.2% favored MIN; Recent win rate +100.0% favored MIN.,"[{""feature"": ""spread_line_clean"", ""label"": ""Closing spread"", ""value"": ""+12.5"", ""direction"": ""MIN"", ""impact"": 0.7221421510311514}, {""feature"": ""mkt_home_prob"", ""label"": ""Market win probability"", ""value"": ""83.2%"", ""direction"": ""MIN"", ""impact"": 0.41627578098102125}, {""feature"": ""diff_last3_win_pct"", ""label"": ""Recent win rate"", ""value"": ""+100.0%"", ""direction"": ""MIN"", ""impact"": 0.21147738560067816}]",market_elo_form,5383,17
2025_18_IND_HOU,2025,18,HOU,IND,1.0,True,1,1,1,9.5,-535.0,400.0,0.8081570996978852,1,9.5,1,1649.0713856476536,1454.193955091676,194.87743055597753,0.808208328153532,0.0542325537076942,-0.1225796792505161,-0.0250232210763021,0.0045894446849382,-0.0137913650042902,0.0801737664395697,-0.3283865498261398,-0.0355052528121393,-0.0230194560652174,-0.0593868569143281,-2.1355943899114997,-0.1582279572860407,-1.9773664326254592,-0.0834354029016509,-0.010204081632653,-0.1290169451093668,-0.0721865371485872,-0.0524180538123216,-0.0134107622039468,-0.0264370861640596,-0.0210397671541695,-0.0479760588165386,-0.0381085035308222,0.0158289284464303,0.0029696432278516,-0.0900053110400982,0.1620482139333047,-2.123189360963807,7.666666666666668,-10.666666666666668,18.333333333333332,1.0,1.0,1.430353432928266,-1.0437126046900858,0.1249622679955635,-0.1633896760464585,0.0277407674995155,-0.063807736579394,0.2845689053247718,-0.1577680603898445,-0.0388979535838619,0.0595234490583327,0.2428632919844853,2.5917726331993993,4.478650665098569,0.7861121032136758,0.21388789678632425,1,HOU,HOU,1,HOU was projected ahead because the strongest inputs for this specific matchup were: Closing spread +9.5 favored HOU; Market win probability 80.8% favored HOU; Recent win rate +100.0% favored HOU.,"[{""feature"": ""spread_line_clean"", ""label"": ""Closing spread"", ""value"": ""+9.5"", ""direction"": ""HOU"", ""impact"": 0.5123981092149436}, {""feature"": ""mkt_home_prob"", ""label"": ""Market win probability"", ""value"": ""80.8%"", ""direction"": ""HOU"", ""impact"": 0.37960216788490553}, {""feature"": ""diff_last3_win_pct"", ""label"": ""Recent win rate"", ""value"": ""+100.0%"", ""direction"": ""HOU"", ""impact"": 0.21147738560067816}]",market_elo_form,5383,17
2025_18_KC_LV,2025,18,LV,KC,1.0,True,1,-3,1,-3.5,185.0,-225.0,0.3363518758085381,1,-3.5,1,1253.3099881812482,1501.1770883542913,-247.86710017304313,0.2478275879556239,0.0220428091535708,-0.1892442975147286,-0.0079722731670688,0.006285971410201,-0.0748395403202625,-0.2622551532686161,-0.2197367626576764,-0.1479348059376899,0.0515160466773369,-0.3908378684206406,-2.7614761476147613,3.756216246624661,-6.517692394239424,-0.2061487398739874,-0.6082920792079208,-0.2746496340954643,-0.0071868353728836,-0.0959431823727345,0.0407661017941312,-0.0147129790517756,0.013435742879466,-0.0894411097563785,-0.1078425042020237,0.0065813933859073,-0.0068872398182756,-0.1553588944555633,-0.5577201173268159,-3.838553988266209,-1.333333333333332,8.666666666666664,-10.0,0.0,-1.3333333333333333,0.5301360495757783,0.4755319607296222,-0.0449008131800105,0.0986472839789096,-0.0408651525799231,0.0084873863183121,0.0031769277145967,-0.0813818677042898,0.0224349127574933,-0.0352860401247497,-0.0461909442646974,2.707240245164498,-5.298218735758396,0.31547701771910963,0.6845229822808904,0,KC,LV,0,KC was projected ahead because the strongest inputs for this specific matchup were: Closing spread -3.5 favored KC; Market win probability 33.6% favored KC; Elo rating edge -248 Elo favored KC.,"[{""feature"": ""spread_line_clean"", ""label"": ""Closing spread"", ""value"": ""-3.5"", ""direction"": ""KC"", ""impact"": 0.3964927386552905}, {""feature"": ""mkt_home_prob"", ""label"": ""Market win probability"", ""value"": ""33.6%"", ""direction"": ""KC"", ""impact"": 0.35691507808872264}, {""feature"": ""elo_diff"", ""label"": ""Elo rating edge"", ""value"": ""-248 Elo"", ""direction"": ""KC"", ""impact"": 0.12182637111955784}]",market_elo_form,5383,17
2025_18_LAC_DEN,2025,18,DEN,LAC,1.0,True,1,2,1,14.5,-1600.0,900.0,0.9039548022598868,1,14.5,1,1646.800038882709,1571.685468925147,75.11456995756203,0.6789606938547291,0.0756756364968336,-0.0950001581599802,-0.010769061412736,-0.0088891990202332,0.0209217401554262,0.3014409160299468,-0.0955432494115224,0.0433014478438303,-0.036547447261733,0.204778183561451,-1.2122741555381005,0.2165750196386504,-1.428849175176748,-0.0039277297721916,-0.3768656716417911,-0.1700178443302178,-0.2369507217073554,-0.0415000724854645,-0.0111164211480477,-0.0176715995393211,-0.0216321931174999,-0.0688703278769655,0.0098461741548382,-0.0013596154001682,0.0022936112503105,-0.0786436033940479,-0.4760171373909059,-1.9992885056423555,2.666666666666668,7.666666666666664,-5.0,0.0,-1.3333333333333333,0.2177899129551024,-0.7045886536582469,0.0009074212779941,0.0809318808043162,0.0100748775204858,-0.0616191047427836,-0.0342900626981475,-0.0043054850322575,-0.0657081014223871,0.0234617833202261,-0.0287384250065135,-2.4061835515293204,6.664729252439004,0.8384422905912957,0.1615577094087043,1,DEN,DEN,1,DEN was projected ahead because the strongest inputs for this specific matchup were: Closing spread +14.5 favored DEN; Market win probability 90.4% favored DEN; Division matchup Yes favored LAC.,"[{""feature"": ""spread_line_clean"", ""label"": ""Closing spread"", ""value"": ""+14.5"", ""direction"": ""DEN"", ""impact"": 0.8619715122419567}, {""feature"": ""mkt_home_prob"", ""label"": ""Market win probability"", ""value"": ""90.4%"", ""direction"": ""DEN"", ""impact"": 0.5291483290739006}, {""feature"": ""div_game"", ""label"": ""Division matchup"", ""value"": ""Yes"", ""direction"": ""LAC"", ""impact"": 0.06181726152793509}]",market_elo_form,5383,17
2025_18_MIA_NE,2025,18,NE,MIA,1.0,True,1,0,1,14.0,-1000.0,650.0,0.8720930232558138,1,14.0,1,1586.7883474206235,1448.388258646929,138.4000887736945,0.7527438965306877,0.1569950898865802,-0.0521525124740321,0.0339119556559586,-0.0104929791814832,0.1557157167409932,0.2376696614968586,0.0115195856606948,0.0206372586971232,0.0001766943146252,0.4091824107680638,6.14219340432841,-3.439170388182756,9.581363792511166,0.2217880453452421,0.5355891446238406,0.3610985936614419,-0.0818039118843731,0.1122293602373711,-0.0393630033700765,0.0389958771126458,-0.0011468140990268,0.1340978363175557,0.0869750840302087,-0.0129452301433092,-0.0024049717696584,0.1991804997844546,0.6012585615763015,1.6763987676738878,14.999999999999996,-7.0,22.0,0.3333333333333333,0.0,1.066268921858101,-0.5110059274359458,0.3442590317112565,-0.149078560250216,0.1669005439056416,-0.0884426857043489,0.3601953019814543,0.3508866385169979,0.0072666414045723,-0.026974506974507,0.6413058674153271,2.830047602877188,7.31010112586281,0.843323302576997,0.15667669742300305,1,NE,NE,1,NE was projected ahead because the strongest inputs for this specific matchup were: Closing spread +14.0 favored NE; Market win probability 87.2% favored NE; Season offensive EPA +0.112 favored NE.,"[{""feature"": ""spread_line_clean"", ""label"": ""Closing spread"", ""value"": ""+14.0"", ""direction"": ""NE"", ""impact"": 0.8270141719392553}, {""feature"": ""mkt_home_prob"", ""label"": ""Market win probability"", ""value"": ""87.2%"", ""direction"": ""NE"", ""impact"": 0.47941011394679584}, {""feature"": ""diff_season_epa_per_play"", ""label"": ""Season offensive EPA"", ""value"": ""+0.112"", ""direction"": ""NE"", ""impact"": 0.07277547498625449}]",market_elo_form,5383,17
2025_18_NO_ATL,2025,18,ATL,NO,1.0,True,1,-1,1,4.5,-205.0,170.0,0.644729178800233,1,4.5,1,1449.9638783717146,1413.104396728748,36.85948164296656,0.6291998472328275,0.1167844159112266,-0.1065533335486183,0.0160108229263901,-0.005812635699326,0.0686269172938286,0.4130624466118044,0.1343847015283585,0.095525221859431,-0.0838386199536269,0.3752221142104833,-3.226912743428098,0.5219677946160459,-3.7488805380441463,-0.080829543259522,-0.0035998384462746,-0.2681457221880814,0.1031474094489546,-0.0375251212613954,0.0292764384603573,-0.0197657340699718,0.0212389075642524,-0.04186121894778,-0.0433297025421602,0.0118272772108499,-0.0094458086110304,-0.0728417039961632,-1.0652340782930114,-2.474341627239561,-0.3333333333333357,7.333333333333336,-7.666666666666668,0.0,1.0,-0.3188366299708054,1.2647058828029545,0.0118894682176561,0.1755297152589871,-0.019033305052579,0.1176114392095954,0.0263950674820908,0.1469873786075081,-0.0651849254584177,-0.0151015854159561,0.0028726030715323,-3.4178299657811024,-15.377093081710992,0.6145389365202396,0.3854610634797604,1,ATL,ATL,1,ATL was projected ahead because the strongest inputs for this specific matchup were: Closing spread +4.5 favored ATL; Market win probability 64.5% favored ATL; Division matchup Yes favored NO.,"[{""feature"": ""spread_line_clean"", ""label"": ""Closing spread"", ""value"": ""+4.5"", ""direction"": ""ATL"", ""impact"": 0.16282470618793052}, {""feature"": ""mkt_home_prob"", ""label"": ""Market win probability"", ""value"": ""64.5%"", ""direction"": ""ATL"", ""impact"": 0.12448103712997208}, {""feature"": ""div_game"", ""label"": ""Division matchup"", ""value"": ""Yes"", ""direction"": ""NO"", ""impact"": 0.06181726152793509}]",market_elo_form,5383,17
2025_18_NYJ_BUF,2025,18,BUF,NYJ,1.0,True,1,0,1,12.5,-800.0,550.0,0.8524590163934427,1,12.5,1,1646.3675579754913,1294.5237532349868,351.84380474050454,0.9122947365608938,0.0659441856072498,-0.057931068324464,0.0154780203626628,0.0007447317952308,0.0340788807027184,-0.3276328374265282,-0.0183457699147033,-0.038911099533251,0.0575239369475972,-0.0795096131485859,3.576223475306371,-1.2891247635525822,4.865348238858957,0.1264310111432849,0.4091817798775404,0.455375056312203,0.0548260723906084,0.0807185940372486,-0.0115874673613538,0.0313235965144376,0.012733394331355,0.099499810912672,0.0509597369607014,-0.0099852755744756,0.0011269546996969,0.1323819926332589,1.5047593420058627,2.3592939222572067,11.333333333333332,-18.333333333333332,29.666666666666668,0.6666666666666666,2.6666666666666665,1.0796667752443485,-1.5453435403142226,0.3351266915918621,-0.2845577610104111,0.1164955075026565,-0.0827510351672135,0.280648148380802,0.3385419715786674,-0.0065728966614315,0.0425807580979994,0.5944285636694724,3.663529425300733,3.945361271818832,0.8368229809610447,0.16317701903895532,1,BUF,BUF,1,BUF was projected ahead because the strongest inputs for this specific matchup were: Closing spread +12.5 favored BUF; Market win probability 85.2% favored BUF; Elo rating edge +352 Elo favored BUF.,"[{""feature"": ""spread_line_clean"", ""label"": ""Closing spread"", ""value"": ""+12.5"", ""direction"": ""BUF"", ""impact"": 0.7221421510311514}, {""feature"": ""mkt_home_prob"", ""label"": ""Market win probability"", ""value"": ""85.2%"", ""direction"": ""BUF"", ""impact"": 0.448760210279997}, {""feature"": ""elo_diff"", ""label"": ""Elo rating edge"", ""value"": ""+352 Elo"", ""direction"": ""BUF"", ""impact"": 0.17054044079501127}]",market_elo_form,5383,17
2025_18_SEA_SF,2025,18,SF,SEA,0.0,True,1,0,1,-2.5,124.0,-148.0,0.4279403644395361,1,-2.5,1,1606.347943781101,1683.1098955028876,-76.76195172178655,0.4687229259853293,0.1154180561199515,-0.0650438293493657,0.0063931626129519,0.0099867928890242,0.0668058131600852,0.6151710793622203,0.2035860930245387,0.1312655114782775,0.0026390688529907,0.71705174497954,-1.0328898867368146,0.8042523959520125,-1.8371422826888275,-0.0560200388713892,-0.1511711681522686,0.0902506998508352,-0.0411828676261372,-0.007137819929737,0.0063298493245432,-0.0001570667816513,0.003555480614635,-0.013001563814676,0.0120124385355912,-0.0014634611648138,-7.295212706755205e-05,-0.0036838495745157,-1.8126797370650856,-1.7119242706009925,14.666666666666668,8.666666666666668,5.999999999999999,0.0,0.3333333333333333,1.2169905584448326,1.6531983603166287,0.3439455229924099,0.2664517749000583,0.0704668315127791,0.096224736784429,0.5978632859187584,0.0312378891286329,-0.0377381916265514,-0.015866278599725,0.6124869700443155,4.989896068991014,6.154454540637052,0.41319522586898655,0.5868047741310134,0,SEA,SEA,1,SEA was projected ahead because the strongest inputs for this specific matchup were: Closing spread -2.5 favored SEA; Market win probability 42.8% favored SEA; Recent defensive EPA allowed +0.266 favored SEA.,"[{""feature"": ""spread_line_clean"", ""label"": ""Closing spread"", ""value"": ""-2.5"", ""direction"": ""SEA"", ""impact"": 0.3265780580498879}, {""feature"": ""mkt_home_prob"", ""label"": ""Market win probability"", ""value"": ""42.8%"", ""direction"": ""SEA"", ""impact"": 0.2139397611702092}, {""feature"": ""diff_last3_epa_per_play_allowed"", ""label"": ""Recent defensive EPA allowed"", ""value"": ""+0.266"", ""direction"": ""SEA"", ""impact"": 0.06346929329753977}]",market_elo_form,5383,17
2025_18_TEN_JAX,2025,18,JAX,TEN,1.0,True,1,0,1,12.5,-750.0,525.0,0.8465011286681716,1,12.5,1,1606.129982356521,1290.404746270704,315.72523608581696,0.8941703903415174,-0.006733935411226,-0.1143658171378996,-0.0162972475650295,0.0066192690432272,-0.0581477890865684,0.3349242644320398,-0.3458659814861181,0.0209624478065634,-0.0282705811588032,0.2490290151733125,-0.8223329069250518,0.6104896437222713,-1.432822550647324,-0.0848371029639912,-0.1180697313627826,-0.1160067258807435,0.1401026376259189,-0.0116619027045695,0.0115988073890268,3.2193070493236053e-05,0.0025291687589372,-0.0277869952300647,0.0171224428562699,-0.00285791819231,-0.0035215660825972,-0.0216303353254043,-0.8254208432815263,3.7030593430457905,9.666666666666668,-7.666666666666668,17.333333333333332,0.6666666666666667,1.3333333333333333,0.726813715709703,-0.5679223180718695,0.132782806341075,-0.1712802756890745,0.0343141621016738,-0.0283308527077219,0.303647340701401,-0.2796014019532413,0.00377268230101,-0.0311391618573815,0.2402213840707866,2.0313499916102353,14.026430334083791,0.8277928230832025,0.17220717691679754,1,JAX,JAX,1,JAX was projected ahead because the strongest inputs for this specific matchup were: Closing spread +12.5 favored JAX; Market win probability 84.7% favored JAX; Elo rating edge +316 Elo favored JAX.,"[{""feature"": ""spread_line_clean"", ""label"": ""Closing spread"", ""value"": ""+12.5"", ""direction"": ""JAX"", ""impact"": 0.7221421510311514}, {""feature"": ""mkt_home_prob"", ""label"": ""Market win probability"", ""value"": ""84.7%"", ""direction"": ""JAX"", ""impact"": 0.4394595776522712}, {""feature"": ""elo_diff"", ""label"": ""Elo rating edge"", ""value"": ""+316 Elo"", ""direction"": ""JAX"", ""impact"": 0.15293217207425028}]",market_elo_form,5383,17
2025_18_WAS_PHI,2025,18,PHI,WAS,0.0,True,1,-3,1,3.0,-180.0,150.0,0.6164383561643836,1,3.0,1,1641.7544377807292,1400.0941871566026,241.66025062412655,0.8465395024210505,0.0767168919984708,-0.0817220102339754,0.0070406791398171,-0.0001812786843362,0.067768370764892,0.2685035078488861,-0.1772496017216088,-0.0143999150263322,-0.0253744339951236,0.2334918486572721,4.3952567105182965,-2.234073674220987,6.629330384739284,0.1804591796755965,0.178735296934449,0.3127786911403012,-0.3514821484243642,0.0652594242463922,-0.0582655493347344,0.0203523052311279,-0.0160149119006727,0.0687655515709095,0.0526104641862436,-0.0051257537522572,0.004724920592668,0.1136241722794168,0.4316490628222026,2.23398239498896,1.0,-16.666666666666668,17.666666666666668,0.6666666666666667,1.3333333333333333,-0.7559227390177004,-1.8406164929799729,0.1295270154988541,-0.3674807911380955,0.0338419311783891,-0.1182935494709647,0.4184911290806731,-0.0741245182580422,-0.0332849319056215,0.0398325809953716,0.3864040364899223,2.262618155490485,-0.6166818696102423,0.6228639366339063,0.37713606336609373,1,PHI,WAS,0,PHI was projected ahead because the strongest inputs for this specific matchup were: Recent win rate +66.7% favored PHI; Elo rating edge +242 Elo favored PHI; Recent defensive EPA allowed -0.367 favored PHI.,"[{""feature"": ""diff_last3_win_pct"", ""label"": ""Recent win rate"", ""value"": ""+66.7%"", ""direction"": ""PHI"", ""impact"": 0.14203627987655273}, {""feature"": ""elo_diff"", ""label"": ""Elo rating edge"", ""value"": ""+242 Elo"", ""direction"": ""PHI"", ""impact"": 0.11682453505028298}, {""feature"": ""diff_last3_epa_per_play_allowed"", ""label"": ""Recent defensive EPA allowed"", ""value"": ""-0.367"", ""direction"": ""PHI"", ""impact"": 0.08666759752524292}]",market_elo_form,5383,17
2025_19_BUF_JAX,2025,19,JAX,BUF,0.0,True,1,0,0,1.5,-122.0,102.0,0.5260865852617197,1,1.5,1,1612.5699892696268,1651.3003746061322,-38.73038533650538,0.5233967583772527,0.0226548523452647,-0.0864752975447478,-0.0139958398359037,0.0044302193659986,-0.0288271588536544,0.46520402267897,-0.0020334018824059,0.0708019734485667,0.0209274711760677,0.4289112835233646,-2.7696228701789423,1.8537819918728184,-4.623404862051757,-0.1501211948385257,-0.248289014044343,-0.2521580151794893,0.2269928296372878,-0.0486029587466498,0.0384748054793269,-0.0175774160943879,0.0042444801263716,-0.0575988882194262,-0.0411155735717575,0.0049296546287354,-0.005761348566628,-0.0773477632838198,-1.2079856644813816,0.3053399923406277,9.333333333333332,1.0,8.333333333333334,0.3333333333333333,0.3333333333333333,-0.3409718629235714,1.0671078317983151,0.0163585724475347,-0.0160837969750387,-0.0842259908658298,0.005618536705162,0.2131693782381734,-0.3539811128966823,0.0050368872411338,-0.0153260624196584,1.58889166216869e-05,1.6478484647448997,14.102421959675258,0.5379269322255592,0.4620730677744408,1,JAX,BUF,0,JAX was projected ahead because the strongest inputs for this specific matchup were: Recent win rate +33.3% favored JAX; Market win probability 52.6% favored JAX; Closing spread +1.5 favored JAX.,"[{""feature"": ""diff_last3_win_pct"", ""label"": ""Recent win rate"", ""value"": ""+33.3%"", ""direction"": ""JAX"", ""impact"": 0.0729109989698182}, {""feature"": ""mkt_home_prob"", ""label"": ""Market win probability"", ""value"": ""52.6%"", ""direction"": ""JAX"", ""impact"": 0.060712050154106155}, {""feature"": ""spread_line_clean"", ""label"": ""Closing spread"", ""value"": ""+1.5"", ""direction"": ""JAX"", ""impact"": 0.048359360978755456}]",market_elo_form,5399,18
2025_19_GB_CHI,2025,19,CHI,GB,1.0,True,1,0,1,-2.5,114.0,-135.0,0.448558885283451,1,-2.5,1,1538.740421432154,1551.8681064251728,-13.127684993018647,0.5599690430670446,-0.0015194736556005,-0.1024882711886718,-0.0227418999776073,0.0037059885425324,-0.0704269525080573,0.0694805550458344,-0.119011472751447,-0.0366633453829052,-0.0242374727668845,0.0729887907126748,-4.262554491470151,0.4205368482476892,-4.683091339717846,-0.1485171455050973,-0.4887670339477569,-0.6132498335741605,0.0092895751532058,-0.141097946454506,-0.0117027293096685,-0.0438960284935928,-0.0063835425662122,-0.2051862018244968,-0.0393793047456734,0.0129056276765791,-0.0074373031296787,-0.2508682066962771,-1.7538315455011912,-4.935304661340897,10.999999999999998,-0.6666666666666643,11.666666666666666,0.3333333333333333,1.3333333333333333,0.6536109463378654,0.3849167100912449,0.1973190890603675,0.0224437779322461,0.0088604383381675,0.0229231296965275,0.1506144944442753,0.4220445258273386,-0.1115108229671797,0.0190027963647258,0.4464445575453863,-2.4433762994093993,7.274297626183476,0.4144917051864491,0.5855082948135508,0,GB,CHI,0,GB was projected ahead because the strongest inputs for this specific matchup were: Closing spread -2.5 favored GB; Market win probability 44.9% favored GB; Season offensive EPA -0.141 favored GB.,"[{""feature"": ""spread_line_clean"", ""label"": ""Closing spread"", ""value"": ""-2.5"", ""direction"": ""GB"", ""impact"": 0.3315012234424136}, {""feature"": ""mkt_home_prob"", ""label"": ""Market win probability"", ""value"": ""44.9%"", ""direction"": ""GB"", ""impact"": 0.18072600310006015}, {""feature"": ""diff_season_epa_per_play"", ""label"": ""Season offensive EPA"", ""value"": ""-0.141"", ""direction"": ""GB"", ""impact"": 0.09154863861932952}]",market_elo_form,5399,18
2025_19_HOU_PIT,2025,19,PIT,HOU,0.0,True,1,0,0,-3.0,130.0,-155.0,0.4170073589533933,1,-3.0,1,1536.60429105169,1656.6399326588437,-120.0356416071536,0.4074842321605162,0.1222787950181547,-0.0966636325805062,0.0084897125701061,-0.0006281820505678,0.0726892959423637,0.0263355037691641,0.1255063357377291,0.0303014116839728,-0.0421011931538247,0.0840835985786483,1.1286873156342168,-2.723357000754614,3.852044316388832,0.1296820333401934,0.0275519654249845,0.103810456865478,-0.2705471108746362,0.0414660910840848,-0.0302942296957521,0.0122853052932432,-0.0161919817562096,0.0547598132012941,0.0120928737746201,-0.0021655776347022,0.0100837907237097,0.0729692889371465,0.9877113308154716,1.7907247324562094,-6.666666666666668,-2.0,-4.666666666666667,-0.3333333333333333,0.3333333333333333,0.2862471183125992,0.5334970551602556,0.0347271637012107,0.0490951693602903,-0.0182172261613763,-0.0188284974459363,-0.0871214388214385,0.2610904319264653,0.0448148148148148,0.0020564231090546,0.1102159002208387,1.3017706811792544,5.8021029820198775,0.40488829165733803,0.595111708342662,0,HOU,HOU,1,HOU was projected ahead because the strongest inputs for this specific matchup were: Closing spread -3.0 favored HOU; Market win probability 41.7% favored HOU; Recent win rate -33.3% favored HOU.,"[{""feature"": ""spread_line_clean"", ""label"": ""Closing spread"", ""value"": ""-3.0"", ""direction"": ""HOU"", ""impact"": 0.3668939562503709}, {""feature"": ""mkt_home_prob"", ""label"": ""Market win probability"", ""value"": ""41.7%"", ""direction"": ""HOU"", ""impact"": 0.22956820269336656}, {""feature"": ""diff_last3_win_pct"", ""label"": ""Recent win rate"", ""value"": ""-33.3%"", ""direction"": ""HOU"", ""impact"": 0.06699001691220702}]",market_elo_form,5399,18
2025_19_LAC_NE,2025,19,NE,LAC,1.0,True,1,0,0,3.5,-198.0,164.0,0.6369041816941223,1,3.5,1,1602.094486917514,1554.5098305483734,47.5846563691407,0.6434855389525296,0.1834036533770876,-0.0258192163080064,0.028509278122718,-0.0117599563815834,0.1827343891487593,0.6771878623382491,0.1663256843656366,0.1628701350129232,-0.0121175121175121,0.7846133550817539,3.4739296467650753,-2.491407799074686,5.96533744583976,0.1540904751413674,0.2024491444517882,0.0678761666304161,-0.080260641542206,0.0489394547757217,-0.0145352989916416,0.022196113181141,-0.0069822390766255,0.0419439512076604,0.0776811563066731,-0.0040102254569952,-0.0033201362564959,0.0864716199274953,0.4485960967576209,0.5041347391789419,18.333333333333332,-4.000000000000002,22.333333333333332,0.6666666666666667,0.3333333333333333,2.193107244078692,-0.7317934106822346,0.3988008662057262,-0.0606476024631014,0.1792319664623943,0.0067279983707591,0.5177128346874691,0.2250547491133653,-0.0288034188034188,0.0194564694564694,0.7169887817564148,7.2612586600258995,1.6003776645904224,0.6660686999902907,0.3339313000097093,1,NE,NE,1,NE was projected ahead because the strongest inputs for this specific matchup were: Recent win rate +66.7% favored NE; Market win probability 63.7% favored NE; Closing spread +3.5 favored NE.,"[{""feature"": ""diff_last3_win_pct"", ""label"": ""Recent win rate"", ""value"": ""+66.7%"", ""direction"": ""NE"", ""impact"": 0.14286150691083083}, {""feature"": ""mkt_home_prob"", ""label"": ""Market win probability"", ""value"": ""63.7%"", ""direction"": ""NE"", ""impact"": 0.11083512340515118}, {""feature"": ""spread_line_clean"", ""label"": ""Closing spread"", ""value"": ""+3.5"", ""direction"": ""NE"", ""impact"": 0.09321157025307363}]",market_elo_form,5399,18
2025_19_LA_CAR,2025,19,CAR,LA,0.0,True,1,1,0,-10.0,410.0,-550.0,0.1881331403762662,1,-10.0,1,1399.6908707322432,1654.730360837606,-255.0394901053628,0.2402115821278305,0.043433573126108,-0.0342473909238506,-0.0010570289933283,-0.0041200587717283,0.0098957153825864,-0.1021185074908241,-0.2976399530696209,-0.0262009261492732,-0.0424964303406474,-0.2505115305229343,-3.5673313763201406,1.1905388534602004,-4.757870229780343,-0.1398252184769038,-0.2683638694874649,-0.3979839786668711,0.0597992306597019,-0.0535769575448505,0.0319680099007325,-0.0308498916332262,0.0104831367605192,-0.0896647789585066,0.0071514364810636,0.0112118276765787,-0.0067761599243768,-0.0929898326686352,-0.1907353648210787,-2.8868979765193137,-17.0,-7.333333333333332,-9.666666666666666,0.0,-0.6666666666666666,-1.2504987625096655,-1.3602479076156433,-0.2446278397110674,0.0030813134055758,-0.0556341889347186,-0.0072475266076384,-0.3385147982728399,-0.186164491987027,0.0075035696593524,-0.0042305146553769,-0.4215063374922203,3.825687557511956,2.9159875327771148,0.2157894222192375,0.7842105777807625,0,LA,LA,1,LA was projected ahead because the strongest inputs for this specific matchup were: Closing spread -10.0 favored LA; Market win probability 18.8% favored LA; Elo rating edge -255 Elo favored LA.,"[{""feature"": ""spread_line_clean"", ""label"": ""Closing spread"", ""value"": ""-10.0"", ""direction"": ""LA"", ""impact"": 0.8623922155617728}, {""feature"": ""mkt_home_prob"", ""label"": ""Market win probability"", ""value"": ""18.8%"", ""direction"": ""LA"", ""impact"": 0.5838686618396683}, {""feature"": ""elo_diff"", ""label"": ""Elo rating edge"", ""value"": ""-255 Elo"", ""direction"": ""LA"", ""impact"": 0.12383930695621483}]",market_elo_form,5399,18
2025_19_SF_PHI,2025,19,PHI,SF,0.0,True,1,-1,0,6.0,-265.0,215.0,0.6957699520733487,1,6.0,1,1601.0604450357555,1584.0891534302884,16.97129160546706,0.6021185024920891,0.1259910011678709,-0.0312956759201874,0.016945505649518,0.0004907206400277,0.1170494917707919,-0.074572524338391,-0.0376543350973613,-0.071331821551112,0.0119684112424584,-0.0451543957903241,2.452823588205895,0.2442528735632159,2.2085707146426787,0.0587456271864067,-0.0216641679160419,0.0693233989613144,0.0374462040419834,0.0368712824230748,-0.0079184332815641,0.0144875017454113,-0.005867190412488,0.0186370867991054,0.0408513139953036,-0.009618368110317,0.0051912507620214,0.0583878253663458,0.783922156416704,3.223555602641689,-11.333333333333332,-8.0,-3.333333333333333,0.0,1.0,-1.4605386751613167,-1.5174307668109073,-0.0846089305971518,-0.1407959033812033,-0.0562373510486719,-0.0536306257052621,-0.1477164547620819,0.0579519290854668,0.0024533040299828,0.0256602747178022,-0.18685154958749,-3.1324892096026136,-3.0241736410405284,0.6797005637987191,0.3202994362012809,1,PHI,SF,0,PHI was projected ahead because the strongest inputs for this specific matchup were: Closing spread +6.0 favored PHI; Market win probability 69.6% favored PHI; Division matchup No favored PHI.,"[{""feature"": ""spread_line_clean"", ""label"": ""Closing spread"", ""value"": ""+6.0"", ""direction"": ""PHI"", ""impact"": 0.27017523429286}, {""feature"": ""mkt_home_prob"", ""label"": ""Market win probability"", ""value"": ""69.6%"", ""direction"": ""PHI"", ""impact"": 0.20196015095530515}, {""feature"": ""div_game"", ""label"": ""Division matchup"", ""value"": ""No"", ""direction"": ""PHI"", ""impact"": 0.033315478687335434}]",market_elo_form,5399,18
2025_20_BUF_DEN,2025,20,DEN,BUF,1.0,True,1,7,0,1.5,-120.0,100.0,0.5217391304347826,1,1.5,1,1663.9756772594826,1665.9201312867722,-1.9444540272895663,0.5757650558830794,0.0811605862104816,-0.089787306446108,-0.0044675446426665,-0.0054393474424776,0.025835129870503,0.1405481462020492,-0.0573648138062058,0.0532582689586698,0.0198539227603267,0.0486997292751558,-0.6286346396965854,0.4888327012220799,-1.1174673409186684,-0.0042140750105351,-0.2237937210282343,0.0035021016058962,-0.0693384732671154,-0.0134770132397775,-0.0063675827084626,-0.0078288580415194,-0.0155461776196769,0.0005901089667118,-0.0449778744177,-0.0049276332139611,0.0055875255319868,-0.023270941911621,-0.1994486343095825,0.3038478766030721,-5.0,1.666666666666668,-6.666666666666666,0.0,-1.0,-0.4794384121758073,-0.3949201278132705,-0.1884092572665058,-0.021363942547614,-0.0509615567771875,-0.0529915075318138,-0.2421845970329768,-0.2659577177633047,0.0074758205987441,0.0443866491701295,-0.3739861319038304,-5.439586625386874,8.55093248241888,0.5648868757502599,0.43511312424974014,1,DEN,DEN,1,DEN was projected ahead because the strongest inputs for this specific matchup were: Rest differential +7 days favored DEN; Market win probability 52.2% favored DEN; Closing spread +1.5 favored DEN.,"[{""feature"": ""rest_diff"", ""label"": ""Rest differential"", ""value"": ""+7 days"", ""direction"": ""DEN"", ""impact"": 0.08549887251259711}, {""feature"": ""mkt_home_prob"", ""label"": ""Market win probability"", ""value"": ""52.2%"", ""direction"": ""DEN"", ""impact"": 0.06721402366706694}, {""feature"": ""spread_line_clean"", ""label"": ""Closing spread"", ""value"": ""+1.5"", ""direction"": ""DEN"", ""impact"": 0.04792820216980326}]",market_elo_form,5405,19
2025_20_HOU_NE,2025,20,NE,HOU,1.0,True,1,1,0,3.0,-180.0,150.0,0.6164383561643836,1,3.0,1,1620.0733839597144,1682.119536278403,-62.046152318688655,0.4898611616787275,0.1831010563722837,-0.0259735577804215,0.0392051102426174,-0.0081094057013226,0.1822595018961852,0.7471642575783999,0.2334568039915426,0.1899165181210013,-0.0299707602339181,0.8232275990254581,5.058543417366948,-3.196638655462184,8.25518207282913,0.1984593837535014,0.4355742296918767,0.2787266448825125,-0.0429371685449506,0.1030831757436829,-0.0150703511327576,0.0424845827397497,0.0037111240415361,0.114201585696265,0.0805807469617252,-0.0095847828508553,0.0003386043852174,0.1807653124330119,0.938271527890109,3.1150046492819436,2.666666666666668,-9.666666666666664,12.333333333333332,0.0,0.6666666666666666,1.4294066254833453,-0.5168520580076392,0.2777552616467786,-0.0189577283623607,0.0946957680256245,0.0399936324810028,0.524006637048159,0.0030139446505237,0.0249999999999999,0.0158806106174527,0.622408764690272,7.848672431798284,9.429109331367624,0.6148071386068236,0.38519286139317643,1,NE,NE,1,NE was projected ahead because the strongest inputs for this specific matchup were: Market win probability 61.6% favored NE; Season offensive EPA +0.103 favored NE; Closing spread +3.0 favored NE.,"[{""feature"": ""mkt_home_prob"", ""label"": ""Market win probability"", ""value"": ""61.6%"", ""direction"": ""NE"", ""impact"": 0.07918424118389084}, {""feature"": ""diff_season_epa_per_play"", ""label"": ""Season offensive EPA"", ""value"": ""+0.103"", ""direction"": ""NE"", ""impact"": 0.0651754748066547}, {""feature"": ""spread_line_clean"", ""label"": ""Closing spread"", ""value"": ""+3.0"", ""direction"": ""NE"", ""impact"": 0.05780728057623207}]",market_elo_form,5405,19
2025_20_LA_CHI,2025,20,CHI,LA,0.0,True,1,0,0,-3.5,170.0,-205.0,0.355270821199767,1,-3.5,1,1552.6399240932303,1660.8353330177324,-108.19540892450208,0.4240382987972318,0.0248316466443349,-0.0768063164049223,-0.0105019406753529,9.944988949434077e-07,-0.0440547489700883,0.2070986870099159,0.0298836130966357,0.0208953480640304,-0.049719416386083,0.2149947036352898,-2.9450735651852966,0.3260690858456208,-3.271142651030919,-0.1181237103024812,-0.1890717533175633,-0.5055980707264212,0.1172191352135563,-0.0776846186948137,0.0146107143975052,-0.0402731840630528,0.0059421595029856,-0.1083186455263886,-0.0361443944949292,0.0153712432100666,-0.0111018824391209,-0.1474130596559439,0.216292894307973,-1.80601520854302,-3.3333333333333357,3.333333333333332,-6.666666666666667,-0.3333333333333333,0.3333333333333333,0.2203437843919546,0.6475976786225051,0.0823717281213681,0.2037931712261588,-0.0347552384441033,0.0779531230860849,0.0743102297450563,0.0521612885089253,-0.024840164422316,-0.027212918660287,0.0954098342279925,-0.0086109354520105,0.3905011429146818,0.35939719308650414,0.6406028069134959,0,LA,LA,1,LA was projected ahead because the strongest inputs for this specific matchup were: Closing spread -3.5 favored LA; Market win probability 35.5% favored LA; Recent win rate -33.3% favored LA.,"[{""feature"": ""spread_line_clean"", ""label"": ""Closing spread"", ""value"": ""-3.5"", ""direction"": ""LA"", ""impact"": 0.4003798113232544}, {""feature"": ""mkt_home_prob"", ""label"": ""Market win probability"", ""value"": ""35.5%"", ""direction"": ""LA"", ""impact"": 0.3245621850371043}, {""feature"": ""diff_last3_win_pct"", ""label"": ""Recent win rate"", ""value"": ""-33.3%"", ""direction"": ""LA"", ""impact"": 0.06675098610573593}]",market_elo_form,5405,19
2025_20_SF_SEA,2025,20,SEA,SF,1.0,True,1,8,1,6.5,-305.0,245.0,0.7220792588780237,1,6.5,1,1705.3686858537003,1604.1260932714226,101.24259258227768,0.7108271450023892,0.1223960623358224,-0.0834758657443825,0.0030082391576541,0.0115897769991786,0.0644246483835134,-0.1514029197338307,0.029085696545829,0.0021832132062311,0.055769380710372,-0.0283643194915905,1.0576207560959432,-0.8227526410205321,1.8803733971164704,0.0573549930237193,0.1608697096538435,-0.0900945620135837,0.0398919293853117,0.0080725542279042,-0.0075081334380095,0.0002552473760338,-0.003891418487264,0.0145460253656925,-0.0114934378663169,0.0015077354684859,0.0002502516447289,0.0052306826594048,1.8089256145015593,1.6390369907305902,3.333333333333332,-6.666666666666664,10.0,0.3333333333333333,0.3333333333333332,-0.6060839794855157,-0.9861122037467468,0.0063929318971962,-0.3269421566526591,-0.0042507341100692,-0.0736003879308009,-0.1147214215186437,0.2059389265524244,0.0377194228577826,0.0215241451128547,-0.0017829266340235,-0.17486717456923,-10.839603364735908,0.7085138771141843,0.29148612288581566,1,SEA,SEA,1,SEA was projected ahead because the strongest inputs for this specific matchup were: Closing spread +6.5 favored SEA; Market win probability 72.2% favored SEA; Rest differential +8 days favored SEA.,"[{""feature"": ""spread_line_clean"", ""label"": ""Closing spread"", ""value"": ""+6.5"", ""direction"": ""SEA"", ""impact"": 0.3045234069836478}, {""feature"": ""mkt_home_prob"", ""label"": ""Market win probability"", ""value"": ""72.2%"", ""direction"": ""SEA"", ""impact"": 0.2424975601198398}, {""feature"": ""rest_diff"", ""label"": ""Rest differential"", ""value"": ""+8 days"", ""direction"": ""SEA"", ""impact"": 0.09769655519038277}]",market_elo_form,5405,19
2025_21_LA_SEA,2025,21,SEA,LA,1.0,True,1,1,1,2.5,-142.0,120.0,0.5634920634920635,1,2.5,1,1724.7195293737518,1672.314605347375,52.404924026376875,0.6498255406865477,0.1371998758014279,-0.0686180797978682,0.0076567408437692,0.0032719333510095,0.0802236072855163,0.1584439240407542,0.11996562592039,0.0436154179087495,0.0244164908850817,0.289797831614434,-0.8850047755491879,-1.1618592804839238,0.2768545049347342,-0.0100923272843044,-0.026647564469914,-0.1603552962802874,-0.0805491724216169,-0.0149282652389302,0.0053245081504882,-0.0214669330944268,0.0001931747574218,0.004304128315979,-0.0286802135037414,0.0180737000041239,-0.0081859073432479,-0.023222067350416,2.1235867758657268,-0.6675391278470406,-3.333333333333332,-16.333333333333336,13.0,0.0,-1.0,-0.174299250528807,-1.5169802946918185,-0.020281896958191,-0.397020989829656,0.0259820701880727,-0.0824930995723168,-0.0530516174926965,0.0482999002614621,0.0447004795049109,0.0051477208416936,0.0564196654085185,5.146817204211911,-12.284560894399055,0.536094922659098,0.46390507734090203,1,SEA,SEA,1,SEA was projected ahead because the strongest inputs for this specific matchup were: Recent defensive EPA allowed -0.397 favored SEA; Division matchup Yes favored LA; Elo rating edge +52 Elo favored SEA.,"[{""feature"": ""diff_last3_epa_per_play_allowed"", ""label"": ""Recent defensive EPA allowed"", ""value"": ""-0.397"", ""direction"": ""SEA"", ""impact"": 0.08664447283498497}, {""feature"": ""div_game"", ""label"": ""Division matchup"", ""value"": ""Yes"", ""direction"": ""LA"", ""impact"": 0.05731449777384995}, {""feature"": ""elo_diff"", ""label"": ""Elo rating edge"", ""value"": ""+52 Elo"", ""direction"": ""SEA"", ""impact"": 0.02448297459610251}]",market_elo_form,5409,20
2025_21_NE_DEN,2025,21,DEN,NE,0.0,True,1,1,0,-3.5,170.0,-205.0,0.355270821199767,1,-3.5,1,1675.4609859649445,1646.327074900762,29.133911064182257,0.6187659790696841,0.092783965305329,-0.0786777536062415,-0.0030892638203989,-0.0061071420321981,0.0374430896458381,0.3866584448914559,0.1305139661781831,0.0474560900355123,-0.0611499611499611,0.3002533226681983,-4.503025380037464,2.749954412081628,-7.252979792119093,-0.153548397791887,-0.5557581685261012,-0.2251580969064601,-0.1435206145734264,-0.0866300978926855,0.0052393093248543,-0.0385082891903543,-0.0139281697096017,-0.1054992517390081,-0.0677382527777254,0.0020551952780587,0.0050805336672808,-0.1590608848081789,-0.8887285706594357,-2.4850489093061565,-3.333333333333332,5.666666666666668,-9.000000000000002,0.0,0.3333333333333333,-1.5537227899230637,0.7922777914483845,-0.0165673168153365,0.1472789697242096,-0.0305931831058736,-0.0199537967818618,-0.0394310870283952,-0.0774641789203168,-0.0441919191919191,-0.0468350731394209,-0.0649057490345976,-2.8945635306032385,0.7695871229316515,0.3925233848026069,0.6074766151973932,0,NE,NE,1,NE was projected ahead because the strongest inputs for this specific matchup were: Closing spread -3.5 favored NE; Market win probability 35.5% favored NE; Season offensive EPA -0.087 favored NE.,"[{""feature"": ""spread_line_clean"", ""label"": ""Closing spread"", ""value"": ""-3.5"", ""direction"": ""NE"", ""impact"": 0.3991894691256235}, {""feature"": ""mkt_home_prob"", ""label"": ""Market win probability"", ""value"": ""35.5%"", ""direction"": ""NE"", ""impact"": 0.3262599952998347}, {""feature"": ""diff_season_epa_per_play"", ""label"": ""Season offensive EPA"", ""value"": ""-0.087"", ""direction"": ""NE"", ""impact"": 0.05683446076014107}]",market_elo_form,5409,20
2025_22_SEA_NE,2025,22,NE,SEA,0.0,True,1,0,0,-4.5,195.0,-238.0,0.3249687530045188,1,-4.5,1,1664.165084051434,1735.4665369649797,-71.30145291354575,0.4765575232205864,0.197356101593472,-0.0110477561456094,0.0416340758764421,-0.0074870892684016,0.1952988655645049,0.0854382989733551,-0.0257761411722265,-0.0379087518431781,0.0918401128814014,-0.0813249240647534,3.182658177477119,-1.3351054516514118,4.517763629128531,0.0996657381615598,0.2672184639872662,0.1769516038245919,0.0960910437065845,0.0697849436582976,-0.0007375934892376,0.0343015651134884,0.0062458643120173,0.0653457740424168,0.0643354467571244,-0.0190492589120268,0.0003981030576418,0.1205589234062329,-0.6060636567270835,2.247275457993417,-10.333333333333332,-3.333333333333334,-6.999999999999998,0.0,-0.6666666666666666,-0.9000910598921852,-2.1835931668905824,-0.2970021844377607,-0.1310181981683577,-0.1357251408786634,-0.0610380280638903,-0.4618972095444999,-0.1439107878799612,0.0673330400190654,0.0339094730542099,-0.6476805195609681,-6.337683425649183,3.892613170580843,0.3554728701671911,0.6445271298328089,0,SEA,SEA,1,SEA was projected ahead because the strongest inputs for this specific matchup were: Closing spread -4.5 favored SEA; Market win probability 32.5% favored SEA; Recent offensive success rate -13.6% favored SEA.,"[{""feature"": ""spread_line_clean"", ""label"": ""Closing spread"", ""value"": ""-4.5"", ""direction"": ""SEA"", ""impact"": 0.47075051473987145}, {""feature"": ""mkt_home_prob"", ""label"": ""Market win probability"", ""value"": ""32.5%"", ""direction"": ""SEA"", ""impact"": 0.37270323440458897}, {""feature"": ""diff_last3_success_rate"", ""label"": ""Recent offensive success rate"", ""value"": ""-13.6%"", ""direction"": ""SEA"", ""impact"": 0.0556600529990256}]",market_elo_form,5411,21
